Task,T2353
Scope 1/1, Sample 1/4 (j1)
Result,TitrationEP1
V,t,E,T,dV/dt,E acc. stat.,Volume acc. stat.
0.0000,0,-43.9,21.0,NaN,,
0.0005,1,-44.1,21.0,0.0005,,
0.0025,2,-44.0,21.0,0.0020,,
0.0050,3,-44.0,21.0,0.0025,,
0.0090,4,-44.1,21.0,0.0035,,
0.0150,5,-44.0,21.0,0.0055,,
0.0235,6,-43.6,21.0,0.0075,,
0.0315,7,-43.1,21.0,0.0080,,
0.0395,8,-42.3,21.0,0.0080,,
0.0480,9,-40.8,21.0,0.0075,,
0.0565,10,-39.1,21.0,0.0075,,
0.0650,11,-37.6,21.0,0.0075,,
0.0735,12,-36.1,21.0,0.0085,,
0.0810,13,-34.2,21.0,0.0075,,
0.0895,14,-32.1,21.0,0.0085,,
0.0980,15,-29.8,21.0,0.0075,,
0.1065,16,-27.4,21.0,0.0075,,
0.1150,17,-25.1,21.0,0.0075,,
0.1225,18,-22.7,21.0,0.0075,,
0.1310,19,-20.0,21.0,0.0085,,
0.1395,20,-17.1,21.0,0.0075,,
0.1475,21,-14.0,21.0,0.0075,,
0.1560,22,-11.2,21.0,0.0075,,
0.1645,23,-8.6,21.0,0.0075,,
0.1720,24,-5.9,21.0,0.0075,,
0.1805,25,-2.7,21.0,0.0085,,
0.1890,26,-0.1,21.0,0.0075,,
0.1975,27,1.7,21.0,0.0075,,
0.2060,28,4.1,21.0,0.0075,,
0.2135,29,5.6,21.0,0.0075,,
0.2220,30,6.9,21.0,0.0085,,
0.2305,31,8.5,21.0,0.0075,,
0.2390,32,10.2,21.0,0.0075,,
0.2475,33,11.8,21.0,0.0075,,
0.2555,34,12.9,21.0,0.0075,,
0.2635,35,14.1,21.0,0.0080,,
0.2715,36,15.3,21.0,0.0080,,
0.2800,37,16.5,21.0,0.0075,,
0.2885,38,17.7,21.0,0.0075,,
0.2970,39,18.9,21.0,0.0075,,
0.3045,40,19.6,21.0,0.0075,,
0.3130,41,20.6,21.0,0.0085,,
0.3215,42,21.7,21.0,0.0085,,
0.3300,43,22.6,21.0,0.0075,,
0.3385,44,23.6,21.0,0.0075,,
0.3470,45,24.4,21.0,0.0075,,
0.3545,46,25.3,21.0,0.0075,,
0.3630,47,26.2,21.0,0.0085,,
0.3710,48,27.3,21.0,0.0075,,
0.3795,49,28.2,21.0,0.0075,,
0.3880,50,29.1,21.0,0.0075,,
0.3965,51,30.0,21.0,0.0075,,
0.4040,52,31.0,21.0,0.0075,,
0.4125,53,31.8,21.0,0.0085,,
0.4210,54,32.7,21.0,0.0075,,
0.4295,55,33.5,21.0,0.0075,,
0.4380,56,34.3,21.0,0.0075,,
0.4465,57,35.0,21.0,0.0085,,
0.4540,58,35.9,21.0,0.0075,,
0.4625,59,36.7,21.0,0.0085,,
0.4705,60,37.5,21.0,0.0075,,
0.4790,61,38.3,21.0,0.0075,,
0.4875,62,39.0,21.0,0.0075,,
0.4960,63,39.6,21.0,0.0085,,
0.5035,64,40.3,21.0,0.0075,,
0.5120,65,41.1,21.0,0.0085,,
0.5205,66,41.8,21.0,0.0075,,
0.5290,67,42.6,21.0,0.0075,,
0.5375,68,43.3,21.0,0.0075,,
0.5450,69,44.1,21.0,0.0075,,
0.5535,70,44.7,21.0,0.0085,,
0.5620,71,45.4,21.0,0.0075,,
0.5705,72,46.3,21.0,0.0075,,
0.5785,73,47.2,21.0,0.0075,,
0.5870,74,47.9,21.0,0.0075,,
0.5945,75,48.4,21.0,0.0075,,
0.6030,76,49.1,21.0,0.0085,,
0.6115,77,50.0,21.0,0.0075,,
0.6200,78,50.7,21.0,0.0075,,
0.6285,79,51.4,21.0,0.0075,,
0.6370,80,52.1,21.0,0.0085,,
0.6445,81,52.7,21.0,0.0075,,
0.6530,82,53.4,21.0,0.0085,,
0.6615,83,54.2,21.0,0.0075,,
0.6700,84,54.8,21.0,0.0075,,
0.6780,85,55.4,21.0,0.0075,,
0.6860,86,56.0,21.0,0.0080,,
0.6945,87,56.7,21.0,0.0085,,
0.7025,88,57.5,21.0,0.0075,,
0.7110,89,58.2,21.0,0.0075,,
0.7195,90,59.0,21.0,0.0075,,
0.7280,91,59.7,21.0,0.0075,,
0.7355,92,60.2,21.0,0.0075,,
0.7440,93,60.9,21.0,0.0085,,
0.7525,94,61.6,21.0,0.0075,,
0.7610,95,62.3,21.0,0.0075,,
0.7695,96,62.9,21.0,0.0075,,
0.7775,97,63.4,21.0,0.0080,,
0.7855,98,64.1,21.0,0.0080,,
0.7940,99,64.9,21.0,0.0085,,
0.8020,100,65.7,21.0,0.0075,,
0.8105,101,66.4,21.0,0.0075,,
0.8190,102,67.2,21.0,0.0075,,
0.8265,103,67.7,21.0,0.0075,,
0.8350,104,68.4,21.0,0.0085,,
0.8435,105,69.2,21.0,0.0075,,
0.8520,106,69.8,21.0,0.0075,,
0.8605,107,70.7,21.0,0.0075,,
0.8690,108,71.4,21.0,0.0075,,
0.8765,109,72.1,21.0,0.0075,,
0.8850,110,72.8,21.0,0.0085,,
0.8935,111,73.5,21.0,0.0075,,
0.9020,112,74.3,21.0,0.0075,,
0.9100,113,75.1,21.0,0.0075,,
0.9185,114,75.8,21.0,0.0085,,
0.9260,115,76.6,21.0,0.0075,,
0.9345,116,77.3,21.0,0.0085,,
0.9430,117,78.1,21.0,0.0075,,
0.9515,118,78.7,21.0,0.0075,,
0.9600,119,79.7,21.0,0.0075,,
0.9675,120,80.6,21.0,0.0075,,
0.9760,121,81.1,21.0,0.0085,,
0.9845,122,81.9,21.0,0.0075,,
0.9930,123,83.1,21.0,0.0075,,
1.0015,124,84.1,21.0,0.0075,,
1.0095,125,84.7,21.0,0.0080,,
1.0175,126,85.6,21.0,0.0080,,
1.0260,127,86.5,21.0,0.0085,,
1.0340,128,87.3,21.0,0.0075,,
1.0425,129,88.1,21.0,0.0075,,
1.0510,130,89.2,21.0,0.0075,,
1.0585,131,90.0,21.0,0.0075,,
1.0670,132,90.9,21.0,0.0085,,
1.0755,133,91.8,21.0,0.0075,,
1.0840,134,93.0,21.0,0.0075,,
1.0925,135,93.7,21.0,0.0075,,
1.1010,136,94.8,21.0,0.0085,,
1.1085,137,95.8,21.0,0.0075,,
1.1170,138,97.3,21.0,0.0085,,
1.1255,139,98.5,21.0,0.0075,,
1.1340,140,99.8,21.0,0.0075,,
1.1420,141,100.9,21.0,0.0075,,
1.1505,142,101.8,21.0,0.0085,,
1.1580,143,103.4,21.0,0.0075,,
1.1665,144,104.8,21.0,0.0075,,
1.1750,145,106.5,21.0,0.0075,,
1.1835,146,108.2,21.0,0.0075,,
1.1920,147,109.5,21.0,0.0075,,
1.1995,148,110.9,21.0,0.0075,,
1.2080,149,112.5,21.0,0.0085,,
1.2165,150,114.8,21.0,0.0075,,
1.2250,151,116.1,21.0,0.0075,,
1.2335,152,117.9,21.0,0.0075,,
1.2415,153,120.3,21.0,0.0075,,
1.2495,154,122.6,21.0,0.0080,,
1.2575,155,125.3,21.0,0.0080,,
1.2660,156,127.0,21.0,0.0075,,
1.2745,157,129.1,21.0,0.0075,,
1.2830,158,132.2,21.0,0.0075,,
1.2915,159,135.2,21.0,0.0075,,
1.2990,160,137.4,21.0,0.0075,,
1.3075,161,141.0,21.0,0.0085,,
1.3160,162,144.9,21.0,0.0075,,
1.3245,163,147.7,21.0,0.0075,,
1.3325,164,151.2,21.0,0.0075,,
1.3410,165,154.9,21.0,0.0075,,
1.3490,166,157.6,21.0,0.0080,,
1.3570,167,160.9,21.0,0.0080,,
1.3655,168,164.4,21.0,0.0075,,
1.3740,169,167.2,21.0,0.0075,,
1.3825,170,170.1,21.0,0.0075,,
1.3900,171,172.6,21.0,0.0075,,
1.3985,172,175.2,21.0,0.0085,,
1.4070,173,177.4,21.0,0.0075,,
1.4155,174,179.9,21.0,0.0075,,
1.4240,175,181.7,21.0,0.0075,,
1.4325,176,183.9,21.0,0.0075,,
1.4395,177,185.1,21.0,0.0070,,
1.4395,417,188.7,21.0,0.0000,,
1.4400,418,188.8,21.0,0.0005,,
1.4415,419,188.7,21.0,0.0015,,
1.4440,420,188.6,21.0,0.0020,,
1.4485,421,188.8,21.0,0.0035,,
1.4545,422,189.2,21.0,0.0050,,
1.4630,423,189.8,21.0,0.0075,,
1.4705,424,191.0,21.0,0.0070,,
1.4790,425,192.3,21.0,0.0075,,
1.4875,426,194.1,21.0,0.0070,,
1.4960,427,195.2,21.0,0.0070,,
1.5045,428,196.6,21.0,0.0070,,
1.5120,429,197.5,21.0,0.0070,,
1.5205,430,198.7,21.0,0.0075,,
1.5290,431,199.8,21.0,0.0075,,
1.5370,432,200.8,21.0,0.0065,,
1.5455,433,201.9,21.0,0.0070,,
1.5540,434,202.8,21.0,0.0070,,
1.5615,435,203.4,21.0,0.0070,,
1.5700,436,204.2,21.0,0.0075,,
1.5785,437,205.3,21.0,0.0070,,
1.5870,438,206.1,21.0,0.0070,,
1.5955,439,206.9,21.0,0.0070,,
1.6040,440,207.6,21.0,0.0070,,
1.6115,441,208.2,21.0,0.0070,,
1.6200,442,209.2,21.0,0.0075,,
1.6285,443,210.0,21.0,0.0070,,
1.6370,444,210.7,21.0,0.0070,,
1.6450,445,211.4,21.0,0.0065,,
1.6530,446,212.0,21.0,0.0075,,
1.6610,447,212.6,21.0,0.0075,,
1.6695,448,213.2,21.0,0.0075,,
1.6780,449,213.9,21.0,0.0070,,
1.6865,450,214.5,21.0,0.0070,,
1.6950,451,215.2,21.0,0.0070,,
1.7025,452,215.7,21.0,0.0070,,
1.7110,453,216.2,21.0,0.0075,,
1.7195,454,216.7,21.0,0.0075,,
1.7280,455,217.2,21.0,0.0070,,
1.7360,456,217.7,21.0,0.0065,,
1.7445,457,218.3,21.0,0.0070,,
1.7525,458,218.7,21.0,0.0075,,
1.7605,459,219.2,21.0,0.0075,,
1.7690,460,219.8,21.0,0.0070,,
1.7775,461,220.4,21.0,0.0070,,
1.7860,462,220.8,21.0,0.0070,,
1.7945,463,221.4,21.0,0.0075,,
1.8020,464,221.7,21.0,0.0070,,
1.8105,465,222.2,21.0,0.0075,,
1.8190,466,222.6,21.0,0.0070,,
1.8275,467,222.9,21.0,0.0070,,
1.8360,468,223.4,21.0,0.0070,,
1.8435,469,223.7,21.0,0.0070,,
1.8520,470,224.2,21.0,0.0075,,
1.8600,471,224.6,21.0,0.0075,,
1.8685,472,225.0,21.0,0.0070,,
1.8770,473,225.3,21.0,0.0070,,
1.8855,474,225.7,21.0,0.0070,,
1.8930,475,226.0,21.0,0.0070,,
1.9015,476,226.5,21.0,0.0075,,
1.9100,477,227.0,21.0,0.0070,,
1.9185,478,227.3,21.0,0.0070,,
1.9270,479,227.7,21.0,0.0070,,
1.9355,480,228.1,21.0,0.0070,,
1.9430,481,228.4,21.0,0.0070,,
1.9515,482,228.7,21.0,0.0075,,
1.9600,483,228.9,21.0,0.0070,,
1.9680,484,229.3,21.0,0.0065,,
1.9765,485,229.6,21.0,0.0070,,
1.9840,486,230.0,21.0,0.0070,,
1.9925,487,230.2,21.0,0.0075,,
2.0010,488,230.5,21.0,0.0075,,
2.0095,489,230.8,21.0,0.0070,,
2.0180,490,231.2,21.0,0.0070,,
2.0265,491,231.6,21.0,0.0070,,
2.0340,492,231.9,21.0,0.0070,,
2.0425,493,232.2,21.0,0.0075,,
2.0510,494,232.4,21.0,0.0075,,
2.0595,495,232.7,21.0,0.0070,,
2.0675,496,233.0,21.0,0.0065,,
2.0760,497,233.3,21.0,0.0070,,
2.0835,498,233.5,21.0,0.0070,,
2.0920,499,233.9,21.0,0.0075,,
2.0990,500,234.1,21.0,0.0060,,
2.1045,501,234.3,21.0,0.0045,,
2.1065,502,234.5,21.0,0.0015,,
2.1075,503,234.6,21.0,0.0010,,
2.1080,504,234.7,21.0,0.0005,,
2.1090,505,234.7,21.0,0.0010,,
2.1105,506,234.7,21.0,0.0010,,
2.1130,507,234.7,21.0,0.0020,,
2.1165,508,234.8,21.0,0.0030,,
2.1210,509,234.9,21.0,0.0040,,
2.1235,510,235.0,21.0,0.0040,,
Scope 1/1, Sample 2/4 (j2)
Result,TitrationEP1
V,t,E,T,dV/dt,E acc. stat.,Volume acc. stat.
0.0000,0,-44.8,20.9,NaN,,
0.0010,1,-44.7,20.9,0.0010,,
0.0025,2,-44.7,20.9,0.0015,,
0.0050,3,-44.7,20.9,0.0025,,
0.0090,4,-44.7,20.9,0.0035,,
0.0150,5,-44.5,20.9,0.0055,,
0.0235,6,-43.9,20.9,0.0075,,
0.0320,7,-42.9,20.9,0.0075,,
0.0405,8,-41.6,20.9,0.0075,,
0.0480,9,-40.2,20.9,0.0070,,
0.0565,10,-38.5,20.9,0.0075,,
0.0650,11,-36.7,20.9,0.0075,,
0.0735,12,-35.0,20.9,0.0075,,
0.0820,13,-33.1,20.9,0.0075,,
0.0905,14,-30.7,20.9,0.0075,,
0.0980,15,-28.5,20.9,0.0070,,
0.1065,16,-25.8,20.9,0.0075,,
0.1150,17,-23.0,20.9,0.0075,,
0.1230,18,-20.1,20.9,0.0075,,
0.1315,19,-17.2,20.9,0.0075,,
0.1390,20,-14.6,20.9,0.0075,,
0.1475,21,-11.5,20.9,0.0075,,
0.1560,22,-8.6,20.9,0.0075,,
0.1645,23,-5.4,20.9,0.0075,,
0.1730,24,-2.3,20.9,0.0075,,
0.1815,25,0.0,20.9,0.0075,,
0.1890,26,1.8,20.9,0.0070,,
0.1975,27,4.0,20.9,0.0075,,
0.2060,28,5.8,20.9,0.0075,,
0.2140,29,7.1,20.9,0.0075,,
0.2225,30,8.5,20.9,0.0075,,
0.2310,31,10.1,20.9,0.0075,,
0.2385,32,11.5,20.9,0.0070,,
0.2470,33,12.8,20.9,0.0075,,
0.2555,34,14.1,20.9,0.0075,,
0.2640,35,15.2,20.9,0.0075,,
0.2725,36,16.2,20.9,0.0075,,
0.2810,37,17.2,20.9,0.0075,,
0.2885,38,18.2,20.9,0.0070,,
0.2970,39,19.2,20.9,0.0075,,
0.3055,40,20.1,20.9,0.0075,,
0.3135,41,21.0,20.9,0.0075,,
0.3220,42,22.1,20.9,0.0075,,
0.3300,43,23.0,20.9,0.0075,,
0.3380,44,24.0,20.9,0.0075,,
0.3465,45,25.0,20.9,0.0075,,
0.3550,46,25.9,20.9,0.0075,,
0.3635,47,26.6,20.9,0.0075,,
0.3720,48,27.5,20.9,0.0075,,
0.3795,49,28.3,20.9,0.0070,,
0.3880,50,29.1,20.9,0.0075,,
0.3965,51,29.9,20.9,0.0075,,
0.4050,52,30.8,20.9,0.0075,,
0.4135,53,31.6,20.9,0.0075,,
0.4215,54,32.4,20.9,0.0080,,
0.4295,55,33.2,20.9,0.0075,,
0.4380,56,34.1,20.9,0.0075,,
0.4460,57,35.1,20.9,0.0075,,
0.4545,58,35.8,20.9,0.0075,,
0.4630,59,36.6,20.9,0.0075,,
0.4705,60,37.3,20.9,0.0070,,
0.4790,61,38.2,20.9,0.0075,,
0.4875,62,39.0,20.9,0.0075,,
0.4960,63,39.8,20.9,0.0075,,
0.5045,64,40.6,20.9,0.0075,,
0.5130,65,41.3,20.9,0.0075,,
0.5205,66,42.1,20.9,0.0070,,
0.5290,67,42.7,20.9,0.0075,,
0.5375,68,43.4,20.9,0.0075,,
0.5460,69,44.2,20.9,0.0075,,
0.5540,70,45.0,20.9,0.0075,,
0.5625,71,45.6,20.9,0.0085,,
0.5700,72,46.3,20.9,0.0070,,
0.5785,73,46.8,21.0,0.0075,,
0.5870,74,47.5,20.9,0.0075,,
0.5955,75,48.4,20.9,0.0075,,
0.6040,76,49.0,20.9,0.0075,,
0.6115,77,49.5,20.9,0.0070,,
0.6200,78,50.2,20.9,0.0075,,
0.6285,79,51.1,20.9,0.0075,,
0.6370,80,51.8,20.9,0.0075,,
0.6455,81,52.5,20.9,0.0075,,
0.6540,82,53.1,20.9,0.0085,,
0.6615,83,53.8,20.9,0.0070,,
0.6700,84,54.5,20.9,0.0075,,
0.6780,85,55.2,20.9,0.0075,,
0.6865,86,55.9,20.9,0.0075,,
0.6950,87,56.5,20.9,0.0075,,
0.7025,88,57.1,20.9,0.0070,,
0.7110,89,57.9,20.9,0.0075,,
0.7195,90,58.7,20.9,0.0075,,
0.7280,91,59.4,20.9,0.0075,,
0.7365,92,60.1,20.9,0.0075,,
0.7450,93,60.7,20.9,0.0075,,
0.7525,94,61.2,20.9,0.0070,,
0.7610,95,61.8,21.0,0.0075,,
0.7695,96,62.7,20.9,0.0075,,
0.7780,97,63.4,20.9,0.0075,,
0.7860,98,64.0,20.9,0.0075,,
0.7945,99,64.7,20.9,0.0085,,
0.8020,100,65.5,20.9,0.0070,,
0.8105,101,66.1,20.9,0.0075,,
0.8190,102,66.7,20.9,0.0075,,
0.8275,103,67.5,21.0,0.0075,,
0.8360,104,68.1,20.9,0.0075,,
0.8435,105,68.9,21.0,0.0070,,
0.8520,106,69.6,21.0,0.0075,,
0.8605,107,70.3,21.0,0.0075,,
0.8690,108,71.2,21.0,0.0075,,
0.8775,109,71.8,21.0,0.0075,,
0.8850,110,72.5,21.0,0.0075,,
0.8935,111,73.3,21.0,0.0075,,
0.9020,112,74.0,21.0,0.0075,,
0.9105,113,74.8,21.0,0.0075,,
0.9185,114,75.5,21.0,0.0075,,
0.9270,115,76.2,21.0,0.0075,,
0.9345,116,76.9,21.0,0.0070,,
0.9430,117,77.8,21.0,0.0075,,
0.9515,118,78.6,21.0,0.0075,,
0.9600,119,79.6,21.0,0.0075,,
0.9685,120,80.4,21.0,0.0075,,
0.9770,121,81.1,21.0,0.0085,,
0.9845,122,81.8,21.0,0.0070,,
0.9930,123,82.7,21.0,0.0075,,
1.0015,124,83.9,21.0,0.0075,,
1.0100,125,84.7,21.0,0.0075,,
1.0180,126,85.6,21.0,0.0075,,
1.0260,127,86.3,21.0,0.0075,,
1.0345,128,87.1,21.0,0.0075,,
1.0430,129,88.2,21.0,0.0075,,
1.0510,130,89.0,21.0,0.0075,,
1.0595,131,90.0,21.0,0.0075,,
1.0680,132,91.2,21.0,0.0075,,
1.0755,133,92.0,21.0,0.0070,,
1.0840,134,93.1,21.0,0.0075,,
1.0925,135,94.0,21.0,0.0075,,
1.1010,136,95.4,21.0,0.0075,,
1.1095,137,96.3,21.0,0.0075,,
1.1180,138,97.2,21.0,0.0085,,
1.1255,139,98.8,21.0,0.0070,,
1.1340,140,100.0,21.0,0.0075,,
1.1425,141,101.2,21.0,0.0075,,
1.1505,142,102.7,21.0,0.0075,,
1.1590,143,104.3,21.0,0.0075,,
1.1670,144,105.3,21.0,0.0075,,
1.1750,145,106.6,21.0,0.0075,,
1.1835,146,108.5,21.0,0.0075,,
1.1920,147,109.7,21.0,0.0075,,
1.2005,148,110.9,21.0,0.0075,,
1.2090,149,112.4,21.0,0.0085,,
1.2165,150,114.2,21.0,0.0070,,
1.2250,151,116.1,21.0,0.0075,,
1.2335,152,118.0,21.0,0.0075,,
1.2420,153,120.4,21.0,0.0075,,
1.2505,154,123.1,21.0,0.0075,,
1.2580,155,125.3,21.0,0.0070,,
1.2665,156,127.1,21.0,0.0075,,
1.2745,157,129.8,21.0,0.0075,,
1.2830,158,132.4,21.0,0.0075,,
1.2915,159,134.6,21.0,0.0075,,
1.3000,160,138.2,21.0,0.0075,,
1.3075,161,141.2,21.0,0.0070,,
1.3160,162,144.5,21.0,0.0075,,
1.3245,163,147.3,21.0,0.0075,,
1.3330,164,151.0,21.0,0.0075,,
1.3415,165,154.8,21.0,0.0075,,
1.3500,166,157.6,21.0,0.0085,,
1.3575,167,161.0,21.0,0.0070,,
1.3660,168,163.8,21.0,0.0075,,
1.3745,169,166.8,21.0,0.0075,,
1.3825,170,169.4,21.0,0.0075,,
1.3910,171,172.4,21.0,0.0075,,
1.3985,172,174.7,21.0,0.0070,,
1.4070,173,176.9,21.0,0.0075,,
1.4155,174,179.4,21.0,0.0075,,
1.4240,175,181.7,21.0,0.0075,,
1.4325,176,183.6,21.0,0.0075,,
1.4420,177,185.2,21.0,0.0075,,
1.4420,417,188.4,21.0,0.0000,,
1.4425,418,188.4,21.0,0.0005,,
1.4440,419,188.5,21.0,0.0010,,
1.4465,420,188.5,21.0,0.0020,,
1.4510,421,188.6,21.0,0.0030,,
1.4570,422,189.0,21.0,0.0045,,
1.4655,423,189.8,21.0,0.0065,,
1.4730,424,191.0,21.0,0.0060,,
1.4815,425,192.4,21.0,0.0065,,
1.4900,426,193.8,21.0,0.0060,,
1.4985,427,195.1,21.0,0.0060,,
1.5070,428,196.3,21.0,0.0060,,
1.5145,429,197.2,21.0,0.0060,,
1.5230,430,198.4,21.0,0.0065,,
1.5315,431,199.5,21.0,0.0065,,
1.5395,432,200.4,21.0,0.0055,,
1.5480,433,201.4,21.0,0.0060,,
1.5565,434,202.4,21.0,0.0060,,
1.5640,435,203.2,21.0,0.0060,,
1.5725,436,204.3,21.0,0.0065,,
1.5810,437,205.1,21.0,0.0060,,
1.5895,438,206.0,21.0,0.0060,,
1.5980,439,206.7,21.0,0.0060,,
1.6065,440,207.5,21.0,0.0060,,
1.6140,441,208.0,21.0,0.0060,,
1.6225,442,208.9,21.0,0.0065,,
1.6310,443,209.5,21.0,0.0060,,
1.6395,444,210.2,21.0,0.0060,,
1.6475,445,210.9,21.0,0.0055,,
1.6555,446,211.6,21.0,0.0060,,
1.6635,447,212.3,21.0,0.0060,,
1.6720,448,212.9,21.0,0.0065,,
1.6805,449,213.4,21.0,0.0060,,
1.6890,450,214.0,21.0,0.0060,,
1.6975,451,214.6,21.0,0.0060,,
1.7050,452,215.1,21.0,0.0060,,
1.7135,453,215.8,21.0,0.0065,,
1.7220,454,216.4,21.0,0.0065,,
1.7305,455,216.9,21.0,0.0060,,
1.7390,456,217.4,21.0,0.0060,,
1.7470,457,217.9,21.0,0.0055,,
1.7550,458,218.4,21.0,0.0060,,
1.7630,459,218.9,21.0,0.0060,,
1.7715,460,219.4,21.0,0.0060,,
1.7800,461,219.7,21.0,0.0060,,
1.7885,462,220.2,21.0,0.0060,,
1.7970,463,220.7,21.0,0.0065,,
1.8045,464,221.2,21.0,0.0060,,
1.8130,465,221.6,21.0,0.0065,,
1.8215,466,222.0,21.0,0.0060,,
1.8300,467,222.5,21.0,0.0060,,
1.8385,468,223.0,21.0,0.0060,,
1.8460,469,223.3,21.0,0.0060,,
1.8545,470,223.7,21.0,0.0065,,
1.8625,471,224.0,21.0,0.0060,,
1.8710,472,224.5,21.0,0.0060,,
1.8795,473,224.9,21.0,0.0060,,
1.8880,474,225.3,21.0,0.0060,,
1.8955,475,225.6,21.0,0.0060,,
1.9040,476,225.9,21.0,0.0065,,
1.9125,477,226.4,21.0,0.0065,,
1.9210,478,226.8,21.0,0.0060,,
1.9295,479,227.1,21.0,0.0060,,
1.9375,480,227.5,21.0,0.0055,,
1.9455,481,227.8,21.0,0.0060,,
1.9540,482,228.1,21.0,0.0065,,
1.9620,483,228.4,21.0,0.0060,,
1.9705,484,228.7,21.0,0.0060,,
1.9790,485,229.0,21.0,0.0060,,
1.9875,486,229.4,21.0,0.0065,,
1.9950,487,229.7,21.0,0.0060,,
2.0035,488,230.0,21.0,0.0065,,
2.0120,489,230.3,21.0,0.0060,,
2.0205,490,230.6,21.0,0.0060,,
2.0290,491,230.9,21.0,0.0060,,
2.0365,492,231.2,21.0,0.0060,,
2.0450,493,231.5,21.0,0.0065,,
2.0535,494,231.8,21.0,0.0065,,
2.0620,495,232.1,21.0,0.0060,,
2.0700,496,232.5,21.0,0.0055,,
2.0785,497,232.8,21.0,0.0060,,
2.0860,498,233.0,21.0,0.0060,,
2.0945,499,233.2,21.0,0.0065,,
2.1030,500,233.5,21.0,0.0060,,
2.1115,501,233.8,21.0,0.0060,,
2.1190,502,234.0,21.0,0.0055,,
2.1240,503,234.3,21.0,0.0040,,
2.1275,504,234.5,21.0,0.0025,,
2.1285,505,234.6,21.0,0.0010,,
2.1290,506,234.6,21.0,0.0005,,
2.1295,507,234.7,21.0,0.0005,,
2.1310,508,234.8,21.0,0.0010,,
2.1330,509,234.8,21.0,0.0015,,
2.1365,510,234.8,21.0,0.0025,,
2.1405,511,234.9,21.0,0.0030,,
2.1425,512,235.0,21.0,0.0020,,
Scope 1/1, Sample 3/4 (j3)
Result,TitrationEP1
V,t,E,T,dV/dt,E acc. stat.,Volume acc. stat.
0.0000,0,-45.2,20.9,NaN,,
0.0005,1,-45.3,20.9,0.0005,,
0.0025,2,-45.2,20.9,0.0020,,
0.0050,3,-45.2,20.9,0.0025,,
0.0085,4,-45.2,20.9,0.0030,,
0.0150,5,-45.0,20.9,0.0060,,
0.0230,6,-44.7,20.9,0.0075,,
0.0310,7,-43.9,20.9,0.0080,,
0.0390,8,-42.9,20.9,0.0080,,
0.0475,9,-41.5,20.9,0.0075,,
0.0560,10,-40.0,20.9,0.0075,,
0.0645,11,-38.0,20.9,0.0075,,
0.0730,12,-36.3,20.9,0.0085,,
0.0805,13,-34.4,20.9,0.0075,,
0.0890,14,-32.3,20.9,0.0085,,
0.0975,15,-29.8,20.9,0.0075,,
0.1060,16,-27.2,20.9,0.0075,,
0.1140,17,-24.4,20.9,0.0075,,
0.1225,18,-22.1,20.9,0.0085,,
0.1305,19,-19.5,20.9,0.0080,,
0.1385,20,-16.7,20.9,0.0080,,
0.1470,21,-13.5,20.9,0.0075,,
0.1555,22,-10.4,20.9,0.0075,,
0.1640,23,-7.5,20.9,0.0075,,
0.1715,24,-4.8,20.9,0.0075,,
0.1800,25,-2.1,20.9,0.0085,,
0.1885,26,0.1,20.9,0.0075,,
0.1970,27,1.8,20.9,0.0075,,
0.2055,28,3.7,20.9,0.0075,,
0.2140,29,5.2,20.9,0.0085,,
0.2215,30,6.6,20.9,0.0075,,
0.2300,31,8.0,20.9,0.0075,,
0.2385,32,9.5,20.9,0.0075,,
0.2465,33,10.9,20.9,0.0075,,
0.2550,34,12.2,20.9,0.0075,,
0.2625,35,13.2,20.9,0.0075,,
0.2710,36,14.2,20.9,0.0085,,
0.2795,37,15.3,20.9,0.0075,,
0.2880,38,16.4,20.9,0.0075,,
0.2965,39,17.4,20.9,0.0075,,
0.3050,40,18.4,20.9,0.0075,,
0.3125,41,19.3,20.9,0.0075,,
0.3210,42,20.3,20.9,0.0085,,
0.3295,43,21.3,20.9,0.0075,,
0.3380,44,22.2,20.9,0.0075,,
0.3460,45,23.1,20.9,0.0075,,
0.3545,46,23.9,20.9,0.0085,,
0.3625,47,24.8,20.9,0.0080,,
0.3705,48,25.8,20.9,0.0080,,
0.3790,49,26.8,20.9,0.0075,,
0.3875,50,27.8,20.9,0.0075,,
0.3960,51,28.6,20.9,0.0075,,
0.4035,52,29.3,20.9,0.0075,,
0.4120,53,30.2,20.9,0.0085,,
0.4205,54,31.2,20.9,0.0075,,
0.4290,55,32.0,20.9,0.0075,,
0.4375,56,32.8,20.9,0.0075,,
0.4460,57,33.6,20.9,0.0085,,
0.4535,58,34.4,20.9,0.0075,,
0.4620,59,35.3,20.9,0.0085,,
0.4705,60,36.1,20.9,0.0075,,
0.4790,61,36.9,20.9,0.0075,,
0.4870,62,37.7,20.9,0.0075,,
0.4950,63,38.4,20.9,0.0080,,
0.5030,64,39.3,20.9,0.0080,,
0.5115,65,40.0,20.9,0.0075,,
0.5200,66,40.7,20.9,0.0075,,
0.5285,67,41.5,20.9,0.0075,,
0.5370,68,42.1,20.9,0.0085,,
0.5445,69,42.9,20.9,0.0075,,
0.5530,70,43.7,20.9,0.0085,,
0.5615,71,44.3,20.9,0.0075,,
0.5700,72,45.1,20.9,0.0075,,
0.5780,73,45.9,20.9,0.0075,,
0.5865,74,46.6,20.9,0.0085,,
0.5945,75,47.2,20.9,0.0080,,
0.6025,76,47.9,20.9,0.0080,,
0.6110,77,48.7,20.9,0.0075,,
0.6195,78,49.4,20.9,0.0075,,
0.6280,79,50.2,20.9,0.0075,,
0.6355,80,50.8,20.9,0.0075,,
0.6440,81,51.5,20.9,0.0085,,
0.6525,82,52.2,20.9,0.0075,,
0.6610,83,53.0,20.9,0.0075,,
0.6695,84,53.7,20.9,0.0075,,
0.6780,85,54.3,20.9,0.0075,,
0.6855,86,54.9,20.9,0.0075,,
0.6940,87,55.5,20.9,0.0085,,
0.7020,88,56.2,20.9,0.0075,,
0.7105,89,57.1,20.9,0.0075,,
0.7190,90,57.8,20.9,0.0075,,
0.7275,91,58.5,20.9,0.0085,,
0.7350,92,59.2,20.9,0.0075,,
0.7435,93,59.8,20.9,0.0075,,
0.7520,94,60.5,20.9,0.0075,,
0.7605,95,61.2,20.9,0.0075,,
0.7690,96,61.9,20.9,0.0075,,
0.7765,97,62.4,20.9,0.0075,,
0.7850,98,63.1,20.9,0.0085,,
0.7935,99,64.1,20.9,0.0075,,
0.8020,100,64.8,20.9,0.0075,,
0.8105,101,65.5,20.9,0.0075,,
0.8185,102,66.2,20.9,0.0080,,
0.8265,103,66.9,20.9,0.0080,,
0.8345,104,67.5,20.9,0.0080,,
0.8430,105,68.2,20.9,0.0075,,
0.8515,106,68.9,20.9,0.0075,,
0.8600,107,69.6,21.0,0.0075,,
0.8675,108,70.2,20.9,0.0075,,
0.8760,109,71.0,20.9,0.0085,,
0.8845,110,71.9,20.9,0.0075,,
0.8930,111,72.6,20.9,0.0075,,
0.9015,112,73.4,20.9,0.0075,,
0.9100,113,74.2,20.9,0.0075,,
0.9175,114,74.8,20.9,0.0075,,
0.9260,115,75.6,20.9,0.0085,,
0.9340,116,76.4,20.9,0.0075,,
0.9425,117,77.4,20.9,0.0075,,
0.9510,118,78.2,21.0,0.0075,,
0.9595,119,79.0,21.0,0.0075,,
0.9670,120,79.8,20.9,0.0075,,
0.9755,121,80.6,20.9,0.0085,,
0.9840,122,81.4,21.0,0.0075,,
0.9925,123,82.3,21.0,0.0075,,
1.0010,124,83.2,20.9,0.0075,,
1.0085,125,83.9,20.9,0.0075,,
1.0170,126,84.8,21.0,0.0085,,
1.0255,127,86.0,21.0,0.0085,,
1.0340,128,86.9,21.0,0.0075,,
1.0420,129,87.8,21.0,0.0075,,
1.0505,130,88.8,21.0,0.0075,,
1.0585,131,89.6,21.0,0.0080,,
1.0665,132,90.5,21.0,0.0080,,
1.0750,133,91.3,21.0,0.0075,,
1.0835,134,92.9,21.0,0.0075,,
1.0920,135,94.0,21.0,0.0075,,
1.1005,136,95.0,21.0,0.0085,,
1.1080,137,96.2,21.0,0.0075,,
1.1165,138,97.4,21.0,0.0085,,
1.1250,139,98.7,21.0,0.0075,,
1.1335,140,99.9,21.0,0.0075,,
1.1420,141,100.9,21.0,0.0075,,
1.1495,142,102.4,21.0,0.0075,,
1.1580,143,103.6,21.0,0.0085,,
1.1660,144,105.2,21.0,0.0075,,
1.1745,145,107.4,21.0,0.0075,,
1.1830,146,108.7,21.0,0.0075,,
1.1915,147,110.4,21.0,0.0085,,
1.1990,148,112.3,21.0,0.0075,,
1.2075,149,113.7,21.0,0.0085,,
1.2160,150,115.2,21.0,0.0075,,
1.2245,151,117.8,21.0,0.0075,,
1.2330,152,119.9,21.0,0.0075,,
1.2415,153,122.2,21.0,0.0085,,
1.2490,154,124.6,21.0,0.0075,,
1.2575,155,127.5,21.0,0.0075,,
1.2660,156,129.3,21.0,0.0075,,
1.2745,157,132.4,21.0,0.0075,,
1.2825,158,136.0,21.0,0.0075,,
1.2905,159,139.0,21.0,0.0080,,
1.2985,160,141.8,21.0,0.0080,,
1.3070,161,144.5,21.0,0.0075,,
1.3155,162,147.9,21.0,0.0075,,
1.3240,163,151.4,21.0,0.0075,,
1.3325,164,154.7,21.0,0.0085,,
1.3400,165,158.1,21.0,0.0075,,
1.3485,166,161.8,21.0,0.0085,,
1.3570,167,165.0,21.0,0.0075,,
1.3655,168,168.0,21.0,0.0075,,
1.3735,169,171.0,21.0,0.0075,,
1.3820,170,173.1,21.0,0.0085,,
1.3900,171,176.0,21.0,0.0080,,
1.3980,172,177.8,21.0,0.0080,,
1.4065,173,180.0,21.0,0.0075,,
1.4150,174,182.1,21.0,0.0075,,
1.4235,175,184.4,21.0,0.0075,,
1.4295,176,185.1,21.0,0.0075,,
1.4295,416,188.9,21.0,0.0000,,
1.4300,417,188.9,21.0,0.0005,,
1.4315,418,189.0,21.0,0.0015,,
1.4340,419,188.9,21.0,0.0030,,
1.4380,420,189.0,21.0,0.0040,,
1.4445,421,189.4,21.0,0.0065,,
1.4530,422,190.4,21.0,0.0085,,
1.4605,423,191.4,21.0,0.0085,,
1.4690,424,192.9,21.0,0.0095,,
1.4775,425,193.7,21.0,0.0085,,
1.4860,426,194.8,21.0,0.0085,,
1.4945,427,196.2,21.0,0.0085,,
1.5025,428,197.5,21.0,0.0090,,
1.5105,429,198.5,21.0,0.0090,,
1.5185,430,199.6,21.0,0.0090,,
1.5270,431,200.4,21.0,0.0085,,
1.5355,432,201.8,21.0,0.0085,,
1.5440,433,202.5,21.0,0.0085,,
1.5515,434,203.5,21.0,0.0085,,
1.5600,435,204.4,21.0,0.0095,,
1.5685,436,205.2,21.0,0.0095,,
1.5770,437,206.0,21.0,0.0085,,
1.5855,438,206.7,21.0,0.0085,,
1.5940,439,207.4,21.0,0.0085,,
1.6015,440,208.1,21.0,0.0085,,
1.6100,441,208.9,21.0,0.0095,,
1.6185,442,209.5,21.0,0.0085,,
1.6265,443,210.3,21.0,0.0080,,
1.6350,444,211.1,21.0,0.0085,,
1.6435,445,211.6,21.0,0.0095,,
1.6510,446,212.3,21.0,0.0085,,
1.6595,447,213.0,21.0,0.0095,,
1.6680,448,213.6,21.0,0.0085,,
1.6765,449,214.0,21.0,0.0085,,
1.6850,450,214.7,21.0,0.0085,,
1.6925,451,215.2,21.0,0.0085,,
1.7010,452,215.8,21.0,0.0095,,
1.7095,453,216.4,21.0,0.0095,,
1.7180,454,216.9,21.0,0.0085,,
1.7260,455,217.3,21.0,0.0080,,
1.7345,456,217.8,21.0,0.0085,,
1.7425,457,218.3,21.0,0.0090,,
1.7505,458,218.8,21.0,0.0090,,
1.7590,459,219.4,21.0,0.0085,,
1.7675,460,219.9,21.0,0.0085,,
1.7760,461,220.3,21.0,0.0085,,
1.7845,462,220.8,21.0,0.0095,,
1.7920,463,221.2,21.0,0.0085,,
1.8005,464,221.6,21.0,0.0095,,
1.8090,465,222.0,21.0,0.0085,,
1.8175,466,222.4,21.0,0.0085,,
1.8260,467,222.8,21.0,0.0085,,
1.8335,468,223.3,21.0,0.0085,,
1.8420,469,223.7,21.0,0.0095,,
1.8500,470,224.1,21.0,0.0090,,
1.8585,471,224.6,21.0,0.0085,,
1.8670,472,225.1,21.0,0.0085,,
1.8755,473,225.3,21.0,0.0095,,
1.8830,474,225.8,21.0,0.0085,,
1.8915,475,226.0,21.0,0.0095,,
1.9000,476,226.4,21.0,0.0095,,
1.9085,477,226.9,21.0,0.0085,,
1.9170,478,227.1,21.0,0.0085,,
1.9255,479,227.5,21.0,0.0095,,
1.9330,480,227.8,21.0,0.0085,,
1.9415,481,228.1,21.0,0.0095,,
1.9500,482,228.4,21.0,0.0085,,
1.9580,483,228.7,21.0,0.0080,,
1.9665,484,229.1,21.0,0.0085,,
1.9750,485,229.3,21.0,0.0095,,
1.9825,486,229.7,21.0,0.0085,,
1.9910,487,230.1,21.0,0.0095,,
1.9995,488,230.4,21.0,0.0085,,
2.0080,489,230.6,21.0,0.0085,,
2.0165,490,231.0,21.0,0.0085,,
2.0240,491,231.3,21.0,0.0085,,
2.0325,492,231.6,21.0,0.0095,,
2.0410,493,231.9,21.0,0.0095,,
2.0495,494,232.2,21.0,0.0085,,
2.0575,495,232.4,21.0,0.0080,,
2.0660,496,232.7,21.0,0.0095,,
2.0740,497,232.9,21.0,0.0090,,
2.0820,498,233.2,21.0,0.0090,,
2.0905,499,233.5,21.0,0.0085,,
2.0990,500,233.8,21.0,0.0085,,
2.1070,501,234.1,21.0,0.0080,,
2.1135,502,234.2,21.0,0.0070,,
2.1140,503,234.5,21.0,0.0005,,
2.1145,504,234.6,21.0,0.0005,,
2.1150,505,234.7,21.0,0.0005,,
2.1155,506,234.8,21.0,0.0005,,
2.1170,507,234.8,21.0,0.0015,,
2.1190,508,234.8,21.0,0.0020,,
2.1215,509,234.9,21.0,0.0030,,
2.1250,510,234.9,21.0,0.0040,,
2.1295,511,235.0,21.0,0.0045,,
Scope 1/1, Sample 4/4 (CRM)
Result,TitrationEP1
V,t,E,T,dV/dt,E acc. stat.,Volume acc. stat.
0.0000,0,-57.4,21.1,NaN,,
0.0005,1,-57.4,21.1,0.0005,,
0.0025,2,-57.4,21.1,0.0020,,
0.0050,3,-57.4,21.1,0.0025,,
0.0085,4,-57.3,21.1,0.0030,,
0.0150,5,-57.1,21.1,0.0060,,
0.0230,6,-56.8,21.1,0.0075,,
0.0310,7,-56.1,21.1,0.0080,,
0.0390,8,-55.2,21.1,0.0080,,
0.0475,9,-54.2,21.1,0.0075,,
0.0560,10,-52.9,21.1,0.0075,,
0.0645,11,-51.6,21.1,0.0075,,
0.0730,12,-50.3,21.1,0.0085,,
0.0805,13,-48.6,21.1,0.0075,,
0.0890,14,-46.8,21.1,0.0085,,
0.0975,15,-44.9,21.1,0.0075,,
0.1060,16,-42.8,21.1,0.0075,,
0.1140,17,-40.7,21.1,0.0075,,
0.1225,18,-38.9,21.1,0.0085,,
0.1305,19,-36.6,21.1,0.0080,,
0.1385,20,-34.5,21.1,0.0075,,
0.1470,21,-32.0,21.1,0.0075,,
0.1555,22,-29.3,21.1,0.0075,,
0.1640,23,-26.4,21.1,0.0075,,
0.1715,24,-23.5,21.1,0.0075,,
0.1800,25,-19.9,21.1,0.0085,,
0.1885,26,-16.5,21.1,0.0075,,
0.1970,27,-13.1,21.1,0.0075,,
0.2055,28,-9.8,21.1,0.0075,,
0.2140,29,-7.1,21.1,0.0085,,
0.2215,30,-4.1,21.1,0.0075,,
0.2300,31,-0.9,21.1,0.0075,,
0.2385,32,1.2,21.1,0.0075,,
0.2465,33,3.7,21.1,0.0075,,
0.2550,34,5.5,21.1,0.0075,,
0.2625,35,7.0,21.1,0.0075,,
0.2710,36,8.6,21.1,0.0085,,
0.2795,37,10.5,21.1,0.0075,,
0.2880,38,12.0,21.1,0.0075,,
0.2965,39,13.5,21.1,0.0075,,
0.3050,40,14.8,21.1,0.0075,,
0.3125,41,16.0,21.1,0.0075,,
0.3210,42,17.2,21.1,0.0085,,
0.3295,43,18.4,21.1,0.0075,,
0.3380,44,19.6,21.1,0.0075,,
0.3460,45,20.5,21.1,0.0075,,
0.3545,46,21.3,21.1,0.0085,,
0.3625,47,22.3,21.1,0.0080,,
0.3705,48,23.1,21.1,0.0080,,
0.3790,49,24.1,21.1,0.0075,,
0.3875,50,25.1,21.1,0.0075,,
0.3960,51,26.0,21.1,0.0075,,
0.4045,52,26.7,21.1,0.0085,,
0.4120,53,27.6,21.1,0.0075,,
0.4205,54,28.6,21.1,0.0075,,
0.4290,55,29.5,21.1,0.0075,,
0.4375,56,30.3,21.1,0.0075,,
0.4455,57,31.0,21.1,0.0075,,
0.4535,58,31.8,21.1,0.0080,,
0.4615,59,32.7,21.1,0.0080,,
0.4700,60,33.4,21.1,0.0075,,
0.4785,61,34.4,21.1,0.0075,,
0.4870,62,35.2,21.1,0.0075,,
0.4955,63,36.0,21.1,0.0075,,
0.5030,64,36.7,21.1,0.0075,,
0.5115,65,37.5,21.1,0.0085,,
0.5200,66,38.4,21.1,0.0075,,
0.5285,67,39.1,21.1,0.0075,,
0.5370,68,39.8,21.1,0.0075,,
0.5450,69,40.5,21.1,0.0075,,
0.5530,70,41.2,21.1,0.0080,,
0.5615,71,41.9,21.1,0.0085,,
0.5695,72,42.6,21.1,0.0075,,
0.5780,73,43.4,21.1,0.0075,,
0.5865,74,44.3,21.1,0.0075,,
0.5940,75,45.1,21.1,0.0075,,
0.6025,76,45.6,21.1,0.0085,,
0.6110,77,46.2,21.1,0.0075,,
0.6195,78,46.8,21.1,0.0075,,
0.6280,79,47.5,21.1,0.0075,,
0.6365,80,48.2,21.1,0.0075,,
0.6440,81,48.8,21.1,0.0075,,
0.6525,82,49.5,21.1,0.0085,,
0.6610,83,50.2,21.1,0.0075,,
0.6695,84,50.9,21.1,0.0075,,
0.6775,85,51.6,21.1,0.0075,,
0.6855,86,52.2,21.1,0.0080,,
0.6935,87,52.9,21.1,0.0080,,
0.7020,88,53.5,21.1,0.0085,,
0.7105,89,54.3,21.1,0.0075,,
0.7190,90,55.0,21.1,0.0075,,
0.7275,91,55.9,21.1,0.0075,,
0.7350,92,56.4,21.1,0.0075,,
0.7435,93,57.1,21.1,0.0085,,
0.7520,94,57.9,21.1,0.0075,,
0.7605,95,58.6,21.1,0.0075,,
0.7690,96,59.3,21.1,0.0075,,
0.7770,97,60.0,21.1,0.0075,,
0.7850,98,60.6,21.1,0.0080,,
0.7930,99,61.3,21.1,0.0080,,
0.8015,100,62.1,21.1,0.0075,,
0.8100,101,62.7,21.1,0.0075,,
0.8185,102,63.4,21.1,0.0075,,
0.8260,103,64.1,21.1,0.0075,,
0.8345,104,64.7,21.1,0.0085,,
0.8430,105,65.5,21.1,0.0085,,
0.8515,106,66.3,21.1,0.0075,,
0.8600,107,67.2,21.1,0.0075,,
0.8685,108,68.0,21.1,0.0075,,
0.8760,109,68.8,21.1,0.0075,,
0.8845,110,69.6,21.1,0.0085,,
0.8930,111,70.1,21.1,0.0075,,
0.9010,112,70.8,21.1,0.0075,,
0.9095,113,71.7,21.1,0.0075,,
0.9180,114,72.9,21.1,0.0075,,
0.9255,115,73.6,21.1,0.0075,,
0.9340,116,74.2,21.1,0.0085,,
0.9425,117,74.8,21.1,0.0075,,
0.9510,118,75.7,21.1,0.0075,,
0.9595,119,76.5,21.1,0.0075,,
0.9680,120,77.3,21.1,0.0075,,
0.9755,121,78.2,21.1,0.0075,,
0.9840,122,79.5,21.1,0.0085,,
0.9925,123,80.2,21.1,0.0075,,
1.0005,124,80.8,21.1,0.0075,,
1.0090,125,81.7,21.1,0.0075,,
1.0175,126,82.4,21.1,0.0085,,
1.0250,127,83.8,21.1,0.0075,,
1.0335,128,85.0,21.1,0.0085,,
1.0420,129,86.0,21.1,0.0075,,
1.0505,130,86.9,21.1,0.0075,,
1.0590,131,87.8,21.1,0.0075,,
1.0675,132,88.9,21.1,0.0085,,
1.0750,133,90.1,21.1,0.0075,,
1.0835,134,91.0,21.1,0.0085,,
1.0920,135,91.9,21.1,0.0075,,
1.1000,136,92.9,21.1,0.0075,,
1.1085,137,94.4,21.1,0.0075,,
1.1170,138,95.3,21.1,0.0085,,
1.1245,139,96.6,21.1,0.0075,,
1.1330,140,97.9,21.1,0.0085,,
1.1415,141,99.6,21.1,0.0075,,
1.1500,142,100.5,21.1,0.0075,,
1.1585,143,101.9,21.1,0.0075,,
1.1660,144,103.5,21.1,0.0075,,
1.1745,145,104.6,21.1,0.0085,,
1.1830,146,106.3,21.1,0.0075,,
1.1910,147,108.0,21.1,0.0075,,
1.1995,148,109.4,21.1,0.0075,,
1.2080,149,111.2,21.1,0.0075,,
1.2155,150,113.3,21.1,0.0075,,
1.2240,151,115.0,21.1,0.0085,,
1.2325,152,117.1,21.1,0.0075,,
1.2410,153,119.6,21.1,0.0075,,
1.2495,154,122.2,21.1,0.0075,,
1.2580,155,124.1,21.1,0.0085,,
1.2655,156,126.3,21.1,0.0075,,
1.2740,157,129.2,21.1,0.0075,,
1.2825,158,132.0,21.1,0.0075,,
1.2910,159,134.8,21.1,0.0075,,
1.2995,160,138.5,21.1,0.0075,,
1.3070,161,141.8,21.1,0.0075,,
1.3155,162,144.2,21.1,0.0085,,
1.3235,163,147.9,21.1,0.0075,,
1.3320,164,151.4,21.1,0.0075,,
1.3405,165,155.3,21.1,0.0075,,
1.3480,166,158.2,21.1,0.0075,,
1.3565,167,161.9,21.1,0.0085,,
1.3650,168,164.6,21.1,0.0085,,
1.3735,169,167.7,21.1,0.0075,,
1.3820,170,170.1,21.1,0.0075,,
1.3905,171,172.6,21.1,0.0075,,
1.3980,172,174.9,21.1,0.0075,,
1.4065,173,177.9,21.1,0.0085,,
1.4150,174,180.1,21.1,0.0075,,
1.4235,175,182.0,21.1,0.0075,,
1.4315,176,183.5,21.1,0.0075,,
1.4410,177,185.1,21.1,0.0080,,
1.4410,417,189.1,21.1,0.0000,,
1.4415,418,189.0,21.1,0.0005,,
1.4430,419,189.0,21.1,0.0010,,
1.4460,420,189.0,21.1,0.0020,,
1.4495,421,189.1,21.1,0.0025,,
1.4555,422,189.4,21.1,0.0045,,
1.4640,423,190.5,21.1,0.0065,,
1.4715,424,191.3,21.1,0.0060,,
1.4800,425,192.6,21.1,0.0065,,
1.4885,426,193.9,21.1,0.0060,,
1.4970,427,195.3,21.1,0.0060,,
1.5055,428,196.5,21.1,0.0060,,
1.5130,429,197.4,21.1,0.0060,,
1.5215,430,198.6,21.1,0.0065,,
1.5300,431,199.7,21.1,0.0065,,
1.5380,432,200.5,21.1,0.0055,,
1.5465,433,201.6,21.1,0.0060,,
1.5550,434,202.6,21.1,0.0060,,
1.5625,435,203.3,21.1,0.0060,,
1.5710,436,204.2,21.1,0.0065,,
1.5795,437,204.9,21.1,0.0065,,
1.5880,438,205.8,21.1,0.0060,,
1.5965,439,206.7,21.1,0.0060,,
1.6050,440,207.4,21.1,0.0060,,
1.6125,441,208.1,21.1,0.0060,,
1.6210,442,208.8,21.1,0.0065,,
1.6295,443,209.4,21.1,0.0060,,
1.6375,444,210.2,21.1,0.0055,,
1.6460,445,211.0,21.1,0.0060,,
1.6545,446,211.6,21.1,0.0060,,
1.6620,447,212.0,21.1,0.0060,,
1.6705,448,212.7,21.1,0.0060,,
1.6790,449,213.5,21.1,0.0060,,
1.6875,450,214.0,21.1,0.0060,,
1.6960,451,214.6,21.1,0.0060,,
1.7035,452,215.1,21.1,0.0060,,
1.7120,453,215.7,21.1,0.0065,,
1.7205,454,216.3,21.1,0.0065,,
1.7290,455,216.9,21.1,0.0060,,
1.7370,456,217.3,21.1,0.0055,,
1.7455,457,217.6,21.1,0.0060,,
1.7535,458,218.2,21.1,0.0060,,
1.7615,459,218.6,21.1,0.0060,,
1.7700,460,219.1,21.1,0.0065,,
1.7785,461,219.5,21.1,0.0060,,
1.7870,462,220.0,21.1,0.0060,,
1.7955,463,220.4,21.1,0.0060,,
1.8030,464,220.9,21.1,0.0060,,
1.8115,465,221.4,21.1,0.0065,,
1.8200,466,221.9,21.1,0.0060,,
1.8285,467,222.3,21.1,0.0060,,
1.8370,468,222.7,21.1,0.0060,,
1.8450,469,223.1,21.1,0.0060,,
1.8530,470,223.5,21.1,0.0060,,
1.8610,471,223.9,21.1,0.0060,,
1.8695,472,224.3,21.1,0.0060,,
1.8780,473,224.7,21.1,0.0060,,
1.8865,474,225.0,21.1,0.0060,,
1.8940,475,225.3,21.1,0.0060,,
1.9025,476,225.7,21.1,0.0065,,
1.9110,477,226.1,21.1,0.0065,,
1.9195,478,226.5,21.1,0.0060,,
1.9280,479,226.8,21.1,0.0060,,
1.9360,480,227.2,21.1,0.0055,,
1.9440,481,227.4,21.1,0.0060,,
1.9525,482,227.7,21.1,0.0065,,
1.9605,483,228.2,21.1,0.0060,,
1.9690,484,228.6,21.1,0.0060,,
1.9775,485,228.9,21.1,0.0060,,
1.9860,486,229.3,21.2,0.0060,,
1.9935,487,229.4,21.1,0.0060,,
2.0020,488,229.9,21.1,0.0065,,
2.0105,489,230.1,21.1,0.0060,,
2.0190,490,230.4,21.1,0.0060,,
2.0275,491,230.7,21.1,0.0060,,
2.0360,492,230.9,21.1,0.0065,,
2.0435,493,231.3,21.2,0.0060,,
2.0520,494,231.6,21.1,0.0065,,
2.0600,495,231.8,21.1,0.0055,,
2.0685,496,232.2,21.1,0.0060,,
2.0770,497,232.5,21.1,0.0060,,
2.0845,498,232.8,21.2,0.0060,,
2.0930,499,233.0,21.2,0.0065,,
2.1015,500,233.3,21.1,0.0060,,
2.1100,501,233.6,21.2,0.0060,,
2.1185,502,233.8,21.2,0.0060,,
2.1265,503,233.9,21.2,0.0060,,
2.1325,504,234.3,21.2,0.0045,,
2.1345,505,234.5,21.2,0.0015,,
2.1345,506,234.6,21.2,0.0000,,
2.1350,507,234.7,21.2,0.0005,,
2.1360,508,234.8,21.1,0.0005,,
2.1375,509,234.8,21.1,0.0010,,
2.1405,510,234.8,21.1,0.0025,,
2.1445,511,234.8,21.2,0.0030,,
2.1495,512,235.0,21.2,0.0035,,
2.1515,513,235.0,21.1,0.0025,,
