Task,T4019
Scope 1/1, Sample 1/4 (Junk_1)
Result,TitrationEP1
V,t,E,T,dV/dt,E acc. stat.,Volume acc. stat.
0.0000,0,-67.8,21.9,NaN,,
0.0010,1,-68.0,21.9,0.0010,,
0.0025,2,-68.1,21.9,0.0015,,
0.0050,3,-68.0,21.9,0.0025,,
0.0085,4,-68.1,21.9,0.0030,,
0.0150,5,-68.1,21.9,0.0060,,
0.0230,6,-68.2,21.9,0.0075,,
0.0310,7,-68.2,21.9,0.0080,,
0.0390,8,-68.1,21.9,0.0080,,
0.0475,9,-67.9,21.9,0.0075,,
0.0560,10,-67.6,21.9,0.0075,,
0.0645,11,-67.3,21.9,0.0075,,
0.0730,12,-67.0,21.9,0.0085,,
0.0805,13,-66.6,21.9,0.0075,,
0.0890,14,-66.2,21.9,0.0085,,
0.0975,15,-65.7,21.9,0.0075,,
0.1060,16,-65.2,21.9,0.0075,,
0.1145,17,-64.5,21.9,0.0075,,
0.1220,18,-64.0,21.9,0.0075,,
0.1305,19,-63.4,21.9,0.0085,,
0.1390,20,-62.6,21.9,0.0075,,
0.1470,21,-61.8,21.9,0.0075,,
0.1555,22,-61.1,21.9,0.0075,,
0.1640,23,-60.5,21.9,0.0085,,
0.1715,24,-59.6,21.9,0.0075,,
0.1800,25,-58.7,21.9,0.0085,,
0.1885,26,-57.8,21.9,0.0075,,
0.1970,27,-56.9,21.9,0.0075,,
0.2055,28,-56.0,21.9,0.0075,,
0.2130,29,-55.1,21.9,0.0075,,
0.2215,30,-54.0,21.9,0.0085,,
0.2300,31,-52.9,21.9,0.0075,,
0.2385,32,-52.0,21.9,0.0075,,
0.2465,33,-51.0,21.9,0.0075,,
0.2550,34,-50.0,21.9,0.0075,,
0.2630,35,-49.2,21.9,0.0080,,
0.2710,36,-48.3,21.9,0.0080,,
0.2795,37,-47.5,21.9,0.0075,,
0.2880,38,-46.6,21.9,0.0075,,
0.2965,39,-45.7,21.9,0.0075,,
0.3050,40,-44.9,21.9,0.0075,,
0.3125,41,-44.1,21.9,0.0075,,
0.3210,42,-43.4,21.9,0.0085,,
0.3295,43,-42.6,21.9,0.0075,,
0.3380,44,-41.8,21.9,0.0075,,
0.3465,45,-41.0,21.9,0.0075,,
0.3540,46,-40.4,21.9,0.0075,,
0.3625,47,-39.8,21.9,0.0085,,
0.3705,48,-39.0,21.9,0.0075,,
0.3790,49,-38.3,21.9,0.0075,,
0.3875,50,-37.6,21.9,0.0075,,
0.3960,51,-36.9,21.9,0.0075,,
0.4035,52,-36.3,21.9,0.0075,,
0.4120,53,-35.7,21.9,0.0085,,
0.4205,54,-35.0,21.9,0.0075,,
0.4290,55,-34.4,21.9,0.0075,,
0.4375,56,-33.8,21.9,0.0075,,
0.4460,57,-33.2,21.9,0.0085,,
0.4535,58,-32.6,21.9,0.0075,,
0.4620,59,-32.1,21.9,0.0085,,
0.4705,60,-31.6,21.9,0.0075,,
0.4785,61,-30.9,21.9,0.0075,,
0.4870,62,-30.3,21.9,0.0075,,
0.4950,63,-29.8,21.9,0.0080,,
0.5030,64,-29.2,21.9,0.0080,,
0.5115,65,-28.7,21.9,0.0075,,
0.5200,66,-28.1,21.9,0.0075,,
0.5285,67,-27.6,21.9,0.0075,,
0.5370,68,-27.1,21.9,0.0085,,
0.5445,69,-26.6,21.9,0.0075,,
0.5530,70,-26.0,21.9,0.0085,,
0.5615,71,-25.4,21.9,0.0075,,
0.5700,72,-24.9,21.9,0.0075,,
0.5780,73,-24.4,21.9,0.0075,,
0.5865,74,-23.9,21.9,0.0085,,
0.5945,75,-23.3,21.9,0.0080,,
0.6025,76,-22.7,21.9,0.0075,,
0.6110,77,-22.3,21.9,0.0075,,
0.6195,78,-21.8,21.9,0.0075,,
0.6280,79,-21.3,21.9,0.0075,,
0.6355,80,-20.8,21.9,0.0075,,
0.6440,81,-20.3,21.9,0.0085,,
0.6525,82,-19.8,21.9,0.0075,,
0.6610,83,-19.3,21.9,0.0075,,
0.6695,84,-18.7,21.9,0.0075,,
0.6780,85,-18.3,21.9,0.0085,,
0.6855,86,-17.7,21.9,0.0075,,
0.6940,87,-17.2,21.9,0.0085,,
0.7025,88,-16.8,21.9,0.0075,,
0.7105,89,-16.3,21.9,0.0075,,
0.7190,90,-15.8,21.9,0.0075,,
0.7270,91,-15.4,21.9,0.0080,,
0.7350,92,-14.8,21.9,0.0080,,
0.7435,93,-14.2,21.9,0.0075,,
0.7520,94,-13.7,21.9,0.0075,,
0.7605,95,-13.3,21.9,0.0075,,
0.7690,96,-12.8,21.9,0.0075,,
0.7765,97,-12.3,21.9,0.0075,,
0.7850,98,-11.7,21.9,0.0075,,
0.7935,99,-11.3,21.9,0.0075,,
0.8020,100,-10.8,21.9,0.0075,,
0.8105,101,-10.3,21.9,0.0075,,
0.8185,102,-9.9,21.9,0.0080,,
0.8265,103,-9.4,21.9,0.0080,,
0.8345,104,-8.8,21.9,0.0080,,
0.8430,105,-8.3,21.9,0.0075,,
0.8515,106,-7.8,21.9,0.0075,,
0.8600,107,-7.4,21.9,0.0075,,
0.8675,108,-7.0,21.9,0.0075,,
0.8760,109,-6.4,21.9,0.0085,,
0.8845,110,-5.9,21.9,0.0085,,
0.8930,111,-5.4,21.9,0.0075,,
0.9015,112,-4.8,21.9,0.0075,,
0.9100,113,-4.2,21.9,0.0075,,
0.9175,114,-3.7,21.9,0.0075,,
0.9260,115,-3.0,21.9,0.0085,,
0.9340,116,-2.4,21.9,0.0075,,
0.9425,117,-1.9,21.9,0.0075,,
0.9510,118,-1.2,21.9,0.0075,,
0.9595,119,-0.5,21.9,0.0075,,
0.9670,120,0.0,21.9,0.0075,,
0.9755,121,0.3,21.9,0.0085,,
0.9840,122,0.4,21.9,0.0075,,
0.9925,123,0.9,21.9,0.0075,,
1.0010,124,1.5,21.9,0.0075,,
1.0095,125,2.1,21.9,0.0085,,
1.0170,126,3.2,21.9,0.0075,,
1.0255,127,3.7,21.9,0.0085,,
1.0335,128,4.1,21.9,0.0075,,
1.0420,129,4.7,21.9,0.0075,,
1.0505,130,5.3,21.9,0.0075,,
1.0590,131,5.7,21.9,0.0085,,
1.0665,132,6.3,21.9,0.0075,,
1.0750,133,6.9,21.9,0.0075,,
1.0835,134,7.5,21.9,0.0075,,
1.0920,135,8.2,21.9,0.0075,,
1.1005,136,8.9,21.9,0.0075,,
1.1080,137,9.7,21.9,0.0075,,
1.1165,138,10.5,21.9,0.0085,,
1.1250,139,11.4,21.9,0.0075,,
1.1335,140,12.4,21.9,0.0075,,
1.1415,141,13.2,21.9,0.0075,,
1.1500,142,14.0,21.9,0.0085,,
1.1575,143,14.7,21.9,0.0075,,
1.1660,144,15.6,21.9,0.0085,,
1.1745,145,16.5,21.9,0.0075,,
1.1830,146,17.5,21.9,0.0075,,
1.1915,147,18.4,21.9,0.0075,,
1.2000,148,19.2,21.9,0.0085,,
1.2075,149,20.1,21.9,0.0075,,
1.2160,150,21.1,21.9,0.0085,,
1.2245,151,22.2,21.9,0.0075,,
1.2330,152,23.3,21.9,0.0075,,
1.2410,153,24.6,21.9,0.0075,,
1.2495,154,25.8,21.9,0.0085,,
1.2570,155,27.0,21.9,0.0075,,
1.2655,156,28.4,21.9,0.0085,,
1.2740,157,29.9,21.9,0.0075,,
1.2825,158,31.4,21.9,0.0075,,
1.2910,159,33.1,21.9,0.0075,,
1.2985,160,34.8,21.9,0.0075,,
1.3070,161,37.0,21.9,0.0085,,
1.3155,162,39.2,21.9,0.0075,,
1.3240,163,41.6,21.9,0.0075,,
1.3325,164,44.3,21.9,0.0075,,
1.3410,165,47.1,22.0,0.0085,,
1.3485,166,50.6,21.9,0.0075,,
1.3570,167,54.2,22.0,0.0085,,
1.3650,168,58.0,22.0,0.0075,,
1.3735,169,62.8,21.9,0.0075,,
1.3820,170,68.1,22.0,0.0075,,
1.3905,171,73.2,22.0,0.0085,,
1.3980,172,79.1,22.0,0.0075,,
1.4065,173,85.6,21.9,0.0075,,
1.4150,174,92.5,22.0,0.0075,,
1.4235,175,99.9,22.0,0.0075,,
1.4320,176,107.5,22.0,0.0075,,
1.4395,177,114.5,22.0,0.0075,,
1.4480,178,122.5,22.0,0.0085,,
1.4565,179,130.9,22.0,0.0075,,
1.4645,180,138.9,22.0,0.0075,,
1.4730,181,146.4,22.0,0.0075,,
1.4815,182,152.7,22.0,0.0085,,
1.4890,183,159.4,22.0,0.0075,,
1.4975,184,165.4,22.0,0.0085,,
1.5060,185,170.7,22.0,0.0075,,
1.5145,186,175.2,22.0,0.0075,,
1.5230,187,179.3,22.0,0.0075,,
1.5305,188,182.3,22.0,0.0075,,
1.5410,189,185.0,22.0,0.0080,,
1.5410,429,193.6,22.0,0.0000,,
1.5415,430,193.6,22.0,0.0005,,
1.5430,431,193.6,22.0,0.0010,,
1.5455,432,193.6,22.0,0.0015,,
1.5495,434,193.6,22.0,0.0025,,
1.5555,434,193.7,22.0,0.0120,,
1.5640,435,194.0,22.0,0.0060,,
1.5715,436,194.4,22.1,0.0055,,
1.5800,437,195.0,22.1,0.0060,,
1.5885,438,195.8,22.0,0.0055,,
1.5970,440,196.8,22.0,0.0055,,
1.6055,440,197.7,22.0,0.0170,,
1.6130,441,198.3,22.1,0.0055,,
1.6215,442,199.0,22.1,0.0060,,
1.6300,443,199.8,22.1,0.0060,,
1.6380,444,200.5,22.1,0.0055,,
1.6465,446,201.3,22.0,0.0055,,
1.6550,446,202.1,22.1,0.0170,,
1.6625,447,202.8,22.1,0.0055,,
1.6710,448,203.5,22.1,0.0060,,
1.6795,449,204.0,22.1,0.0060,,
1.6880,450,204.7,22.1,0.0055,,
1.6965,452,205.4,22.1,0.0055,,
1.7050,452,206.0,22.1,0.0210,,
1.7125,453,206.7,22.1,0.0055,,
1.7210,454,207.1,22.1,0.0060,,
1.7295,456,207.8,22.1,0.0055,,
1.7375,456,208.3,22.1,0.0160,,
1.7460,458,208.9,22.1,0.0055,,
1.7540,458,209.4,22.1,0.0200,,
1.7620,459,210.0,22.1,0.0055,,
1.7705,460,210.3,22.1,0.0060,,
1.7790,462,210.9,22.1,0.0055,,
1.7875,462,211.4,22.1,0.0170,,
1.7960,464,211.8,22.1,0.0055,,
1.8035,464,212.3,22.1,0.0185,,
1.8120,465,212.7,22.1,0.0060,,
1.8205,466,213.2,22.1,0.0060,,
1.8290,468,213.6,22.1,0.0055,,
1.8370,468,214.2,22.1,0.0160,,
1.8455,470,214.6,22.1,0.0055,,
1.8535,470,215.0,22.1,0.0200,,
1.8615,471,215.3,22.1,0.0055,,
1.8700,472,215.8,22.1,0.0060,,
1.8785,474,216.2,22.1,0.0055,,
1.8870,474,216.5,22.1,0.0170,,
1.8955,476,217.0,22.1,0.0055,,
1.9030,476,217.4,22.1,0.0185,,
1.9115,477,217.7,22.1,0.0060,,
1.9200,478,218.1,22.1,0.0055,,
1.9285,480,218.4,22.1,0.0055,,
1.9370,480,218.8,22.1,0.0170,,
1.9445,481,219.1,22.1,0.0055,,
1.9530,482,219.5,22.1,0.0060,,
1.9610,484,219.8,22.1,0.0055,,
1.9695,484,220.2,22.1,0.0170,,
1.9780,486,220.6,22.1,0.0055,,
1.9865,486,220.9,22.1,0.0170,,
1.9940,487,221.1,22.1,0.0055,,
2.0025,488,221.5,22.1,0.0060,,
2.0110,489,221.8,22.1,0.0060,,
2.0195,490,222.2,22.1,0.0055,,
2.0280,492,222.6,22.1,0.0055,,
2.0365,492,222.9,22.1,0.0170,,
2.0440,493,223.1,22.1,0.0055,,
2.0525,494,223.4,22.1,0.0060,,
2.0610,496,223.7,22.1,0.0055,,
2.0690,496,224.0,22.1,0.0160,,
2.0775,498,224.3,22.1,0.0055,,
2.0860,498,224.6,22.1,0.0210,,
2.0935,499,224.8,22.1,0.0055,,
2.1020,500,225.2,22.1,0.0060,,
2.1105,502,225.5,22.1,0.0055,,
2.1190,502,225.8,22.1,0.0170,,
2.1275,504,226.0,22.1,0.0055,,
2.1350,504,226.2,22.1,0.0185,,
2.1435,505,226.5,22.1,0.0060,,
2.1520,506,226.7,22.1,0.0060,,
2.1605,508,227.0,22.1,0.0055,,
2.1685,508,227.3,22.1,0.0160,,
2.1770,510,227.6,22.1,0.0055,,
2.1850,510,227.7,22.1,0.0200,,
2.1930,511,228.0,22.1,0.0055,,
2.2015,512,228.3,22.1,0.0055,,
2.2100,514,228.5,22.1,0.0055,,
2.2185,514,228.8,22.1,0.0170,,
2.2270,515,229.0,22.1,0.0060,,
2.2345,516,229.3,22.1,0.0055,,
2.2430,517,229.5,22.1,0.0060,,
2.2515,518,229.7,22.1,0.0055,,
2.2600,520,230.0,22.1,0.0055,,
2.2685,520,230.2,22.1,0.0170,,
2.2760,521,230.4,22.1,0.0055,,
2.2845,522,230.6,22.1,0.0060,,
2.2930,524,230.8,22.1,0.0055,,
2.3010,524,231.1,22.1,0.0160,,
2.3095,526,231.3,22.1,0.0055,,
2.3180,526,231.5,22.1,0.0210,,
2.3255,527,231.8,22.1,0.0055,,
2.3340,528,231.9,22.1,0.0060,,
2.3425,530,232.2,22.1,0.0055,,
2.3510,530,232.4,22.1,0.0170,,
2.3595,532,232.6,22.1,0.0055,,
2.3670,532,232.8,22.1,0.0185,,
2.3755,533,233.0,22.1,0.0060,,
2.3840,534,233.2,22.1,0.0060,,
2.3925,536,233.4,22.1,0.0055,,
2.4005,536,233.6,22.1,0.0160,,
2.4090,538,233.8,22.1,0.0055,,
2.4165,538,234.1,22.1,0.0185,,
2.4245,539,234.2,22.1,0.0055,,
2.4320,540,234.4,22.1,0.0050,,
2.4375,542,234.5,22.1,0.0035,,
2.4410,542,234.7,22.1,0.0070,,
2.4425,544,234.8,22.1,0.0010,,
2.4435,544,234.9,22.1,0.0025,,
2.4450,545,234.9,22.1,0.0010,,
2.4475,546,234.9,22.1,0.0015,,
2.4525,548,235.0,22.1,0.0030,,
Scope 1/1, Sample 2/4 (Junk_2)
Result,TitrationEP1
V,t,E,T,dV/dt,E acc. stat.,Volume acc. stat.
0.0000,0,-62.9,22.0,NaN,,
0.0005,1,-63.7,22.0,0.0005,,
0.0025,2,-63.9,22.0,0.0020,,
0.0050,3,-64.1,22.0,0.0025,,
0.0090,4,-64.2,22.0,0.0035,,
0.0155,5,-64.3,22.0,0.0060,,
0.0235,6,-64.5,22.0,0.0080,,
0.0315,7,-64.5,22.0,0.0080,,
0.0395,8,-64.5,22.0,0.0080,,
0.0480,9,-64.4,22.0,0.0075,,
0.0565,10,-64.2,22.0,0.0075,,
0.0650,11,-64.0,22.0,0.0075,,
0.0735,12,-63.6,22.0,0.0085,,
0.0810,13,-63.3,22.0,0.0075,,
0.0895,14,-62.8,22.0,0.0075,,
0.0980,15,-62.4,22.0,0.0075,,
0.1065,16,-61.9,22.0,0.0075,,
0.1150,17,-61.2,22.0,0.0075,,
0.1225,18,-60.7,22.0,0.0075,,
0.1310,19,-60.0,22.0,0.0085,,
0.1390,20,-59.3,22.0,0.0080,,
0.1475,21,-58.5,22.0,0.0075,,
0.1560,22,-57.7,22.0,0.0075,,
0.1645,23,-56.9,22.0,0.0075,,
0.1720,24,-56.0,22.0,0.0075,,
0.1805,25,-55.1,22.0,0.0085,,
0.1890,26,-54.2,22.0,0.0075,,
0.1975,27,-53.2,22.0,0.0075,,
0.2060,28,-52.3,22.0,0.0075,,
0.2145,29,-51.3,22.0,0.0075,,
0.2220,30,-50.3,22.0,0.0075,,
0.2305,31,-49.4,22.0,0.0085,,
0.2385,32,-48.3,22.0,0.0075,,
0.2470,33,-47.4,22.0,0.0075,,
0.2555,34,-46.5,22.0,0.0075,,
0.2640,35,-45.7,22.0,0.0085,,
0.2715,36,-44.7,22.0,0.0075,,
0.2800,37,-43.9,22.0,0.0085,,
0.2885,38,-43.1,22.0,0.0075,,
0.2970,39,-42.3,22.0,0.0075,,
0.3055,40,-41.5,22.0,0.0075,,
0.3130,41,-40.7,22.0,0.0075,,
0.3215,42,-39.9,22.0,0.0085,,
0.3300,43,-39.2,22.0,0.0075,,
0.3385,44,-38.4,22.0,0.0075,,
0.3465,45,-37.7,22.0,0.0075,,
0.3550,46,-37.0,22.0,0.0075,,
0.3625,47,-36.4,22.0,0.0075,,
0.3710,48,-35.7,22.0,0.0085,,
0.3795,49,-35.1,22.0,0.0075,,
0.3880,50,-34.4,22.0,0.0075,,
0.3965,51,-33.8,22.0,0.0075,,
0.4050,52,-33.2,22.0,0.0075,,
0.4125,53,-32.6,22.0,0.0075,,
0.4210,54,-32.0,22.0,0.0085,,
0.4295,55,-31.4,22.0,0.0075,,
0.4380,56,-30.8,22.0,0.0075,,
0.4460,57,-30.2,22.0,0.0075,,
0.4545,58,-29.6,22.0,0.0085,,
0.4620,59,-29.1,22.0,0.0075,,
0.4705,60,-28.5,22.0,0.0075,,
0.4790,61,-27.9,22.0,0.0075,,
0.4875,62,-27.4,22.0,0.0075,,
0.4960,63,-26.9,22.0,0.0075,,
0.5035,64,-26.4,22.0,0.0075,,
0.5120,65,-25.9,22.0,0.0085,,
0.5205,66,-25.3,22.0,0.0075,,
0.5290,67,-24.8,22.0,0.0075,,
0.5375,68,-24.2,22.0,0.0075,,
0.5460,69,-23.8,22.0,0.0085,,
0.5535,70,-23.2,22.0,0.0075,,
0.5620,71,-22.7,22.0,0.0085,,
0.5700,72,-22.2,22.0,0.0075,,
0.5785,73,-21.7,22.0,0.0075,,
0.5870,74,-21.2,22.0,0.0075,,
0.5955,75,-20.7,22.0,0.0085,,
0.6030,76,-20.2,22.0,0.0075,,
0.6115,77,-19.7,22.0,0.0075,,
0.6200,78,-19.2,22.0,0.0075,,
0.6285,79,-18.7,22.0,0.0075,,
0.6370,80,-18.2,22.0,0.0075,,
0.6445,81,-17.8,22.0,0.0075,,
0.6530,82,-17.3,22.0,0.0085,,
0.6615,83,-16.8,22.0,0.0075,,
0.6700,84,-16.2,22.0,0.0075,,
0.6780,85,-15.8,22.0,0.0075,,
0.6865,86,-15.3,22.0,0.0085,,
0.6945,87,-14.8,22.0,0.0080,,
0.7025,88,-14.4,22.0,0.0080,,
0.7110,89,-13.9,22.0,0.0075,,
0.7195,90,-13.4,22.0,0.0075,,
0.7280,91,-12.9,22.0,0.0075,,
0.7355,92,-12.4,22.0,0.0075,,
0.7440,93,-11.9,22.0,0.0085,,
0.7525,94,-11.4,22.0,0.0075,,
0.7610,95,-11.0,22.0,0.0075,,
0.7695,96,-10.5,22.0,0.0075,,
0.7780,97,-10.0,22.0,0.0075,,
0.7855,98,-9.5,22.0,0.0075,,
0.7940,99,-9.1,22.0,0.0085,,
0.8020,100,-8.6,22.0,0.0075,,
0.8105,101,-8.1,22.0,0.0075,,
0.8190,102,-7.6,22.0,0.0075,,
0.8275,103,-7.1,22.0,0.0085,,
0.8350,104,-6.7,22.0,0.0075,,
0.8435,105,-6.2,22.0,0.0085,,
0.8520,106,-5.7,22.0,0.0075,,
0.8605,107,-5.1,22.0,0.0075,,
0.8690,108,-4.5,22.0,0.0075,,
0.8765,109,-4.0,22.0,0.0075,,
0.8850,110,-3.4,22.0,0.0085,,
0.8935,111,-2.9,22.0,0.0075,,
0.9020,112,-2.3,22.0,0.0075,,
0.9100,113,-1.6,22.0,0.0075,,
0.9185,114,-1.0,22.0,0.0075,,
0.9260,115,-0.4,22.0,0.0075,,
0.9345,116,0.1,22.0,0.0085,,
0.9430,117,0.2,22.0,0.0075,,
0.9515,118,0.5,22.0,0.0075,,
0.9600,119,1.0,22.0,0.0075,,
0.9685,120,1.5,22.0,0.0085,,
0.9760,121,2.2,22.0,0.0075,,
0.9845,122,3.2,22.0,0.0085,,
0.9930,123,3.6,22.0,0.0075,,
1.0015,124,4.1,22.0,0.0075,,
1.0100,125,4.7,22.0,0.0075,,
1.0175,126,5.2,22.0,0.0075,,
1.0260,127,5.7,22.0,0.0085,,
1.0340,128,6.2,22.0,0.0075,,
1.0425,129,6.7,22.0,0.0075,,
1.0510,130,7.3,22.0,0.0075,,
1.0595,131,7.9,22.0,0.0075,,
1.0670,132,8.6,22.0,0.0075,,
1.0755,133,9.4,22.0,0.0085,,
1.0840,134,10.2,22.0,0.0075,,
1.0925,135,11.0,22.0,0.0075,,
1.1010,136,11.8,22.0,0.0075,,
1.1095,137,12.5,22.0,0.0085,,
1.1170,138,13.3,22.0,0.0075,,
1.1255,139,14.1,22.0,0.0085,,
1.1335,140,14.9,22.0,0.0075,,
1.1420,141,15.7,22.0,0.0075,,
1.1505,142,16.6,22.0,0.0075,,
1.1580,143,17.3,22.0,0.0075,,
1.1665,144,18.3,22.0,0.0085,,
1.1750,145,19.2,22.0,0.0085,,
1.1835,146,20.1,22.0,0.0075,,
1.1920,147,21.1,22.0,0.0075,,
1.2005,148,22.2,22.0,0.0075,,
1.2080,149,23.1,22.0,0.0075,,
1.2165,150,24.2,22.0,0.0085,,
1.2250,151,25.4,22.0,0.0075,,
1.2330,152,26.6,22.0,0.0075,,
1.2415,153,27.9,22.0,0.0075,,
1.2500,154,29.3,22.0,0.0075,,
1.2575,155,30.6,22.0,0.0075,,
1.2660,156,32.1,22.0,0.0085,,
1.2745,157,33.7,22.0,0.0075,,
1.2830,158,35.6,22.0,0.0075,,
1.2915,159,37.5,22.0,0.0075,,
1.3000,160,39.4,22.0,0.0085,,
1.3075,161,41.8,22.0,0.0075,,
1.3160,162,44.3,22.0,0.0075,,
1.3245,163,47.2,22.0,0.0075,,
1.3330,164,50.4,22.0,0.0075,,
1.3415,165,53.8,22.0,0.0075,,
1.3490,166,57.1,22.0,0.0075,,
1.3575,167,61.5,22.0,0.0085,,
1.3655,168,66.3,22.0,0.0075,,
1.3740,169,71.5,22.0,0.0075,,
1.3825,170,77.7,22.0,0.0075,,
1.3910,171,83.5,22.0,0.0085,,
1.3985,172,90.3,22.0,0.0075,,
1.4070,173,98.0,22.0,0.0085,,
1.4155,174,106.0,22.0,0.0075,,
1.4240,175,113.9,22.0,0.0075,,
1.4325,176,121.7,22.0,0.0075,,
1.4410,177,128.8,22.0,0.0085,,
1.4485,178,136.7,22.0,0.0075,,
1.4570,179,143.8,22.1,0.0085,,
1.4650,180,150.9,22.1,0.0075,,
1.4735,181,157.6,22.1,0.0075,,
1.4820,182,163.5,22.0,0.0075,,
1.4895,183,168.1,22.1,0.0075,,
1.4980,184,172.7,22.0,0.0085,,
1.5065,185,176.8,22.1,0.0075,,
1.5150,186,180.4,22.1,0.0075,,
1.5235,187,183.2,22.1,0.0075,,
1.5320,188,185.0,22.1,0.0075,,
1.5320,428,192.6,22.1,0.0000,,
1.5325,429,192.6,22.1,0.0005,,
1.5340,430,192.6,22.1,0.0010,,
1.5365,431,192.6,22.1,0.0020,,
1.5410,432,192.6,22.1,0.0035,,
1.5470,433,192.8,22.1,0.0045,,
1.5555,434,193.1,22.1,0.0065,,
1.5630,435,193.7,22.1,0.0060,,
1.5715,436,194.6,22.1,0.0070,,
1.5800,437,195.4,22.1,0.0065,,
1.5885,438,196.1,22.1,0.0065,,
1.5970,439,197.0,22.1,0.0065,,
1.6045,440,197.8,22.1,0.0060,,
1.6130,441,198.6,22.1,0.0070,,
1.6215,442,199.4,22.1,0.0070,,
1.6295,443,200.2,22.1,0.0060,,
1.6380,444,200.9,22.1,0.0065,,
1.6465,445,201.7,22.1,0.0065,,
1.6540,446,202.3,22.1,0.0060,,
1.6625,447,203.0,22.1,0.0070,,
1.6710,448,203.6,22.1,0.0065,,
1.6795,449,204.3,22.1,0.0065,,
1.6880,450,204.9,22.1,0.0065,,
1.6965,451,205.4,22.1,0.0070,,
1.7040,452,206.2,22.1,0.0060,,
1.7125,453,206.8,22.1,0.0070,,
1.7210,454,207.3,22.1,0.0065,,
1.7295,455,207.9,22.1,0.0065,,
1.7380,456,208.4,22.1,0.0065,,
1.7455,457,208.9,22.1,0.0060,,
1.7540,458,209.4,22.1,0.0070,,
1.7620,459,210.0,22.1,0.0060,,
1.7705,460,210.4,22.1,0.0065,,
1.7790,461,210.9,22.1,0.0065,,
1.7875,462,211.4,22.1,0.0070,,
1.7950,463,211.9,22.1,0.0060,,
1.8035,464,212.3,22.1,0.0070,,
1.8120,465,212.8,22.1,0.0065,,
1.8205,466,213.3,22.1,0.0065,,
1.8290,467,213.7,22.1,0.0065,,
1.8365,468,214.1,22.1,0.0060,,
1.8450,469,214.5,22.1,0.0070,,
1.8535,470,214.9,22.1,0.0070,,
1.8620,471,215.4,22.1,0.0065,,
1.8700,472,215.8,22.1,0.0060,,
1.8785,473,216.2,22.1,0.0065,,
1.8860,474,216.5,22.1,0.0060,,
1.8945,475,217.0,22.1,0.0070,,
1.9030,476,217.3,22.1,0.0070,,
1.9115,477,217.7,22.1,0.0065,,
1.9200,478,218.1,22.1,0.0065,,
1.9285,479,218.5,22.2,0.0065,,
1.9360,480,218.8,22.2,0.0060,,
1.9445,481,219.2,22.2,0.0070,,
1.9530,482,219.5,22.2,0.0065,,
1.9615,483,219.9,22.1,0.0065,,
1.9695,484,220.2,22.1,0.0060,,
1.9780,485,220.5,22.1,0.0070,,
1.9860,486,220.9,22.2,0.0065,,
1.9940,487,221.2,22.2,0.0065,,
2.0025,488,221.5,22.2,0.0065,,
2.0110,489,221.9,22.2,0.0065,,
2.0195,490,222.2,22.2,0.0065,,
2.0270,491,222.5,22.2,0.0060,,
2.0355,492,222.8,22.2,0.0070,,
2.0440,493,223.1,22.2,0.0065,,
2.0525,494,223.4,22.2,0.0065,,
2.0610,495,223.7,22.2,0.0065,,
2.0695,496,224.0,22.2,0.0065,,
2.0770,497,224.3,22.2,0.0060,,
2.0855,498,224.6,22.2,0.0070,,
2.0940,499,224.8,22.2,0.0065,,
2.1020,500,225.1,22.2,0.0060,,
2.1105,501,225.4,22.2,0.0065,,
2.1185,502,225.6,22.2,0.0065,,
2.1265,503,225.9,22.2,0.0065,,
2.1350,504,226.2,22.2,0.0070,,
2.1435,505,226.5,22.2,0.0065,,
2.1520,506,226.7,22.2,0.0065,,
2.1605,507,227.0,22.2,0.0065,,
2.1680,508,227.2,22.2,0.0060,,
2.1765,509,227.5,22.2,0.0070,,
2.1850,510,227.7,22.2,0.0065,,
2.1935,511,228.0,22.2,0.0065,,
2.2015,512,228.2,22.2,0.0060,,
2.2100,513,228.4,22.2,0.0065,,
2.2175,514,228.7,22.2,0.0060,,
2.2260,515,228.9,22.2,0.0070,,
2.2345,516,229.2,22.2,0.0065,,
2.2430,517,229.4,22.2,0.0065,,
2.2515,518,229.7,22.2,0.0065,,
2.2600,519,229.8,22.2,0.0070,,
2.2675,520,230.1,22.2,0.0060,,
2.2760,521,230.3,22.2,0.0070,,
2.2845,522,230.6,22.2,0.0065,,
2.2930,523,230.8,22.2,0.0065,,
2.3010,524,231.1,22.2,0.0060,,
2.3090,525,231.2,22.2,0.0065,,
2.3175,526,231.5,22.2,0.0070,,
2.3255,527,231.6,22.2,0.0065,,
2.3340,528,231.9,22.2,0.0065,,
2.3425,529,232.1,22.2,0.0065,,
2.3510,530,232.3,22.2,0.0065,,
2.3585,531,232.5,22.2,0.0060,,
2.3670,532,232.7,22.2,0.0070,,
2.3755,533,232.9,22.2,0.0070,,
2.3840,534,233.1,22.2,0.0065,,
2.3925,535,233.3,22.2,0.0065,,
2.4005,536,233.5,22.2,0.0060,,
2.4085,537,233.7,22.2,0.0065,,
2.4170,538,233.9,22.2,0.0070,,
2.4250,539,234.1,22.2,0.0060,,
2.4330,540,234.3,22.2,0.0060,,
2.4410,541,234.4,22.2,0.0060,,
2.4460,542,234.6,22.2,0.0040,,
2.4475,543,234.7,22.2,0.0010,,
2.4480,544,234.8,22.2,0.0005,,
2.4490,545,234.9,22.2,0.0010,,
2.4505,546,234.9,22.2,0.0010,,
2.4535,547,234.9,22.2,0.0025,,
2.4585,548,235.0,22.2,0.0035,,
Scope 1/1, Sample 3/4 (Junk_3)
Result,TitrationEP1
V,t,E,T,dV/dt,E acc. stat.,Volume acc. stat.
0.0000,0,-65.4,22.2,NaN,,
0.0005,1,-66.1,22.2,0.0005,,
0.0025,2,-66.3,22.2,0.0020,,
0.0050,3,-66.4,22.2,0.0025,,
0.0090,4,-66.6,22.2,0.0035,,
0.0155,5,-66.7,22.2,0.0060,,
0.0235,6,-66.8,22.2,0.0075,,
0.0315,7,-66.8,22.2,0.0080,,
0.0395,8,-66.8,22.2,0.0080,,
0.0480,9,-66.6,22.2,0.0075,,
0.0565,10,-66.4,22.2,0.0075,,
0.0650,11,-66.2,22.2,0.0075,,
0.0725,12,-65.9,22.2,0.0075,,
0.0810,13,-65.6,22.2,0.0085,,
0.0895,14,-65.0,22.2,0.0085,,
0.0980,15,-64.6,22.2,0.0075,,
0.1065,16,-64.1,22.2,0.0075,,
0.1145,17,-63.5,22.2,0.0075,,
0.1225,18,-62.9,22.2,0.0080,,
0.1310,19,-62.2,22.2,0.0085,,
0.1395,20,-61.5,22.2,0.0075,,
0.1475,21,-60.7,22.2,0.0075,,
0.1560,22,-59.9,22.2,0.0075,,
0.1645,23,-59.1,22.2,0.0075,,
0.1720,24,-58.3,22.2,0.0075,,
0.1805,25,-57.4,22.2,0.0085,,
0.1890,26,-56.4,22.2,0.0075,,
0.1975,27,-55.4,22.2,0.0075,,
0.2060,28,-54.5,22.2,0.0075,,
0.2145,29,-53.5,22.2,0.0085,,
0.2220,30,-52.6,22.2,0.0075,,
0.2305,31,-51.6,22.2,0.0085,,
0.2385,32,-50.5,22.2,0.0075,,
0.2470,33,-49.5,22.2,0.0075,,
0.2555,34,-48.6,22.2,0.0075,,
0.2640,35,-47.7,22.2,0.0085,,
0.2715,36,-46.8,22.2,0.0075,,
0.2800,37,-45.9,22.2,0.0085,,
0.2885,38,-45.0,22.2,0.0075,,
0.2970,39,-44.2,22.2,0.0075,,
0.3055,40,-43.4,22.2,0.0075,,
0.3130,41,-42.7,22.2,0.0075,,
0.3215,42,-41.9,22.2,0.0085,,
0.3300,43,-41.1,22.2,0.0075,,
0.3385,44,-40.3,22.2,0.0075,,
0.3470,45,-39.5,22.2,0.0075,,
0.3550,46,-38.9,22.2,0.0080,,
0.3630,47,-38.2,22.2,0.0080,,
0.3710,48,-37.5,22.2,0.0080,,
0.3795,49,-36.8,22.2,0.0075,,
0.3880,50,-36.2,22.2,0.0075,,
0.3965,51,-35.5,22.2,0.0075,,
0.4040,52,-34.9,22.2,0.0075,,
0.4125,53,-34.2,22.2,0.0085,,
0.4210,54,-33.6,22.2,0.0075,,
0.4295,55,-33.0,22.2,0.0075,,
0.4380,56,-32.4,22.2,0.0075,,
0.4465,57,-31.8,22.2,0.0085,,
0.4540,58,-31.2,22.2,0.0075,,
0.4625,59,-30.6,22.2,0.0085,,
0.4710,60,-30.0,22.2,0.0075,,
0.4790,61,-29.5,22.2,0.0075,,
0.4875,62,-28.9,22.2,0.0075,,
0.4960,63,-28.4,22.2,0.0085,,
0.5035,64,-27.8,22.2,0.0075,,
0.5120,65,-27.3,22.2,0.0075,,
0.5205,66,-26.7,22.2,0.0075,,
0.5290,67,-26.2,22.2,0.0075,,
0.5375,68,-25.6,22.2,0.0075,,
0.5450,69,-25.1,22.2,0.0075,,
0.5535,70,-24.6,22.2,0.0085,,
0.5620,71,-24.1,22.2,0.0075,,
0.5705,72,-23.6,22.2,0.0075,,
0.5790,73,-23.0,22.2,0.0075,,
0.5870,74,-22.6,22.2,0.0080,,
0.5950,75,-22.0,22.2,0.0080,,
0.6035,76,-21.5,22.2,0.0085,,
0.6115,77,-21.0,22.2,0.0075,,
0.6200,78,-20.5,22.2,0.0075,,
0.6285,79,-20.0,22.2,0.0075,,
0.6360,80,-19.5,22.2,0.0075,,
0.6445,81,-19.0,22.2,0.0085,,
0.6530,82,-18.5,22.2,0.0075,,
0.6615,83,-18.0,22.2,0.0075,,
0.6700,84,-17.5,22.2,0.0075,,
0.6785,85,-17.0,22.2,0.0075,,
0.6860,86,-16.6,22.2,0.0075,,
0.6945,87,-16.0,22.2,0.0085,,
0.7030,88,-15.6,22.2,0.0075,,
0.7110,89,-15.1,22.2,0.0075,,
0.7195,90,-14.6,22.2,0.0075,,
0.7280,91,-14.1,22.2,0.0085,,
0.7355,92,-13.6,22.2,0.0075,,
0.7440,93,-13.1,22.2,0.0085,,
0.7525,94,-12.6,22.2,0.0075,,
0.7610,95,-12.1,22.2,0.0075,,
0.7695,96,-11.6,22.2,0.0075,,
0.7770,97,-11.2,22.2,0.0075,,
0.7855,98,-10.7,22.2,0.0085,,
0.7940,99,-10.2,22.2,0.0075,,
0.8025,100,-9.7,22.2,0.0075,,
0.8105,101,-9.2,22.2,0.0075,,
0.8190,102,-8.7,22.2,0.0075,,
0.8265,103,-8.3,22.2,0.0075,,
0.8350,104,-7.8,22.2,0.0085,,
0.8435,105,-7.3,22.2,0.0075,,
0.8520,106,-6.8,22.2,0.0075,,
0.8605,107,-6.4,22.2,0.0075,,
0.8690,108,-5.9,22.2,0.0085,,
0.8765,109,-5.4,22.2,0.0075,,
0.8850,110,-4.8,22.2,0.0085,,
0.8935,111,-4.2,22.2,0.0075,,
0.9020,112,-3.6,22.2,0.0075,,
0.9105,113,-3.0,22.2,0.0075,,
0.9180,114,-2.5,22.2,0.0075,,
0.9265,115,-1.8,22.2,0.0085,,
0.9345,116,-1.2,22.2,0.0075,,
0.9430,117,-0.5,22.2,0.0075,,
0.9515,118,0.0,22.2,0.0075,,
0.9600,119,0.3,22.2,0.0075,,
0.9675,120,0.3,22.2,0.0075,,
0.9760,121,0.9,22.2,0.0085,,
0.9845,122,1.5,22.2,0.0075,,
0.9930,123,2.2,22.2,0.0075,,
1.0015,124,3.0,22.2,0.0075,,
1.0100,125,3.7,22.2,0.0075,,
1.0175,126,4.0,22.2,0.0075,,
1.0260,127,4.6,22.2,0.0085,,
1.0345,128,5.2,22.2,0.0075,,
1.0425,129,5.7,22.2,0.0075,,
1.0510,130,6.2,22.2,0.0075,,
1.0590,131,6.7,22.2,0.0080,,
1.0670,132,7.2,22.2,0.0080,,
1.0755,133,7.9,22.2,0.0075,,
1.0840,134,8.6,22.2,0.0075,,
1.0925,135,9.4,22.2,0.0075,,
1.1010,136,10.1,22.2,0.0075,,
1.1085,137,11.0,22.2,0.0075,,
1.1170,138,11.7,22.2,0.0085,,
1.1255,139,12.5,22.2,0.0075,,
1.1340,140,13.3,22.2,0.0075,,
1.1420,141,14.2,22.3,0.0075,,
1.1505,142,14.9,22.2,0.0075,,
1.1580,143,15.7,22.3,0.0075,,
1.1665,144,16.6,22.2,0.0085,,
1.1750,145,17.4,22.3,0.0075,,
1.1835,146,18.3,22.3,0.0075,,
1.1920,147,19.3,22.3,0.0075,,
1.1995,148,20.1,22.3,0.0075,,
1.2080,149,21.0,22.3,0.0085,,
1.2165,150,22.1,22.3,0.0085,,
1.2250,151,23.1,22.3,0.0075,,
1.2335,152,24.2,22.3,0.0075,,
1.2415,153,25.4,22.3,0.0075,,
1.2495,154,26.5,22.3,0.0080,,
1.2580,155,27.8,22.3,0.0085,,
1.2660,156,29.2,22.3,0.0075,,
1.2745,157,30.7,22.3,0.0075,,
1.2830,158,32.3,22.3,0.0075,,
1.2915,159,34.0,22.3,0.0075,,
1.2990,160,35.5,22.3,0.0075,,
1.3075,161,37.5,22.3,0.0085,,
1.3160,162,39.6,22.3,0.0075,,
1.3245,163,41.9,22.3,0.0075,,
1.3330,164,44.3,22.3,0.0075,,
1.3415,165,46.8,22.3,0.0085,,
1.3490,166,49.9,22.3,0.0075,,
1.3575,167,53.5,22.3,0.0085,,
1.3660,168,57.5,22.3,0.0075,,
1.3740,169,61.8,22.3,0.0075,,
1.3825,170,66.9,22.3,0.0075,,
1.3905,171,71.9,22.3,0.0080,,
1.3985,172,77.5,22.3,0.0080,,
1.4070,173,84.0,22.3,0.0075,,
1.4155,174,90.6,22.3,0.0075,,
1.4240,175,97.8,22.3,0.0075,,
1.4325,176,105.2,22.3,0.0075,,
1.4400,177,112.0,22.3,0.0075,,
1.4485,178,120.0,22.3,0.0085,,
1.4570,179,127.9,22.3,0.0075,,
1.4655,180,135.9,22.3,0.0075,,
1.4740,181,143.0,22.3,0.0075,,
1.4815,182,149.3,22.3,0.0075,,
1.4900,183,155.9,22.3,0.0085,,
1.4980,184,161.9,22.3,0.0075,,
1.5065,185,167.2,22.3,0.0075,,
1.5150,186,172.0,22.3,0.0075,,
1.5235,187,176.2,22.3,0.0075,,
1.5310,188,179.3,22.3,0.0075,,
1.5395,189,182.4,22.3,0.0085,,
1.5480,190,184.9,22.3,0.0075,,
1.5510,190,185.1,22.3,0.0060,,
1.5510,430,192.7,22.4,0.0000,,
1.5515,432,192.7,22.4,0.0005,,
1.5530,433,192.7,22.4,0.0025,,
1.5555,434,192.7,22.4,0.0040,,
1.5595,435,192.7,22.4,0.0055,,
1.5660,436,192.9,22.4,0.0095,,
1.5745,437,193.2,22.4,0.0120,,
1.5820,438,193.7,22.4,0.0125,,
1.5905,439,194.4,22.4,0.0140,,
1.5990,440,195.2,22.4,0.0140,,
1.6075,441,196.3,22.4,0.0120,,
1.6155,442,197.1,22.4,0.0115,,
1.6240,443,197.9,22.4,0.0140,,
1.6320,444,198.7,22.4,0.0135,,
1.6400,445,199.5,22.4,0.0135,,
1.6485,446,200.2,22.4,0.0120,,
1.6570,447,200.9,22.4,0.0120,,
1.6655,448,201.7,22.4,0.0120,,
1.6740,449,202.4,22.4,0.0140,,
1.6815,450,203.0,22.4,0.0125,,
1.6900,451,203.6,22.4,0.0140,,
1.6985,452,204.3,22.4,0.0120,,
1.7070,453,205.0,22.4,0.0120,,
1.7155,454,205.7,22.4,0.0120,,
1.7230,455,206.2,22.4,0.0125,,
1.7315,456,206.7,22.4,0.0140,,
1.7400,457,207.3,22.4,0.0120,,
1.7480,458,207.9,22.4,0.0115,,
1.7565,459,208.4,22.4,0.0120,,
1.7650,460,208.9,22.4,0.0140,,
1.7725,461,209.4,22.4,0.0125,,
1.7810,462,210.0,22.4,0.0140,,
1.7895,463,210.5,22.4,0.0120,,
1.7980,464,211.0,22.4,0.0120,,
1.8065,465,211.4,22.4,0.0120,,
1.8140,466,211.9,22.4,0.0125,,
1.8225,467,212.4,22.4,0.0140,,
1.8310,468,212.8,22.4,0.0140,,
1.8395,469,213.3,22.4,0.0120,,
1.8475,470,213.7,22.4,0.0115,,
1.8560,471,214.1,22.4,0.0120,,
1.8635,472,214.5,22.4,0.0125,,
1.8720,473,215.0,22.4,0.0140,,
1.8805,474,215.4,22.4,0.0120,,
1.8890,475,215.8,22.4,0.0120,,
1.8975,476,216.3,22.4,0.0120,,
1.9060,477,216.6,22.4,0.0140,,
1.9135,478,217.0,22.4,0.0125,,
1.9220,479,217.4,22.4,0.0140,,
1.9305,480,217.7,22.4,0.0120,,
1.9390,481,218.1,22.4,0.0120,,
1.9475,482,218.5,22.4,0.0120,,
1.9550,483,218.8,22.4,0.0125,,
1.9635,484,219.2,22.4,0.0140,,
1.9720,485,219.5,22.4,0.0140,,
1.9800,486,219.8,22.4,0.0115,,
1.9885,487,220.1,22.4,0.0120,,
1.9970,488,220.5,22.4,0.0120,,
2.0045,489,220.8,22.4,0.0125,,
2.0130,490,221.1,22.4,0.0140,,
2.0215,491,221.4,22.4,0.0120,,
2.0300,492,221.8,22.4,0.0120,,
2.0385,493,222.1,22.4,0.0120,,
2.0470,494,222.4,22.4,0.0140,,
2.0545,495,222.7,22.4,0.0125,,
2.0630,496,223.0,22.4,0.0140,,
2.0715,497,223.4,22.4,0.0120,,
2.0795,498,223.7,22.4,0.0115,,
2.0880,499,224.0,22.4,0.0120,,
2.0960,500,224.3,22.4,0.0135,,
2.1040,501,224.5,22.4,0.0135,,
2.1125,502,224.9,22.4,0.0140,,
2.1210,503,225.1,22.4,0.0120,,
2.1295,504,225.3,22.4,0.0120,,
2.1380,505,225.6,22.4,0.0140,,
2.1455,506,225.9,22.4,0.0125,,
2.1540,507,226.2,22.4,0.0140,,
2.1625,508,226.4,22.4,0.0120,,
2.1710,509,226.6,22.4,0.0120,,
2.1795,510,226.9,22.4,0.0120,,
2.1875,511,227.2,22.4,0.0135,,
2.1955,512,227.4,22.4,0.0135,,
2.2035,513,227.7,22.4,0.0135,,
2.2120,514,228.0,22.4,0.0120,,
2.2205,515,228.2,22.4,0.0120,,
2.2290,516,228.5,22.4,0.0120,,
2.2365,517,228.7,22.4,0.0125,,
2.2450,518,229.0,22.4,0.0140,,
2.2535,519,229.1,22.4,0.0140,,
2.2620,520,229.4,22.4,0.0120,,
2.2705,521,229.6,22.4,0.0120,,
2.2790,522,229.8,22.4,0.0140,,
2.2865,523,230.0,22.4,0.0125,,
2.2950,524,230.3,22.4,0.0140,,
2.3035,525,230.5,22.4,0.0120,,
2.3115,526,230.8,22.4,0.0115,,
2.3200,527,230.9,22.4,0.0120,,
2.3285,528,231.2,22.4,0.0140,,
2.3360,529,231.4,22.4,0.0125,,
2.3445,530,231.7,22.4,0.0140,,
2.3530,531,231.9,22.4,0.0120,,
2.3615,532,232.1,22.4,0.0120,,
2.3700,533,232.3,22.4,0.0120,,
2.3775,534,232.5,22.4,0.0125,,
2.3860,535,232.7,22.4,0.0140,,
2.3945,536,232.9,22.4,0.0120,,
2.4030,537,233.1,22.4,0.0120,,
2.4115,538,233.3,22.4,0.0120,,
2.4195,539,233.5,22.4,0.0135,,
2.4275,540,233.6,22.4,0.0135,,
2.4355,541,233.9,22.4,0.0135,,
2.4440,542,234.1,22.4,0.0120,,
2.4525,543,234.3,22.4,0.0120,,
2.4595,544,234.4,22.4,0.0100,,
2.4630,545,234.6,22.4,0.0060,,
2.4645,546,234.7,22.4,0.0025,,
2.4655,547,234.8,22.4,0.0015,,
2.4665,548,234.8,22.4,0.0015,,
2.4685,549,234.9,22.4,0.0030,,
2.4715,550,234.9,22.4,0.0045,,
2.4750,551,235.0,22.4,0.0060,,
2.4800,552,235.0,22.4,0.0085,,
Scope 1/1, Sample 4/4 (CRM)
Result,TitrationEP1
V,t,E,T,dV/dt,E acc. stat.,Volume acc. stat.
0.0000,0,-50.9,23.3,NaN,,
0.0005,1,-52.3,23.3,0.0005,,
0.0025,2,-52.6,23.3,0.0020,,
0.0050,3,-52.9,23.3,0.0025,,
0.0090,4,-53.2,23.3,0.0035,,
0.0155,5,-53.5,23.3,0.0060,,
0.0235,6,-53.7,23.3,0.0075,,
0.0315,7,-53.9,23.3,0.0080,,
0.0395,8,-54.0,23.3,0.0080,,
0.0480,9,-54.0,23.3,0.0075,,
0.0565,10,-53.9,23.3,0.0075,,
0.0650,11,-53.8,23.3,0.0075,,
0.0725,12,-53.6,23.3,0.0075,,
0.0810,13,-53.4,23.3,0.0085,,
0.0895,14,-53.0,23.3,0.0075,,
0.0980,15,-52.6,23.3,0.0075,,
0.1065,16,-52.2,23.3,0.0075,,
0.1150,17,-51.6,23.3,0.0075,,
0.1225,18,-51.1,23.3,0.0075,,
0.1310,19,-50.5,23.3,0.0085,,
0.1395,20,-49.9,23.3,0.0075,,
0.1475,21,-49.2,23.3,0.0075,,
0.1560,22,-48.4,23.3,0.0075,,
0.1645,23,-47.7,23.3,0.0085,,
0.1720,24,-46.9,23.3,0.0075,,
0.1805,25,-46.0,23.3,0.0085,,
0.1890,26,-45.2,23.3,0.0075,,
0.1975,27,-44.4,23.3,0.0075,,
0.2060,28,-43.6,23.3,0.0075,,
0.2135,29,-42.8,23.3,0.0075,,
0.2220,30,-42.0,23.3,0.0085,,
0.2305,31,-41.1,23.3,0.0085,,
0.2390,32,-40.4,23.3,0.0075,,
0.2475,33,-39.6,23.3,0.0075,,
0.2555,34,-38.9,23.3,0.0075,,
0.2635,35,-38.2,23.3,0.0080,,
0.2715,36,-37.5,23.3,0.0080,,
0.2800,37,-36.8,23.3,0.0075,,
0.2885,38,-36.1,23.3,0.0075,,
0.2970,39,-35.5,23.3,0.0075,,
0.3055,40,-34.8,23.3,0.0075,,
0.3130,41,-34.2,23.3,0.0075,,
0.3215,42,-33.6,23.3,0.0085,,
0.3300,43,-32.9,23.3,0.0075,,
0.3385,44,-32.3,23.3,0.0075,,
0.3470,45,-31.6,23.3,0.0075,,
0.3545,46,-31.1,23.3,0.0075,,
0.3630,47,-30.5,23.3,0.0085,,
0.3715,48,-29.9,23.3,0.0075,,
0.3795,49,-29.3,23.3,0.0075,,
0.3880,50,-28.7,23.3,0.0075,,
0.3965,51,-28.2,23.3,0.0085,,
0.4040,52,-27.6,23.3,0.0075,,
0.4125,53,-27.0,23.3,0.0085,,
0.4210,54,-26.4,23.3,0.0075,,
0.4295,55,-25.9,23.3,0.0075,,
0.4380,56,-25.3,23.3,0.0075,,
0.4455,57,-24.8,23.3,0.0075,,
0.4540,58,-24.3,23.3,0.0085,,
0.4625,59,-23.8,23.3,0.0075,,
0.4710,60,-23.2,23.3,0.0075,,
0.4795,61,-22.7,23.3,0.0075,,
0.4880,62,-22.2,23.3,0.0075,,
0.4955,63,-21.7,23.3,0.0075,,
0.5040,64,-21.2,23.3,0.0085,,
0.5120,65,-20.6,23.3,0.0075,,
0.5205,66,-20.1,23.3,0.0075,,
0.5290,67,-19.6,23.3,0.0075,,
0.5365,68,-19.1,23.3,0.0075,,
0.5450,69,-18.6,23.3,0.0085,,
0.5535,70,-18.1,23.3,0.0085,,
0.5620,71,-17.6,23.3,0.0075,,
0.5705,72,-17.1,23.3,0.0075,,
0.5790,73,-16.5,23.3,0.0075,,
0.5865,74,-16.1,23.3,0.0075,,
0.5950,75,-15.5,23.3,0.0075,,
0.6035,76,-15.0,23.3,0.0075,,
0.6120,77,-14.5,23.3,0.0075,,
0.6200,78,-14.0,23.3,0.0075,,
0.6285,79,-13.5,23.3,0.0075,,
0.6360,80,-13.0,23.3,0.0075,,
0.6445,81,-12.5,23.3,0.0085,,
0.6530,82,-12.0,23.3,0.0075,,
0.6615,83,-11.5,23.3,0.0075,,
0.6700,84,-11.0,23.3,0.0075,,
0.6785,85,-10.5,23.3,0.0085,,
0.6860,86,-10.1,23.3,0.0075,,
0.6945,87,-9.6,23.3,0.0085,,
0.7030,88,-9.1,23.3,0.0075,,
0.7115,89,-8.6,23.3,0.0075,,
0.7195,90,-8.1,23.3,0.0075,,
0.7275,91,-7.7,23.3,0.0080,,
0.7355,92,-7.2,23.3,0.0080,,
0.7440,93,-6.7,23.3,0.0075,,
0.7525,94,-6.2,23.3,0.0075,,
0.7610,95,-5.7,23.3,0.0075,,
0.7695,96,-5.2,23.3,0.0075,,
0.7770,97,-4.7,23.3,0.0075,,
0.7855,98,-4.1,23.3,0.0085,,
0.7940,99,-3.5,23.3,0.0075,,
0.8025,100,-2.9,23.3,0.0075,,
0.8110,101,-2.3,23.3,0.0075,,
0.8190,102,-1.7,23.3,0.0075,,
0.8270,103,-1.1,23.3,0.0080,,
0.8350,104,-0.6,23.3,0.0080,,
0.8435,105,0.0,23.3,0.0075,,
0.8520,106,0.4,23.3,0.0075,,
0.8605,107,0.3,23.3,0.0075,,
0.8680,108,0.8,23.3,0.0075,,
0.8765,109,1.3,23.3,0.0085,,
0.8850,110,1.9,23.3,0.0085,,
0.8935,111,2.6,23.3,0.0075,,
0.9020,112,3.7,23.3,0.0075,,
0.9105,113,3.7,23.3,0.0075,,
0.9180,114,4.3,23.3,0.0075,,
0.9265,115,4.8,23.3,0.0085,,
0.9350,116,5.3,23.3,0.0075,,
0.9430,117,5.8,23.3,0.0075,,
0.9515,118,6.3,23.3,0.0075,,
0.9600,119,6.8,23.3,0.0075,,
0.9675,120,7.3,23.3,0.0075,,
0.9760,121,7.9,23.3,0.0085,,
0.9845,122,8.5,23.3,0.0075,,
0.9930,123,9.2,23.3,0.0075,,
1.0015,124,10.0,23.3,0.0075,,
1.0100,125,10.6,23.3,0.0085,,
1.0175,126,11.4,23.3,0.0075,,
1.0260,127,12.1,23.3,0.0085,,
1.0345,128,12.8,23.3,0.0075,,
1.0430,129,13.5,23.3,0.0075,,
1.0510,130,14.3,23.3,0.0075,,
1.0590,131,14.9,23.3,0.0080,,
1.0670,132,15.7,23.3,0.0080,,
1.0755,133,16.4,23.3,0.0075,,
1.0840,134,17.2,23.3,0.0075,,
1.0925,135,17.9,23.3,0.0075,,
1.1010,136,18.7,23.3,0.0075,,
1.1085,137,19.4,23.3,0.0075,,
1.1170,138,20.3,23.3,0.0085,,
1.1255,139,21.1,23.3,0.0075,,
1.1340,140,22.0,23.3,0.0075,,
1.1425,141,22.9,23.3,0.0075,,
1.1510,142,23.8,23.3,0.0085,,
1.1585,143,24.7,23.3,0.0075,,
1.1670,144,25.7,23.3,0.0085,,
1.1750,145,26.8,23.3,0.0075,,
1.1835,146,27.8,23.3,0.0075,,
1.1920,147,29.0,23.3,0.0075,,
1.1995,148,30.1,23.3,0.0075,,
1.2080,149,31.4,23.3,0.0085,,
1.2165,150,32.7,23.3,0.0075,,
1.2250,151,34.0,23.3,0.0075,,
1.2335,152,35.5,23.3,0.0075,,
1.2420,153,37.0,23.3,0.0075,,
1.2495,154,38.6,23.3,0.0075,,
1.2580,155,40.4,23.3,0.0085,,
1.2665,156,42.3,23.3,0.0075,,
1.2745,157,44.4,23.3,0.0075,,
1.2830,158,46.8,23.3,0.0075,,
1.2915,159,49.1,23.3,0.0085,,
1.2990,160,52.0,23.3,0.0075,,
1.3075,161,55.2,23.3,0.0085,,
1.3160,162,58.8,23.3,0.0075,,
1.3245,163,62.7,23.3,0.0075,,
1.3330,164,67.3,23.3,0.0075,,
1.3405,165,71.5,23.3,0.0075,,
1.3490,166,77.0,23.3,0.0085,,
1.3575,167,82.6,23.3,0.0075,,
1.3660,168,88.9,23.3,0.0075,,
1.3745,169,95.7,23.3,0.0075,,
1.3830,170,102.0,23.3,0.0085,,
1.3905,171,109.4,23.3,0.0075,,
1.3990,172,117.4,23.3,0.0085,,
1.4070,173,125.4,23.3,0.0075,,
1.4155,174,133.3,23.3,0.0075,,
1.4240,175,141.1,23.3,0.0075,,
1.4315,176,147.8,23.3,0.0075,,
1.4400,177,154.8,23.3,0.0085,,
1.4485,178,161.3,23.3,0.0075,,
1.4570,179,167.1,23.3,0.0075,,
1.4655,180,172.1,23.3,0.0075,,
1.4740,181,176.2,23.3,0.0075,,
1.4815,182,179.4,23.3,0.0075,,
1.4900,183,182.3,23.3,0.0085,,
1.4985,184,184.8,23.3,0.0075,,
1.5020,185,185.2,23.3,0.0060,,
1.5020,425,192.8,23.3,0.0000,,
1.5025,426,192.8,23.3,0.0010,,
1.5040,427,192.8,23.3,0.0025,,
1.5065,428,192.8,23.3,0.0035,,
1.5105,429,192.9,23.3,0.0055,,
1.5165,430,193.1,23.3,0.0085,,
1.5250,431,193.4,23.3,0.0140,,
1.5325,432,194.0,23.3,0.0125,,
1.5410,433,194.8,23.3,0.0140,,
1.5495,434,195.7,23.3,0.0120,,
1.5580,435,196.5,23.3,0.0120,,
1.5665,436,197.2,23.3,0.0120,,
1.5740,437,198.1,23.3,0.0125,,
1.5825,438,198.8,23.3,0.0140,,
1.5910,439,199.6,23.3,0.0140,,
1.5990,440,200.4,23.3,0.0115,,
1.6075,441,201.2,23.3,0.0120,,
1.6160,442,201.9,23.3,0.0120,,
1.6235,443,202.5,23.3,0.0125,,
1.6320,444,203.3,23.3,0.0140,,
1.6405,445,204.0,23.3,0.0120,,
1.6490,446,204.8,23.3,0.0120,,
1.6575,447,205.4,23.3,0.0120,,
1.6660,448,205.9,23.3,0.0140,,
1.6735,449,206.5,23.3,0.0125,,
1.6820,450,207.1,23.3,0.0140,,
1.6905,451,207.6,23.3,0.0120,,
1.6990,452,208.2,23.3,0.0120,,
1.7070,453,208.7,23.3,0.0115,,
1.7150,454,209.2,23.3,0.0135,,
1.7230,455,209.8,23.3,0.0135,,
1.7315,456,210.3,23.3,0.0140,,
1.7400,457,210.8,23.3,0.0120,,
1.7485,458,211.3,23.3,0.0120,,
1.7570,459,211.8,23.3,0.0120,,
1.7645,460,212.2,23.3,0.0125,,
1.7730,461,212.6,23.3,0.0140,,
1.7815,462,213.1,23.3,0.0120,,
1.7900,463,213.7,23.3,0.0120,,
1.7985,464,214.1,23.3,0.0120,,
1.8070,465,214.5,23.3,0.0140,,
1.8145,466,214.9,23.3,0.0125,,
1.8230,467,215.4,23.3,0.0140,,
1.8310,468,215.8,23.3,0.0115,,
1.8395,469,216.2,23.3,0.0120,,
1.8480,470,216.6,23.3,0.0120,,
1.8555,471,217.0,23.3,0.0125,,
1.8640,472,217.3,23.3,0.0140,,
1.8725,473,217.8,23.3,0.0140,,
1.8810,474,218.1,23.3,0.0120,,
1.8895,475,218.5,23.3,0.0120,,
1.8980,476,218.8,23.3,0.0120,,
1.9055,477,219.2,23.3,0.0125,,
1.9140,478,219.5,23.3,0.0140,,
1.9225,479,219.9,23.3,0.0120,,
1.9310,480,220.3,23.3,0.0120,,
1.9390,481,220.6,23.3,0.0115,,
1.9475,482,220.9,23.3,0.0140,,
1.9550,483,221.2,23.3,0.0125,,
1.9635,484,221.6,23.3,0.0140,,
1.9720,485,221.9,23.3,0.0120,,
1.9805,486,222.2,23.3,0.0120,,
1.9890,487,222.6,23.3,0.0120,,
1.9965,488,222.8,23.3,0.0125,,
2.0050,489,223.1,23.3,0.0140,,
2.0135,490,223.4,23.3,0.0120,,
2.0220,491,223.8,23.3,0.0120,,
2.0305,492,224.1,23.3,0.0120,,
2.0380,493,224.4,23.3,0.0125,,
2.0465,494,224.7,23.3,0.0140,,
2.0550,495,225.0,23.3,0.0140,,
2.0630,496,225.2,23.3,0.0115,,
2.0715,497,225.5,23.3,0.0120,,
2.0800,498,225.7,23.3,0.0120,,
2.0875,499,226.0,23.3,0.0125,,
2.0960,500,226.3,23.3,0.0140,,
2.1045,501,226.6,23.3,0.0140,,
2.1130,502,226.9,23.3,0.0120,,
2.1215,503,227.1,23.3,0.0120,,
2.1300,504,227.4,23.3,0.0120,,
2.1375,505,227.6,23.3,0.0125,,
2.1460,506,227.9,23.3,0.0140,,
2.1545,507,228.2,23.3,0.0120,,
2.1630,508,228.4,23.3,0.0120,,
2.1710,509,228.7,23.3,0.0115,,
2.1795,510,228.9,23.3,0.0140,,
2.1870,511,229.1,23.3,0.0125,,
2.1955,512,229.4,23.3,0.0140,,
2.2040,513,229.6,23.3,0.0120,,
2.2125,514,229.9,23.3,0.0120,,
2.2210,515,230.1,23.3,0.0120,,
2.2285,516,230.3,23.3,0.0125,,
2.2370,517,230.5,23.3,0.0140,,
2.2455,518,230.8,23.3,0.0140,,
2.2540,519,231.0,23.3,0.0120,,
2.2625,520,231.2,23.3,0.0120,,
2.2710,521,231.5,23.3,0.0140,,
2.2785,522,231.6,23.3,0.0125,,
2.2870,523,231.9,23.3,0.0140,,
2.2955,524,232.1,23.3,0.0120,,
2.3035,525,232.3,23.3,0.0115,,
2.3120,526,232.6,23.3,0.0120,,
2.3195,527,232.7,23.3,0.0125,,
2.3280,528,232.9,23.3,0.0140,,
2.3365,529,233.2,23.3,0.0140,,
2.3450,530,233.3,23.3,0.0120,,
2.3535,531,233.6,23.3,0.0120,,
2.3620,532,233.8,23.3,0.0140,,
2.3695,533,233.9,23.3,0.0125,,
2.3780,534,234.1,23.3,0.0140,,
2.3850,535,234.3,23.3,0.0100,,
2.3870,536,234.5,23.3,0.0030,,
2.3880,537,234.6,23.3,0.0015,,
2.3890,538,234.7,23.3,0.0015,,
2.3905,539,234.7,23.3,0.0025,,
2.3930,540,234.8,23.3,0.0040,,
2.3970,541,234.8,23.3,0.0055,,
2.4020,542,234.9,23.3,0.0070,,
2.4100,543,235.0,23.3,0.0080,,
