Task,T2343
Scope 1/1, Sample 1/6 (Junk)
Result,TitrationEP1
V,t,E,T,dV/dt,E acc. stat.,Volume acc. stat.
0.0000,0,-47.6,21.7,NaN,,
0.0010,1,-47.6,21.7,0.0010,,
0.0025,2,-47.8,21.7,0.0015,,
0.0050,3,-47.8,21.7,0.0025,,
0.0090,4,-47.7,21.7,0.0035,,
0.0150,5,-47.7,21.7,0.0055,,
0.0235,6,-47.4,21.7,0.0075,,
0.0320,7,-46.7,21.7,0.0075,,
0.0405,8,-45.9,21.7,0.0075,,
0.0490,9,-44.4,21.7,0.0075,,
0.0565,10,-43.0,21.7,0.0070,,
0.0650,11,-41.5,21.7,0.0075,,
0.0735,12,-39.8,21.7,0.0075,,
0.0815,13,-37.8,21.7,0.0075,,
0.0900,14,-36.1,21.7,0.0075,,
0.0985,15,-34.0,21.7,0.0075,,
0.1060,16,-32.0,21.7,0.0070,,
0.1145,17,-29.6,21.7,0.0075,,
0.1230,18,-27.4,21.7,0.0075,,
0.1315,19,-24.7,21.7,0.0075,,
0.1400,20,-22.0,21.7,0.0075,,
0.1480,21,-19.1,21.7,0.0075,,
0.1560,22,-16.6,21.7,0.0075,,
0.1640,23,-13.5,21.7,0.0075,,
0.1725,24,-10.5,21.7,0.0075,,
0.1810,25,-7.7,21.7,0.0075,,
0.1895,26,-4.7,21.7,0.0075,,
0.1980,27,-1.5,21.7,0.0075,,
0.2055,28,0.0,21.7,0.0070,,
0.2140,29,2.3,21.7,0.0075,,
0.2225,30,4.1,21.7,0.0075,,
0.2310,31,5.6,21.7,0.0075,,
0.2395,32,7.1,21.7,0.0075,,
0.2475,33,8.6,21.7,0.0075,,
0.2555,34,10.1,21.7,0.0075,,
0.2640,35,11.5,21.7,0.0075,,
0.2720,36,12.7,21.7,0.0075,,
0.2805,37,14.1,21.7,0.0075,,
0.2890,38,15.2,21.7,0.0075,,
0.2975,39,16.2,21.7,0.0075,,
0.3050,40,17.2,21.7,0.0070,,
0.3135,41,18.3,21.7,0.0075,,
0.3220,42,19.3,21.7,0.0075,,
0.3305,43,20.7,21.7,0.0075,,
0.3390,44,21.8,21.7,0.0075,,
0.3470,45,22.7,21.7,0.0065,,
0.3550,46,23.7,21.7,0.0075,,
0.3630,47,24.6,21.7,0.0075,,
0.3715,48,25.4,21.7,0.0075,,
0.3800,49,26.2,21.7,0.0075,,
0.3885,50,27.2,21.7,0.0075,,
0.3970,51,28.1,21.7,0.0070,,
0.4045,52,28.9,21.7,0.0070,,
0.4130,53,29.7,21.7,0.0075,,
0.4215,54,30.6,21.7,0.0075,,
0.4300,55,31.5,21.7,0.0075,,
0.4380,56,32.4,21.7,0.0075,,
0.4465,57,33.3,21.7,0.0075,,
0.4540,58,34.1,21.7,0.0070,,
0.4625,59,35.0,21.7,0.0075,,
0.4710,60,35.8,21.7,0.0075,,
0.4795,61,36.6,21.7,0.0075,,
0.4880,62,37.3,21.7,0.0075,,
0.4965,63,38.1,21.7,0.0075,,
0.5040,64,38.9,21.7,0.0070,,
0.5125,65,39.7,21.7,0.0075,,
0.5205,66,40.5,21.7,0.0075,,
0.5290,67,41.3,21.7,0.0075,,
0.5375,68,42.1,21.7,0.0075,,
0.5460,69,42.9,21.7,0.0075,,
0.5545,70,43.6,21.7,0.0075,,
0.5620,71,44.3,21.7,0.0070,,
0.5705,72,45.1,21.7,0.0075,,
0.5790,73,45.8,21.7,0.0075,,
0.5875,74,46.4,21.7,0.0075,,
0.5955,75,47.1,21.7,0.0075,,
0.6040,76,47.9,21.7,0.0070,,
0.6115,77,48.6,21.7,0.0070,,
0.6200,78,49.4,21.8,0.0075,,
0.6285,79,50.1,21.8,0.0075,,
0.6370,80,50.9,21.8,0.0075,,
0.6455,81,51.6,21.7,0.0075,,
0.6540,82,52.2,21.7,0.0075,,
0.6615,83,53.0,21.8,0.0070,,
0.6700,84,53.5,21.8,0.0075,,
0.6785,85,54.3,21.8,0.0075,,
0.6865,86,55.1,21.8,0.0075,,
0.6950,87,55.8,21.8,0.0075,,
0.7035,88,56.4,21.8,0.0075,,
0.7110,89,57.1,21.8,0.0070,,
0.7195,90,57.8,21.8,0.0075,,
0.7280,91,58.6,21.8,0.0075,,
0.7365,92,59.1,21.8,0.0075,,
0.7450,93,59.8,21.8,0.0075,,
0.7525,94,60.5,21.8,0.0070,,
0.7610,95,61.3,21.8,0.0075,,
0.7695,96,62.2,21.8,0.0075,,
0.7775,97,62.8,21.8,0.0075,,
0.7860,98,63.6,21.8,0.0075,,
0.7945,99,64.3,21.8,0.0075,,
0.8030,100,64.9,21.8,0.0075,,
0.8105,101,65.6,21.8,0.0070,,
0.8190,102,66.3,21.8,0.0075,,
0.8275,103,67.0,21.8,0.0075,,
0.8360,104,67.7,21.8,0.0075,,
0.8445,105,68.4,21.8,0.0075,,
0.8520,106,68.9,21.8,0.0070,,
0.8605,107,69.7,21.8,0.0075,,
0.8690,108,70.4,21.8,0.0075,,
0.8770,109,71.1,21.8,0.0075,,
0.8855,110,71.9,21.8,0.0075,,
0.8940,111,72.6,21.8,0.0075,,
0.9015,112,73.5,21.8,0.0070,,
0.9100,113,74.3,21.8,0.0075,,
0.9185,114,75.1,21.8,0.0075,,
0.9270,115,75.9,21.8,0.0075,,
0.9355,116,76.7,21.8,0.0075,,
0.9440,117,77.5,21.8,0.0075,,
0.9515,118,78.1,21.8,0.0070,,
0.9600,119,78.8,21.8,0.0075,,
0.9680,120,79.5,21.8,0.0075,,
0.9765,121,80.4,21.8,0.0075,,
0.9850,122,81.5,21.8,0.0075,,
0.9935,123,82.3,21.8,0.0075,,
1.0020,124,83.1,21.8,0.0075,,
1.0095,125,84.0,21.8,0.0070,,
1.0180,126,84.9,21.8,0.0075,,
1.0265,127,85.5,21.8,0.0075,,
1.0350,128,86.5,21.8,0.0075,,
1.0430,129,87.4,21.8,0.0075,,
1.0510,130,88.1,21.8,0.0075,,
1.0590,131,89.3,21.8,0.0075,,
1.0675,132,90.9,21.8,0.0075,,
1.0760,133,91.9,21.8,0.0075,,
1.0845,134,92.8,21.8,0.0075,,
1.0930,135,93.7,21.8,0.0075,,
1.1005,136,94.8,21.8,0.0070,,
1.1090,137,96.1,21.8,0.0075,,
1.1175,138,97.2,21.8,0.0075,,
1.1260,139,98.3,21.8,0.0075,,
1.1340,140,99.6,21.8,0.0075,,
1.1425,141,100.8,21.8,0.0075,,
1.1510,142,101.9,21.8,0.0075,,
1.1585,143,103.3,21.8,0.0070,,
1.1670,144,104.6,21.8,0.0075,,
1.1755,145,106.6,21.8,0.0075,,
1.1840,146,107.7,21.8,0.0075,,
1.1925,147,109.0,21.8,0.0075,,
1.2010,148,110.8,21.8,0.0075,,
1.2085,149,112.9,21.8,0.0070,,
1.2170,150,114.6,21.8,0.0075,,
1.2250,151,116.2,21.8,0.0075,,
1.2335,152,118.0,21.8,0.0075,,
1.2420,153,120.2,21.8,0.0075,,
1.2495,154,122.7,21.8,0.0070,,
1.2580,155,125.0,21.8,0.0075,,
1.2665,156,127.3,21.8,0.0075,,
1.2750,157,130.3,21.8,0.0075,,
1.2835,158,133.5,21.8,0.0075,,
1.2920,159,135.3,21.8,0.0075,,
1.3000,160,138.6,21.8,0.0075,,
1.3080,161,141.6,21.8,0.0075,,
1.3160,162,145.0,21.8,0.0075,,
1.3245,163,149.2,21.8,0.0075,,
1.3330,164,152.4,21.8,0.0075,,
1.3415,165,155.5,21.8,0.0075,,
1.3500,166,158.9,21.8,0.0070,,
1.3575,167,162.4,21.8,0.0070,,
1.3660,168,165.3,21.8,0.0075,,
1.3745,169,168.3,21.8,0.0075,,
1.3830,170,171.3,21.8,0.0075,,
1.3915,171,173.7,21.8,0.0075,,
1.3995,172,175.9,21.8,0.0075,,
1.4070,173,178.5,21.8,0.0070,,
1.4155,174,180.9,21.8,0.0075,,
1.4240,175,182.8,21.8,0.0075,,
1.4325,176,184.8,21.8,0.0075,,
1.4360,176,185.0,21.8,0.0070,,
1.4360,417,189.0,21.9,0.0000,,
1.4365,418,189.0,21.9,0.0005,,
1.4380,419,189.0,21.9,0.0020,,
1.4405,420,189.0,21.9,0.0035,,
1.4445,421,189.2,21.9,0.0050,,
1.4510,422,189.6,21.9,0.0080,,
1.4595,423,190.5,21.9,0.0105,,
1.4670,424,191.4,21.9,0.0105,,
1.4755,425,192.8,21.9,0.0120,,
1.4840,426,194.3,21.9,0.0120,,
1.4925,427,195.5,21.9,0.0105,,
1.5005,428,196.6,21.9,0.0100,,
1.5090,429,197.9,21.9,0.0105,,
1.5165,430,198.7,21.9,0.0105,,
1.5250,431,199.9,21.9,0.0120,,
1.5335,432,200.9,21.9,0.0120,,
1.5420,433,201.9,21.9,0.0105,,
1.5505,434,202.8,21.9,0.0105,,
1.5590,435,203.8,21.9,0.0105,,
1.5665,436,204.6,21.9,0.0105,,
1.5750,437,205.5,21.9,0.0120,,
1.5835,438,206.4,21.9,0.0120,,
1.5915,439,207.2,21.9,0.0100,,
1.6000,440,208.0,21.9,0.0105,,
1.6085,441,208.8,21.9,0.0105,,
1.6160,442,209.5,21.9,0.0105,,
1.6245,443,210.2,21.9,0.0120,,
1.6330,444,210.8,21.9,0.0120,,
1.6415,445,211.5,21.9,0.0105,,
1.6500,446,212.3,21.9,0.0105,,
1.6585,447,212.8,21.9,0.0105,,
1.6660,448,213.5,21.9,0.0105,,
1.6745,449,214.1,21.9,0.0120,,
1.6830,450,214.7,21.9,0.0120,,
1.6910,451,215.3,21.9,0.0100,,
1.6995,452,215.8,21.9,0.0105,,
1.7080,453,216.5,21.9,0.0105,,
1.7155,454,217.0,21.9,0.0105,,
1.7240,455,217.5,21.9,0.0120,,
1.7325,456,218.1,21.9,0.0105,,
1.7410,457,218.5,21.9,0.0105,,
1.7495,458,219.1,21.9,0.0105,,
1.7580,459,219.5,21.9,0.0105,,
1.7655,460,220.0,21.9,0.0105,,
1.7740,461,220.5,21.9,0.0120,,
1.7820,462,220.9,21.9,0.0100,,
1.7905,463,221.4,21.9,0.0105,,
1.7990,464,221.9,21.9,0.0105,,
1.8075,465,222.3,21.9,0.0105,,
1.8150,466,222.7,21.9,0.0105,,
1.8235,467,223.1,21.9,0.0120,,
1.8320,468,223.5,21.9,0.0120,,
1.8405,469,224.0,21.9,0.0105,,
1.8490,470,224.4,21.9,0.0105,,
1.8570,471,224.8,21.9,0.0100,,
1.8650,472,225.2,21.9,0.0115,,
1.8730,473,225.7,21.9,0.0115,,
1.8815,474,225.9,21.9,0.0120,,
1.8900,475,226.3,21.9,0.0105,,
1.8985,476,226.6,21.9,0.0105,,
1.9070,477,227.0,21.9,0.0105,,
1.9145,478,227.4,21.9,0.0105,,
1.9230,479,227.8,21.9,0.0120,,
1.9315,480,228.1,21.9,0.0120,,
1.9400,481,228.5,21.9,0.0105,,
1.9480,482,228.9,21.9,0.0100,,
1.9565,483,229.2,21.9,0.0105,,
1.9650,484,229.5,21.9,0.0120,,
1.9725,485,229.9,21.9,0.0105,,
1.9810,486,230.2,21.9,0.0120,,
1.9895,487,230.5,21.9,0.0105,,
1.9980,488,230.9,21.9,0.0105,,
2.0065,489,231.2,21.9,0.0105,,
2.0145,490,231.5,21.9,0.0115,,
2.0225,491,231.7,21.9,0.0115,,
2.0305,492,232.0,21.9,0.0115,,
2.0390,493,232.4,21.9,0.0105,,
2.0475,494,232.6,21.9,0.0105,,
2.0560,495,232.9,21.9,0.0105,,
2.0635,496,233.1,21.9,0.0105,,
2.0720,497,233.4,21.9,0.0120,,
2.0805,498,233.7,21.9,0.0120,,
2.0885,499,234.0,21.9,0.0100,,
2.0940,500,234.3,21.9,0.0070,,
2.0955,501,234.5,21.9,0.0020,,
2.0960,502,234.6,21.9,0.0005,,
2.0965,503,234.6,21.9,0.0005,,
2.0975,504,234.6,21.9,0.0015,,
2.0995,505,234.6,21.9,0.0025,,
2.1020,506,234.7,21.9,0.0030,,
2.1055,507,234.8,21.9,0.0045,,
2.1100,508,234.9,21.9,0.0065,,
2.1135,508,235.1,21.9,0.0085,,
Scope 1/1, Sample 2/6 (Sump)
Result,TitrationEP1
V,t,E,T,dV/dt,E acc. stat.,Volume acc. stat.
0.0000,0,-66.4,21.7,NaN,,
0.0010,1,-66.4,21.7,0.0010,,
0.0025,2,-66.3,21.7,0.0015,,
0.0050,3,-66.3,21.7,0.0025,,
0.0090,4,-66.2,21.7,0.0035,,
0.0150,5,-66.1,21.7,0.0055,,
0.0235,6,-65.8,21.7,0.0075,,
0.0320,7,-65.2,21.7,0.0075,,
0.0405,8,-64.4,21.7,0.0075,,
0.0490,9,-63.6,21.7,0.0075,,
0.0565,10,-62.6,21.7,0.0070,,
0.0650,11,-61.5,21.7,0.0075,,
0.0735,12,-60.3,21.7,0.0075,,
0.0815,13,-59.1,21.7,0.0075,,
0.0900,14,-57.8,21.7,0.0075,,
0.0985,15,-56.4,21.7,0.0075,,
0.1060,16,-55.0,21.7,0.0070,,
0.1145,17,-53.6,21.7,0.0075,,
0.1230,18,-52.1,21.7,0.0075,,
0.1315,19,-50.0,21.7,0.0075,,
0.1400,20,-48.2,21.7,0.0075,,
0.1485,21,-46.1,21.7,0.0075,,
0.1560,22,-44.7,21.7,0.0070,,
0.1645,23,-42.7,21.7,0.0075,,
0.1725,24,-40.6,21.7,0.0075,,
0.1810,25,-38.2,21.7,0.0075,,
0.1895,26,-35.3,21.7,0.0075,,
0.1980,27,-32.7,21.7,0.0075,,
0.2055,28,-30.2,21.7,0.0070,,
0.2140,29,-27.1,21.7,0.0075,,
0.2225,30,-23.6,21.7,0.0075,,
0.2310,31,-20.5,21.7,0.0075,,
0.2395,32,-17.4,21.7,0.0075,,
0.2475,33,-13.7,21.7,0.0075,,
0.2555,34,-10.5,21.7,0.0075,,
0.2635,35,-7.2,21.7,0.0075,,
0.2720,36,-3.7,21.7,0.0075,,
0.2805,37,-0.5,21.7,0.0075,,
0.2890,38,1.1,21.7,0.0075,,
0.2975,39,3.8,21.7,0.0075,,
0.3060,40,5.4,21.7,0.0075,,
0.3135,41,6.7,21.7,0.0070,,
0.3220,42,8.3,21.7,0.0075,,
0.3300,43,10.2,21.7,0.0075,,
0.3385,44,11.7,21.7,0.0075,,
0.3470,45,13.2,21.7,0.0075,,
0.3555,46,14.5,21.7,0.0075,,
0.3630,47,16.0,21.7,0.0070,,
0.3715,48,17.2,21.7,0.0075,,
0.3800,49,18.3,21.7,0.0075,,
0.3885,50,19.5,21.7,0.0075,,
0.3970,51,20.7,21.7,0.0075,,
0.4045,52,21.7,21.7,0.0070,,
0.4130,53,22.8,21.7,0.0075,,
0.4215,54,23.9,21.7,0.0075,,
0.4295,55,24.8,21.7,0.0075,,
0.4380,56,25.9,21.7,0.0075,,
0.4465,57,26.9,21.7,0.0075,,
0.4540,58,27.9,21.7,0.0070,,
0.4625,59,28.8,21.7,0.0075,,
0.4710,60,29.9,21.7,0.0075,,
0.4795,61,30.9,21.7,0.0075,,
0.4880,62,31.9,21.7,0.0075,,
0.4965,63,32.9,21.7,0.0075,,
0.5045,64,33.7,21.7,0.0075,,
0.5125,65,34.6,21.7,0.0075,,
0.5205,66,35.6,21.7,0.0075,,
0.5290,67,36.5,21.7,0.0075,,
0.5375,68,37.4,21.7,0.0075,,
0.5460,69,38.2,21.7,0.0075,,
0.5545,70,38.9,21.7,0.0075,,
0.5620,71,39.8,21.8,0.0070,,
0.5705,72,40.6,21.7,0.0075,,
0.5790,73,41.4,21.7,0.0075,,
0.5870,74,42.3,21.8,0.0075,,
0.5955,75,43.2,21.8,0.0075,,
0.6040,76,44.0,21.7,0.0075,,
0.6115,77,44.8,21.7,0.0070,,
0.6200,78,45.6,21.8,0.0075,,
0.6285,79,46.5,21.8,0.0075,,
0.6370,80,47.3,21.7,0.0075,,
0.6455,81,48.1,21.8,0.0075,,
0.6535,82,48.8,21.8,0.0075,,
0.6620,83,49.4,21.8,0.0075,,
0.6695,84,50.1,21.8,0.0070,,
0.6780,85,50.8,21.8,0.0075,,
0.6865,86,51.5,21.8,0.0075,,
0.6950,87,52.3,21.8,0.0075,,
0.7035,88,53.0,21.8,0.0075,,
0.7120,89,53.7,21.8,0.0070,,
0.7195,90,54.3,21.8,0.0070,,
0.7280,91,55.2,21.8,0.0075,,
0.7360,92,56.0,21.8,0.0075,,
0.7445,93,56.7,21.8,0.0075,,
0.7530,94,57.4,21.8,0.0075,,
0.7615,95,58.1,21.8,0.0070,,
0.7690,96,58.8,21.8,0.0070,,
0.7775,97,59.6,21.8,0.0075,,
0.7860,98,60.4,21.8,0.0075,,
0.7945,99,61.2,21.8,0.0075,,
0.8030,100,61.9,21.8,0.0075,,
0.8115,101,62.7,21.8,0.0070,,
0.8190,102,63.5,21.8,0.0070,,
0.8275,103,64.3,21.8,0.0075,,
0.8355,104,65.1,21.8,0.0075,,
0.8440,105,65.9,21.8,0.0075,,
0.8525,106,66.7,21.8,0.0075,,
0.8610,107,67.5,21.8,0.0070,,
0.8685,108,68.3,21.8,0.0070,,
0.8770,109,69.1,21.8,0.0075,,
0.8855,110,69.9,21.8,0.0075,,
0.8940,111,70.8,21.8,0.0075,,
0.9025,112,71.5,21.8,0.0075,,
0.9105,113,72.2,21.8,0.0075,,
0.9185,114,73.5,21.8,0.0075,,
0.9265,115,74.5,21.8,0.0075,,
0.9350,116,75.2,21.8,0.0075,,
0.9435,117,76.0,21.8,0.0075,,
0.9520,118,77.1,21.8,0.0075,,
0.9605,119,77.9,21.8,0.0070,,
0.9680,120,78.7,21.8,0.0070,,
0.9765,121,79.5,21.8,0.0075,,
0.9850,122,80.5,21.8,0.0075,,
0.9935,123,81.3,21.8,0.0075,,
1.0015,124,82.3,21.8,0.0075,,
1.0100,125,83.0,21.8,0.0075,,
1.0175,126,84.0,21.8,0.0070,,
1.0260,127,84.9,21.8,0.0075,,
1.0345,128,86.1,21.8,0.0075,,
1.0430,129,87.4,21.8,0.0075,,
1.0515,130,88.4,21.8,0.0075,,
1.0600,131,89.7,21.8,0.0075,,
1.0675,132,90.5,21.8,0.0070,,
1.0760,133,91.5,21.8,0.0075,,
1.0840,134,92.6,21.8,0.0075,,
1.0925,135,94.0,21.8,0.0075,,
1.1010,136,95.3,21.8,0.0075,,
1.1095,137,96.8,21.8,0.0075,,
1.1180,138,98.0,21.8,0.0075,,
1.1255,139,99.5,21.8,0.0070,,
1.1340,140,100.5,21.8,0.0075,,
1.1425,141,102.2,21.8,0.0075,,
1.1510,142,103.7,21.8,0.0075,,
1.1590,143,105.4,21.8,0.0075,,
1.1675,144,106.7,21.8,0.0070,,
1.1750,145,108.7,21.8,0.0070,,
1.1835,146,111.2,21.8,0.0075,,
1.1920,147,112.8,21.8,0.0075,,
1.2005,148,114.5,21.8,0.0075,,
1.2090,149,116.6,21.8,0.0075,,
1.2175,150,119.2,21.8,0.0075,,
1.2250,151,121.4,21.8,0.0070,,
1.2335,152,123.7,21.8,0.0075,,
1.2415,153,126.1,21.8,0.0075,,
1.2500,154,128.8,21.8,0.0075,,
1.2585,155,132.1,21.8,0.0075,,
1.2670,156,135.8,21.8,0.0070,,
1.2745,157,138.1,21.8,0.0070,,
1.2830,158,141.3,21.8,0.0075,,
1.2915,159,145.1,21.8,0.0075,,
1.3000,160,148.9,21.8,0.0075,,
1.3085,161,152.6,21.8,0.0075,,
1.3165,162,156.4,21.8,0.0075,,
1.3245,163,158.9,21.8,0.0075,,
1.3330,164,162.8,21.8,0.0075,,
1.3410,165,166.0,21.8,0.0075,,
1.3495,166,169.2,21.8,0.0075,,
1.3580,167,172.0,21.8,0.0075,,
1.3665,168,174.0,21.8,0.0075,,
1.3740,169,176.7,21.8,0.0070,,
1.3825,170,179.0,21.8,0.0075,,
1.3910,171,181.2,21.8,0.0075,,
1.3995,172,183.4,21.8,0.0075,,
1.4080,173,184.8,21.8,0.0075,,
1.4115,174,185.2,21.8,0.0050,,
1.4115,414,189.2,21.9,0.0000,,
1.4120,415,189.2,21.9,0.0005,,
1.4135,416,189.2,21.9,0.0020,,
1.4160,417,189.2,21.9,0.0035,,
1.4200,418,189.2,21.9,0.0050,,
1.4265,419,189.7,21.9,0.0080,,
1.4350,420,190.7,21.9,0.0105,,
1.4425,421,191.4,21.9,0.0105,,
1.4510,422,193.1,21.9,0.0120,,
1.4595,423,194.5,21.9,0.0120,,
1.4675,424,195.6,21.9,0.0100,,
1.4760,425,196.7,21.9,0.0105,,
1.4845,426,197.9,21.9,0.0105,,
1.4930,427,199.0,21.9,0.0120,,
1.5005,428,200.0,21.9,0.0105,,
1.5090,429,201.1,21.9,0.0120,,
1.5175,430,201.9,21.9,0.0105,,
1.5260,431,202.8,21.9,0.0105,,
1.5340,432,203.6,21.9,0.0100,,
1.5425,433,204.6,21.9,0.0105,,
1.5500,434,205.4,21.9,0.0105,,
1.5585,435,206.3,21.9,0.0120,,
1.5670,436,207.3,21.9,0.0120,,
1.5755,437,208.0,21.9,0.0105,,
1.5840,438,208.6,21.9,0.0105,,
1.5925,439,209.3,21.9,0.0105,,
1.6000,440,210.0,21.9,0.0105,,
1.6085,441,210.8,21.9,0.0120,,
1.6170,442,211.3,21.9,0.0105,,
1.6250,443,212.0,21.9,0.0100,,
1.6335,444,212.7,21.9,0.0105,,
1.6420,445,213.3,21.9,0.0105,,
1.6495,446,213.8,21.9,0.0105,,
1.6580,447,214.5,21.9,0.0120,,
1.6665,448,215.0,21.9,0.0105,,
1.6750,449,215.5,21.9,0.0105,,
1.6835,450,216.1,21.9,0.0105,,
1.6920,451,216.7,21.9,0.0120,,
1.6995,452,217.2,21.9,0.0105,,
1.7080,453,217.8,21.9,0.0120,,
1.7165,454,218.2,21.9,0.0105,,
1.7245,455,218.8,21.9,0.0100,,
1.7330,456,219.4,21.9,0.0105,,
1.7415,457,219.8,21.9,0.0105,,
1.7490,458,220.3,21.9,0.0105,,
1.7575,459,220.7,21.9,0.0120,,
1.7660,460,221.3,21.9,0.0120,,
1.7745,461,221.7,21.9,0.0105,,
1.7830,462,222.1,21.9,0.0105,,
1.7910,463,222.6,21.9,0.0100,,
1.7990,464,222.8,21.9,0.0115,,
1.8075,465,223.4,21.9,0.0120,,
1.8155,466,223.8,21.9,0.0115,,
1.8240,467,224.2,21.9,0.0105,,
1.8325,468,224.5,21.9,0.0105,,
1.8410,469,225.0,21.9,0.0105,,
1.8485,470,225.3,21.9,0.0105,,
1.8570,471,225.7,21.9,0.0120,,
1.8655,472,226.1,21.9,0.0120,,
1.8740,473,226.4,21.9,0.0105,,
1.8820,474,226.8,21.9,0.0100,,
1.8905,475,227.1,21.9,0.0105,,
1.8990,476,227.5,21.9,0.0120,,
1.9065,477,227.8,21.9,0.0105,,
1.9150,478,228.0,21.9,0.0120,,
1.9235,479,228.5,21.9,0.0105,,
1.9320,480,228.8,21.9,0.0105,,
1.9405,481,229.1,21.9,0.0105,,
1.9480,482,229.4,21.9,0.0105,,
1.9565,483,229.8,21.9,0.0120,,
1.9650,484,230.1,21.9,0.0120,,
1.9730,485,230.4,21.9,0.0100,,
1.9815,486,230.7,21.9,0.0105,,
1.9900,487,231.1,21.9,0.0105,,
1.9975,488,231.3,21.9,0.0105,,
2.0060,489,231.6,21.9,0.0120,,
2.0145,490,232.0,21.9,0.0120,,
2.0230,491,232.3,21.9,0.0105,,
2.0315,492,232.6,21.9,0.0105,,
2.0400,493,232.8,21.9,0.0105,,
2.0480,494,233.1,21.9,0.0115,,
2.0560,495,233.5,21.9,0.0115,,
2.0640,496,233.7,21.9,0.0115,,
2.0725,497,234.0,21.9,0.0105,,
2.0800,498,234.3,21.9,0.0095,,
2.0820,499,234.5,21.9,0.0025,,
2.0825,500,234.7,21.9,0.0005,,
2.0825,501,234.7,21.9,0.0000,,
2.0835,502,234.7,21.9,0.0015,,
2.0850,503,234.7,21.9,0.0020,,
2.0870,504,234.7,21.9,0.0025,,
2.0900,505,234.7,21.9,0.0035,,
2.0940,506,234.8,21.9,0.0050,,
2.0995,507,235.0,21.9,0.0055,,
Scope 1/1, Sample 3/6 (Tank 1)
Result,TitrationEP1
V,t,E,T,dV/dt,E acc. stat.,Volume acc. stat.
0.0000,0,-58.3,21.6,NaN,,
0.0010,1,-58.3,21.6,0.0010,,
0.0025,2,-58.3,21.6,0.0015,,
0.0050,3,-58.3,21.6,0.0020,,
0.0085,4,-58.1,21.6,0.0030,,
0.0150,5,-58.0,21.6,0.0060,,
0.0230,6,-57.6,21.6,0.0075,,
0.0315,7,-57.0,21.6,0.0075,,
0.0400,8,-56.0,21.6,0.0075,,
0.0485,9,-55.0,21.6,0.0075,,
0.0560,10,-53.9,21.6,0.0070,,
0.0645,11,-52.5,21.6,0.0075,,
0.0730,12,-51.1,21.6,0.0075,,
0.0810,13,-49.5,21.6,0.0075,,
0.0895,14,-48.0,21.6,0.0075,,
0.0980,15,-46.2,21.6,0.0075,,
0.1055,16,-44.6,21.6,0.0070,,
0.1140,17,-42.8,21.6,0.0075,,
0.1225,18,-40.7,21.6,0.0075,,
0.1310,19,-38.2,21.6,0.0075,,
0.1395,20,-35.9,21.6,0.0075,,
0.1480,21,-33.5,21.6,0.0075,,
0.1555,22,-31.2,21.6,0.0070,,
0.1640,23,-28.4,21.6,0.0075,,
0.1720,24,-25.5,21.6,0.0075,,
0.1805,25,-22.4,21.6,0.0075,,
0.1890,26,-19.2,21.6,0.0075,,
0.1975,27,-15.9,21.6,0.0075,,
0.2050,28,-13.1,21.6,0.0070,,
0.2135,29,-9.9,21.6,0.0075,,
0.2220,30,-6.8,21.6,0.0075,,
0.2305,31,-3.7,21.6,0.0075,,
0.2390,32,-0.6,21.6,0.0075,,
0.2470,33,1.0,21.6,0.0075,,
0.2555,34,3.6,21.6,0.0075,,
0.2630,35,5.0,21.6,0.0070,,
0.2715,36,6.2,21.6,0.0075,,
0.2800,37,7.6,21.6,0.0075,,
0.2885,38,9.3,21.6,0.0075,,
0.2970,39,11.1,21.6,0.0075,,
0.3055,40,12.6,21.6,0.0070,,
0.3130,41,13.9,21.6,0.0070,,
0.3215,42,15.2,21.6,0.0075,,
0.3295,43,16.3,21.6,0.0075,,
0.3380,44,17.5,21.6,0.0075,,
0.3465,45,18.7,21.6,0.0075,,
0.3550,46,19.9,21.6,0.0070,,
0.3625,47,20.8,21.6,0.0070,,
0.3710,48,21.8,21.6,0.0075,,
0.3795,49,22.8,21.6,0.0075,,
0.3880,50,23.9,21.6,0.0075,,
0.3965,51,24.8,21.6,0.0075,,
0.4045,52,25.9,21.6,0.0075,,
0.4125,53,26.8,21.6,0.0075,,
0.4205,54,27.8,21.6,0.0075,,
0.4290,55,28.7,21.6,0.0075,,
0.4375,56,29.7,21.6,0.0075,,
0.4460,57,30.6,21.6,0.0075,,
0.4545,58,31.6,21.6,0.0075,,
0.4630,59,32.5,21.6,0.0075,,
0.4705,60,33.3,21.6,0.0070,,
0.4790,61,34.2,21.6,0.0075,,
0.4870,62,35.1,21.6,0.0075,,
0.4955,63,35.9,21.6,0.0075,,
0.5040,64,36.8,21.6,0.0075,,
0.5125,65,37.5,21.6,0.0075,,
0.5200,66,38.3,21.6,0.0070,,
0.5285,67,39.1,21.6,0.0075,,
0.5370,68,39.8,21.6,0.0075,,
0.5455,69,40.5,21.6,0.0075,,
0.5540,70,41.3,21.6,0.0075,,
0.5620,71,42.0,21.6,0.0075,,
0.5700,72,42.8,21.6,0.0075,,
0.5780,73,43.6,21.6,0.0075,,
0.5865,74,44.4,21.6,0.0075,,
0.5950,75,45.1,21.6,0.0075,,
0.6035,76,45.9,21.6,0.0075,,
0.6120,77,46.7,21.6,0.0070,,
0.6195,78,47.5,21.6,0.0070,,
0.6280,79,48.1,21.6,0.0075,,
0.6365,80,49.0,21.6,0.0075,,
0.6450,81,49.7,21.6,0.0075,,
0.6530,82,50.3,21.6,0.0075,,
0.6615,83,51.0,21.6,0.0075,,
0.6690,84,51.7,21.6,0.0070,,
0.6775,85,52.4,21.7,0.0075,,
0.6860,86,53.2,21.6,0.0075,,
0.6945,87,54.0,21.6,0.0075,,
0.7030,88,54.7,21.7,0.0075,,
0.7115,89,55.5,21.6,0.0075,,
0.7190,90,56.1,21.7,0.0070,,
0.7275,91,56.8,21.7,0.0075,,
0.7360,92,57.6,21.7,0.0075,,
0.7440,93,58.4,21.7,0.0075,,
0.7525,94,59.1,21.7,0.0075,,
0.7610,95,59.8,21.7,0.0075,,
0.7685,96,60.4,21.7,0.0070,,
0.7770,97,61.2,21.7,0.0075,,
0.7855,98,61.9,21.7,0.0075,,
0.7940,99,62.6,21.7,0.0075,,
0.8025,100,63.5,21.7,0.0075,,
0.8110,101,64.2,21.7,0.0070,,
0.8185,102,64.7,21.7,0.0070,,
0.8270,103,65.5,21.7,0.0075,,
0.8350,104,66.2,21.7,0.0075,,
0.8435,105,66.9,21.7,0.0075,,
0.8520,106,67.9,21.7,0.0075,,
0.8605,107,68.8,21.7,0.0075,,
0.8680,108,69.5,21.7,0.0070,,
0.8765,109,70.2,21.7,0.0075,,
0.8850,110,70.9,21.7,0.0075,,
0.8935,111,71.6,21.7,0.0075,,
0.9020,112,72.5,21.7,0.0075,,
0.9100,113,73.4,21.7,0.0075,,
0.9185,114,74.3,21.7,0.0075,,
0.9260,115,75.3,21.7,0.0070,,
0.9345,116,76.1,21.7,0.0075,,
0.9430,117,77.0,21.7,0.0075,,
0.9515,118,78.0,21.7,0.0075,,
0.9600,119,78.7,21.7,0.0075,,
0.9685,120,79.3,21.7,0.0075,,
0.9760,121,80.2,21.7,0.0070,,
0.9845,122,81.1,21.7,0.0075,,
0.9925,123,82.0,21.7,0.0075,,
1.0010,124,83.1,21.7,0.0075,,
1.0095,125,84.0,21.7,0.0075,,
1.0180,126,84.8,21.7,0.0075,,
1.0255,127,85.8,21.7,0.0070,,
1.0340,128,86.8,21.7,0.0075,,
1.0425,129,87.9,21.7,0.0075,,
1.0510,130,89.2,21.7,0.0075,,
1.0595,131,90.3,21.7,0.0075,,
1.0675,132,91.6,21.7,0.0075,,
1.0755,133,92.4,21.7,0.0075,,
1.0835,134,93.6,21.7,0.0075,,
1.0920,135,94.6,21.7,0.0075,,
1.1005,136,95.8,21.7,0.0075,,
1.1090,137,97.2,21.7,0.0075,,
1.1175,138,98.3,21.7,0.0070,,
1.1250,139,99.6,21.7,0.0070,,
1.1335,140,101.4,21.7,0.0075,,
1.1420,141,102.8,21.7,0.0075,,
1.1505,142,104.8,21.7,0.0075,,
1.1585,143,106.5,21.7,0.0075,,
1.1670,144,107.7,21.7,0.0070,,
1.1750,145,109.5,21.7,0.0075,,
1.1830,146,112.3,21.7,0.0075,,
1.1915,147,113.6,21.7,0.0075,,
1.2000,148,115.3,21.7,0.0075,,
1.2085,149,117.2,21.7,0.0075,,
1.2170,150,119.4,21.7,0.0075,,
1.2245,151,121.3,21.7,0.0070,,
1.2330,152,124.4,21.7,0.0075,,
1.2415,153,126.6,21.7,0.0075,,
1.2500,154,129.2,21.7,0.0075,,
1.2580,155,132.2,21.7,0.0075,,
1.2665,156,134.9,21.7,0.0075,,
1.2740,157,139.0,21.7,0.0070,,
1.2825,158,142.2,21.7,0.0075,,
1.2910,159,145.6,21.7,0.0075,,
1.2995,160,149.5,21.7,0.0075,,
1.3080,161,152.8,21.7,0.0075,,
1.3165,162,156.3,21.7,0.0075,,
1.3240,163,159.7,21.7,0.0070,,
1.3325,164,163.6,21.7,0.0075,,
1.3410,165,166.0,21.7,0.0075,,
1.3490,166,169.2,21.7,0.0075,,
1.3575,167,172.4,21.7,0.0075,,
1.3660,168,174.4,21.7,0.0075,,
1.3735,169,176.6,21.7,0.0070,,
1.3820,170,178.7,21.7,0.0075,,
1.3905,171,180.8,21.7,0.0075,,
1.3990,172,182.7,21.7,0.0075,,
1.4075,173,184.2,21.7,0.0075,,
1.4125,174,185.2,21.7,0.0060,,
1.4125,414,189.5,21.8,0.0000,,
1.4130,415,189.5,21.8,0.0005,,
1.4145,416,189.4,21.8,0.0015,,
1.4170,417,189.5,21.8,0.0025,,
1.4215,418,189.5,21.8,0.0045,,
1.4275,419,189.9,21.8,0.0060,,
1.4360,420,190.7,21.8,0.0085,,
1.4435,421,191.7,21.8,0.0085,,
1.4520,422,193.1,21.8,0.0095,,
1.4605,423,194.4,21.8,0.0095,,
1.4690,424,195.6,21.8,0.0085,,
1.4770,425,196.8,21.8,0.0080,,
1.4855,426,197.9,21.8,0.0085,,
1.4940,427,198.8,21.8,0.0095,,
1.5015,428,199.8,21.8,0.0085,,
1.5100,429,201.2,21.8,0.0095,,
1.5185,430,202.0,21.8,0.0085,,
1.5270,431,203.0,21.8,0.0085,,
1.5355,432,203.7,21.8,0.0085,,
1.5435,433,204.5,21.8,0.0090,,
1.5515,434,205.4,21.8,0.0090,,
1.5600,435,206.3,21.8,0.0095,,
1.5680,436,207.0,21.8,0.0080,,
1.5765,437,207.8,21.8,0.0085,,
1.5850,438,208.7,21.8,0.0085,,
1.5935,439,209.4,21.8,0.0085,,
1.6010,440,210.0,21.8,0.0085,,
1.6095,441,210.7,21.8,0.0095,,
1.6180,442,211.4,21.8,0.0095,,
1.6265,443,212.0,21.8,0.0085,,
1.6345,444,212.7,21.8,0.0080,,
1.6430,445,213.4,21.8,0.0085,,
1.6510,446,213.9,21.8,0.0090,,
1.6590,447,214.5,21.8,0.0090,,
1.6675,448,215.0,21.8,0.0095,,
1.6760,449,215.6,21.8,0.0085,,
1.6845,450,216.1,21.8,0.0085,,
1.6930,451,216.7,21.8,0.0085,,
1.7005,452,217.1,21.8,0.0085,,
1.7090,453,217.6,21.8,0.0095,,
1.7175,454,218.1,21.8,0.0095,,
1.7255,455,218.7,21.8,0.0080,,
1.7340,456,219.2,21.8,0.0085,,
1.7425,457,219.7,21.8,0.0085,,
1.7500,458,220.0,21.8,0.0085,,
1.7585,459,220.6,21.8,0.0095,,
1.7670,460,221.0,21.8,0.0095,,
1.7755,461,221.4,21.8,0.0085,,
1.7840,462,221.9,21.8,0.0085,,
1.7925,463,222.3,21.8,0.0085,,
1.8000,464,222.7,21.8,0.0085,,
1.8085,465,223.1,21.8,0.0095,,
1.8165,466,223.5,21.8,0.0090,,
1.8250,467,224.0,21.8,0.0085,,
1.8335,468,224.4,21.8,0.0085,,
1.8420,469,224.8,21.8,0.0085,,
1.8495,470,225.1,21.8,0.0085,,
1.8580,471,225.5,21.8,0.0095,,
1.8665,472,225.9,21.8,0.0095,,
1.8750,473,226.3,21.8,0.0085,,
1.8835,474,226.7,21.8,0.0085,,
1.8915,475,227.2,21.8,0.0080,,
1.9000,476,227.5,21.8,0.0095,,
1.9075,477,227.9,21.8,0.0085,,
1.9160,478,228.1,21.8,0.0085,,
1.9245,479,228.5,21.8,0.0085,,
1.9330,480,228.8,21.8,0.0085,,
1.9415,481,229.2,21.8,0.0085,,
1.9500,482,229.5,21.8,0.0095,,
1.9575,483,229.8,21.8,0.0085,,
1.9660,484,230.0,21.8,0.0095,,
1.9740,485,230.3,21.8,0.0080,,
1.9825,486,230.6,21.8,0.0085,,
1.9910,487,231.0,21.8,0.0085,,
1.9995,488,231.2,21.8,0.0095,,
2.0070,489,231.6,21.8,0.0085,,
2.0155,490,231.8,21.8,0.0095,,
2.0240,491,232.1,21.8,0.0085,,
2.0325,492,232.4,21.8,0.0085,,
2.0410,493,232.7,21.8,0.0085,,
2.0490,494,232.9,21.8,0.0080,,
2.0570,495,233.3,21.8,0.0090,,
2.0650,496,233.5,21.8,0.0090,,
2.0735,497,233.8,21.8,0.0095,,
2.0810,498,234.1,21.8,0.0075,,
2.0855,499,234.3,21.8,0.0045,,
2.0860,500,234.3,21.8,0.0005,,
2.0865,501,234.5,21.8,0.0005,,
2.0870,502,234.6,21.8,0.0005,,
2.0885,503,234.7,21.8,0.0015,,
2.0905,504,234.7,21.8,0.0020,,
2.0930,505,234.7,21.8,0.0025,,
2.0965,506,234.8,21.8,0.0035,,
2.1010,507,234.9,21.8,0.0050,,
2.1055,508,235.0,21.8,0.0065,,
Scope 1/1, Sample 4/6 (Tank 5)
Result,TitrationEP1
V,t,E,T,dV/dt,E acc. stat.,Volume acc. stat.
0.0000,0,-44.1,21.7,NaN,,
0.0005,1,-44.2,21.7,0.0005,,
0.0025,2,-44.1,21.7,0.0020,,
0.0050,3,-44.1,21.7,0.0025,,
0.0090,4,-44.2,21.7,0.0035,,
0.0150,5,-43.9,21.7,0.0055,,
0.0235,6,-43.6,21.7,0.0075,,
0.0310,7,-42.9,21.7,0.0075,,
0.0395,8,-41.7,21.7,0.0085,,
0.0480,9,-40.0,21.7,0.0075,,
0.0565,10,-38.4,21.7,0.0075,,
0.0650,11,-36.5,21.7,0.0075,,
0.0735,12,-34.5,21.7,0.0075,,
0.0810,13,-32.6,21.7,0.0075,,
0.0895,14,-30.3,21.7,0.0085,,
0.0980,15,-28.0,21.7,0.0085,,
0.1060,16,-25.4,21.7,0.0075,,
0.1145,17,-22.6,21.7,0.0075,,
0.1230,18,-19.8,21.7,0.0075,,
0.1305,19,-17.1,21.7,0.0075,,
0.1390,20,-13.9,21.7,0.0085,,
0.1475,21,-11.1,21.7,0.0085,,
0.1560,22,-8.3,21.7,0.0075,,
0.1645,23,-5.7,21.7,0.0075,,
0.1725,24,-3.1,21.7,0.0075,,
0.1810,25,-0.8,21.7,0.0085,,
0.1885,26,0.6,21.7,0.0070,,
0.1970,27,3.0,21.7,0.0085,,
0.2055,28,4.6,21.7,0.0075,,
0.2140,29,5.9,21.7,0.0075,,
0.2225,30,7.2,21.7,0.0075,,
0.2310,31,8.6,21.7,0.0075,,
0.2385,32,9.9,21.7,0.0075,,
0.2470,33,11.4,21.7,0.0085,,
0.2550,34,12.9,21.7,0.0080,,
0.2635,35,14.1,21.7,0.0075,,
0.2720,36,15.3,21.7,0.0075,,
0.2805,37,16.4,21.7,0.0075,,
0.2880,38,17.3,21.7,0.0075,,
0.2965,39,18.3,21.7,0.0085,,
0.3050,40,19.4,21.7,0.0085,,
0.3135,41,20.5,21.7,0.0075,,
0.3220,42,21.6,21.7,0.0075,,
0.3300,43,22.6,21.7,0.0075,,
0.3380,44,23.4,21.7,0.0080,,
0.3460,45,24.4,21.7,0.0080,,
0.3545,46,25.4,21.7,0.0085,,
0.3630,47,26.2,21.7,0.0075,,
0.3715,48,27.1,21.7,0.0075,,
0.3800,49,28.0,21.7,0.0075,,
0.3875,50,28.8,21.7,0.0075,,
0.3960,51,29.8,21.7,0.0085,,
0.4045,52,30.6,21.7,0.0085,,
0.4130,53,31.5,21.7,0.0075,,
0.4215,54,32.4,21.7,0.0075,,
0.4295,55,33.3,21.7,0.0075,,
0.4375,56,34.1,21.7,0.0080,,
0.4455,57,34.8,21.7,0.0080,,
0.4540,58,35.6,21.7,0.0085,,
0.4625,59,36.5,21.7,0.0075,,
0.4710,60,37.3,21.7,0.0075,,
0.4795,61,38.1,21.7,0.0075,,
0.4880,62,38.8,21.7,0.0085,,
0.4955,63,39.4,21.7,0.0075,,
0.5040,64,40.1,21.7,0.0085,,
0.5125,65,40.9,21.7,0.0075,,
0.5205,66,41.7,21.7,0.0075,,
0.5290,67,42.5,21.7,0.0075,,
0.5375,68,43.4,21.7,0.0085,,
0.5450,69,44.1,21.7,0.0075,,
0.5535,70,44.8,21.7,0.0085,,
0.5620,71,45.5,21.7,0.0075,,
0.5705,72,46.2,21.7,0.0075,,
0.5790,73,46.9,21.7,0.0075,,
0.5870,74,47.5,21.7,0.0080,,
0.5950,75,48.1,21.7,0.0080,,
0.6030,76,48.8,21.7,0.0080,,
0.6115,77,49.5,21.7,0.0075,,
0.6200,78,50.3,21.7,0.0075,,
0.6285,79,50.9,21.7,0.0075,,
0.6370,80,51.6,21.7,0.0085,,
0.6445,81,52.4,21.7,0.0075,,
0.6530,82,53.1,21.7,0.0085,,
0.6615,83,53.8,21.7,0.0075,,
0.6700,84,54.4,21.7,0.0075,,
0.6780,85,55.1,21.7,0.0075,,
0.6865,86,55.8,21.7,0.0075,,
0.6940,87,56.4,21.7,0.0075,,
0.7025,88,57.0,21.7,0.0085,,
0.7110,89,57.6,21.7,0.0075,,
0.7195,90,58.5,21.8,0.0075,,
0.7280,91,59.2,21.7,0.0075,,
0.7365,92,59.9,21.7,0.0075,,
0.7440,93,60.5,21.7,0.0075,,
0.7525,94,61.2,21.8,0.0085,,
0.7610,95,61.9,21.8,0.0085,,
0.7690,96,62.7,21.8,0.0075,,
0.7775,97,63.4,21.7,0.0075,,
0.7860,98,64.1,21.8,0.0075,,
0.7935,99,64.9,21.8,0.0075,,
0.8020,100,65.6,21.8,0.0085,,
0.8105,101,66.4,21.8,0.0085,,
0.8190,102,67.1,21.8,0.0075,,
0.8275,103,67.9,21.8,0.0075,,
0.8355,104,68.5,21.8,0.0075,,
0.8435,105,69.0,21.8,0.0080,,
0.8515,106,69.7,21.8,0.0080,,
0.8600,107,70.5,21.8,0.0085,,
0.8685,108,71.4,21.8,0.0075,,
0.8770,109,72.3,21.8,0.0075,,
0.8855,110,73.1,21.8,0.0075,,
0.8940,111,73.7,21.8,0.0085,,
0.9015,112,74.4,21.8,0.0075,,
0.9100,113,75.3,21.8,0.0085,,
0.9185,114,76.2,21.8,0.0075,,
0.9265,115,77.1,21.8,0.0075,,
0.9350,116,77.9,21.8,0.0075,,
0.9435,117,78.5,21.8,0.0085,,
0.9510,118,79.5,21.8,0.0075,,
0.9595,119,80.4,21.8,0.0085,,
0.9680,120,81.3,21.8,0.0075,,
0.9765,121,82.1,21.8,0.0075,,
0.9850,122,82.9,21.8,0.0075,,
0.9935,123,83.8,21.8,0.0085,,
1.0010,124,84.8,21.8,0.0075,,
1.0095,125,85.8,21.8,0.0085,,
1.0175,126,86.7,21.8,0.0075,,
1.0260,127,87.8,21.8,0.0075,,
1.0345,128,88.9,21.8,0.0075,,
1.0430,129,89.8,21.8,0.0085,,
1.0505,130,90.7,21.8,0.0075,,
1.0590,131,91.7,21.8,0.0085,,
1.0675,132,93.0,21.8,0.0075,,
1.0760,133,94.4,21.8,0.0075,,
1.0845,134,95.4,21.8,0.0075,,
1.0925,135,96.2,21.8,0.0080,,
1.1005,136,97.3,21.8,0.0080,,
1.1085,137,98.5,21.8,0.0080,,
1.1170,138,100.7,21.8,0.0075,,
1.1255,139,101.8,21.8,0.0075,,
1.1340,140,103.3,21.8,0.0075,,
1.1425,141,104.7,21.8,0.0075,,
1.1500,142,105.9,21.8,0.0075,,
1.1585,143,107.3,21.8,0.0085,,
1.1670,144,109.0,21.8,0.0075,,
1.1755,145,110.7,21.8,0.0075,,
1.1835,146,112.5,21.8,0.0075,,
1.1920,147,114.4,21.8,0.0075,,
1.1995,148,116.2,21.8,0.0075,,
1.2080,149,118.6,21.8,0.0085,,
1.2165,150,120.3,21.8,0.0085,,
1.2250,151,122.9,21.8,0.0075,,
1.2335,152,125.3,21.8,0.0075,,
1.2420,153,127.7,21.8,0.0075,,
1.2495,154,129.9,21.8,0.0075,,
1.2580,155,133.2,21.8,0.0085,,
1.2660,156,135.8,21.8,0.0080,,
1.2745,157,139.5,21.8,0.0075,,
1.2830,158,142.5,21.8,0.0075,,
1.2915,159,146.0,21.8,0.0075,,
1.2990,160,149.1,21.8,0.0075,,
1.3075,161,153.5,21.8,0.0085,,
1.3160,162,156.6,21.8,0.0085,,
1.3245,163,160.3,21.8,0.0075,,
1.3330,164,163.5,21.8,0.0075,,
1.3410,165,166.3,21.8,0.0075,,
1.3495,166,168.9,21.8,0.0085,,
1.3570,167,171.6,21.8,0.0075,,
1.3655,168,174.5,21.8,0.0085,,
1.3740,169,176.9,21.8,0.0075,,
1.3825,170,178.9,21.8,0.0075,,
1.3910,171,181.1,21.8,0.0075,,
1.3985,172,182.6,21.8,0.0075,,
1.4070,173,184.4,21.8,0.0085,,
1.4115,174,185.1,21.8,0.0075,,
1.4115,414,189.3,21.9,0.0000,,
1.4120,415,189.3,21.9,0.0005,,
1.4135,416,189.2,21.9,0.0020,,
1.4160,417,189.2,21.9,0.0030,,
1.4200,418,189.3,21.9,0.0050,,
1.4260,419,189.7,21.9,0.0075,,
1.4345,420,190.4,21.9,0.0105,,
1.4420,421,191.4,21.9,0.0105,,
1.4505,422,192.7,21.9,0.0120,,
1.4590,423,193.9,21.9,0.0105,,
1.4675,424,195.4,21.9,0.0105,,
1.4760,425,196.6,21.9,0.0105,,
1.4840,426,197.6,21.9,0.0100,,
1.4920,427,198.6,21.9,0.0115,,
1.5000,428,199.6,21.9,0.0115,,
1.5085,429,200.7,21.9,0.0120,,
1.5170,430,201.8,21.9,0.0105,,
1.5255,431,202.8,21.9,0.0105,,
1.5340,432,203.6,21.9,0.0105,,
1.5415,433,204.7,21.9,0.0105,,
1.5500,434,205.4,21.9,0.0120,,
1.5585,435,206.0,21.9,0.0120,,
1.5665,436,206.9,21.9,0.0100,,
1.5750,437,207.7,21.9,0.0105,,
1.5835,438,208.4,21.9,0.0105,,
1.5910,439,209.1,21.9,0.0105,,
1.5995,440,209.8,21.9,0.0120,,
1.6080,441,210.5,21.9,0.0120,,
1.6165,442,211.1,21.9,0.0105,,
1.6250,443,211.8,21.9,0.0105,,
1.6335,444,212.4,21.9,0.0105,,
1.6410,445,212.9,21.9,0.0105,,
1.6490,446,213.5,21.9,0.0115,,
1.6575,447,214.2,21.9,0.0120,,
1.6660,448,214.7,21.9,0.0105,,
1.6745,449,215.3,21.9,0.0105,,
1.6830,450,215.9,21.9,0.0105,,
1.6915,451,216.4,21.9,0.0120,,
1.6990,452,217.0,21.9,0.0105,,
1.7075,453,217.5,21.9,0.0120,,
1.7160,454,217.9,21.9,0.0105,,
1.7240,455,218.5,21.9,0.0100,,
1.7325,456,219.0,21.9,0.0105,,
1.7410,457,219.5,21.9,0.0105,,
1.7485,458,220.0,21.9,0.0105,,
1.7570,459,220.4,21.9,0.0120,,
1.7655,460,220.9,21.9,0.0120,,
1.7740,461,221.3,21.9,0.0105,,
1.7825,462,221.7,21.9,0.0105,,
1.7910,463,222.2,21.9,0.0105,,
1.7985,464,222.6,21.9,0.0105,,
1.8070,465,223.1,21.9,0.0120,,
1.8150,466,223.4,21.9,0.0115,,
1.8235,467,223.8,21.9,0.0105,,
1.8320,468,224.2,21.9,0.0105,,
1.8405,469,224.6,21.9,0.0105,,
1.8480,470,225.1,21.9,0.0105,,
1.8565,471,225.3,21.9,0.0120,,
1.8650,472,225.7,21.9,0.0120,,
1.8735,473,226.1,21.9,0.0105,,
1.8820,474,226.5,21.9,0.0105,,
1.8900,475,226.8,21.9,0.0100,,
1.8980,476,227.1,21.9,0.0115,,
1.9060,477,227.4,21.9,0.0115,,
1.9145,478,227.8,21.9,0.0120,,
1.9230,479,228.2,21.9,0.0105,,
1.9315,480,228.5,21.9,0.0105,,
1.9400,481,228.8,21.9,0.0105,,
1.9475,482,229.3,21.9,0.0105,,
1.9560,483,229.7,21.9,0.0120,,
1.9645,484,230.0,21.9,0.0120,,
1.9725,485,230.2,21.9,0.0100,,
1.9810,486,230.5,21.9,0.0105,,
1.9895,487,230.8,21.9,0.0105,,
1.9970,488,231.1,21.9,0.0105,,
2.0055,489,231.4,21.9,0.0120,,
2.0140,490,231.7,21.9,0.0120,,
2.0225,491,231.9,21.9,0.0105,,
2.0310,492,232.2,21.9,0.0105,,
2.0395,493,232.6,21.9,0.0105,,
2.0475,494,232.8,21.9,0.0115,,
2.0555,495,233.1,21.9,0.0115,,
2.0635,496,233.4,21.9,0.0115,,
2.0720,497,233.7,21.9,0.0105,,
2.0805,498,234.0,21.9,0.0105,,
2.0870,499,234.1,21.9,0.0080,,
2.0910,500,234.4,21.9,0.0050,,
2.0915,501,234.5,21.9,0.0005,,
2.0920,502,234.6,21.9,0.0005,,
2.0930,503,234.6,21.9,0.0015,,
2.0945,504,234.7,21.9,0.0020,,
2.0970,505,234.7,21.9,0.0030,,
2.1010,506,234.8,21.9,0.0050,,
2.1055,507,234.9,21.9,0.0065,,
2.1095,508,235.0,21.9,0.0080,,
Scope 1/1, Sample 5/6 (Tank 13)
Result,TitrationEP1
V,t,E,T,dV/dt,E acc. stat.,Volume acc. stat.
0.0000,0,-63.5,21.8,NaN,,
0.0010,1,-63.6,21.8,0.0010,,
0.0025,2,-63.6,21.8,0.0015,,
0.0050,3,-63.6,21.8,0.0025,,
0.0090,4,-63.5,21.8,0.0035,,
0.0150,5,-63.3,21.8,0.0055,,
0.0235,6,-63.0,21.8,0.0075,,
0.0320,7,-62.4,21.8,0.0075,,
0.0405,8,-61.7,21.8,0.0075,,
0.0490,9,-60.8,21.8,0.0075,,
0.0565,10,-59.7,21.8,0.0070,,
0.0650,11,-58.4,21.8,0.0075,,
0.0735,12,-57.2,21.8,0.0075,,
0.0815,13,-55.9,21.8,0.0075,,
0.0900,14,-54.5,21.8,0.0075,,
0.0985,15,-53.0,21.8,0.0075,,
0.1060,16,-51.4,21.8,0.0070,,
0.1145,17,-49.7,21.8,0.0075,,
0.1230,18,-47.9,21.8,0.0075,,
0.1315,19,-46.1,21.8,0.0075,,
0.1400,20,-44.0,21.8,0.0075,,
0.1485,21,-42.0,21.8,0.0075,,
0.1560,22,-39.8,21.8,0.0070,,
0.1645,23,-37.2,21.8,0.0075,,
0.1725,24,-34.5,21.8,0.0075,,
0.1810,25,-32.0,21.8,0.0075,,
0.1895,26,-29.4,21.8,0.0075,,
0.1980,27,-26.3,21.8,0.0070,,
0.2055,28,-23.2,21.8,0.0070,,
0.2140,29,-19.7,21.8,0.0075,,
0.2225,30,-16.4,21.8,0.0075,,
0.2310,31,-12.9,21.8,0.0075,,
0.2390,32,-9.5,21.8,0.0075,,
0.2475,33,-6.4,21.8,0.0075,,
0.2555,34,-3.6,21.8,0.0075,,
0.2635,35,-0.7,21.8,0.0075,,
0.2720,36,1.2,21.8,0.0075,,
0.2805,37,3.4,21.8,0.0075,,
0.2890,38,5.2,21.8,0.0075,,
0.2975,39,6.7,21.8,0.0075,,
0.3060,40,8.0,21.8,0.0075,,
0.3135,41,9.6,21.8,0.0070,,
0.3220,42,11.3,21.8,0.0075,,
0.3305,43,12.7,21.8,0.0075,,
0.3385,44,14.0,21.8,0.0075,,
0.3470,45,15.3,21.8,0.0075,,
0.3555,46,16.3,21.8,0.0075,,
0.3630,47,17.6,21.8,0.0070,,
0.3715,48,18.7,21.8,0.0075,,
0.3800,49,19.8,21.8,0.0075,,
0.3885,50,21.0,21.8,0.0075,,
0.3970,51,22.2,21.8,0.0075,,
0.4055,52,23.1,21.8,0.0075,,
0.4130,53,24.3,21.8,0.0070,,
0.4215,54,25.3,21.8,0.0075,,
0.4295,55,26.3,21.8,0.0075,,
0.4380,56,27.3,21.8,0.0075,,
0.4465,57,28.3,21.8,0.0075,,
0.4550,58,29.3,21.8,0.0070,,
0.4625,59,30.1,21.8,0.0070,,
0.4710,60,31.1,21.8,0.0075,,
0.4795,61,32.0,21.8,0.0075,,
0.4880,62,32.9,21.8,0.0075,,
0.4960,63,33.8,21.8,0.0075,,
0.5045,64,34.7,21.8,0.0070,,
0.5120,65,35.5,21.8,0.0070,,
0.5205,66,36.5,21.8,0.0075,,
0.5290,67,37.4,21.8,0.0075,,
0.5375,68,38.1,21.8,0.0075,,
0.5460,69,39.0,21.8,0.0075,,
0.5545,70,39.9,21.8,0.0070,,
0.5620,71,40.6,21.8,0.0070,,
0.5705,72,41.4,21.8,0.0075,,
0.5790,73,42.2,21.8,0.0075,,
0.5875,74,43.0,21.8,0.0075,,
0.5955,75,43.9,21.8,0.0075,,
0.6040,76,44.6,21.8,0.0075,,
0.6120,77,45.4,21.8,0.0075,,
0.6200,78,46.1,21.8,0.0075,,
0.6285,79,46.9,21.8,0.0075,,
0.6370,80,47.7,21.8,0.0075,,
0.6455,81,48.5,21.8,0.0075,,
0.6540,82,49.2,21.8,0.0075,,
0.6615,83,49.9,21.8,0.0070,,
0.6700,84,50.6,21.8,0.0075,,
0.6785,85,51.4,21.8,0.0075,,
0.6865,86,52.1,21.8,0.0075,,
0.6950,87,53.0,21.8,0.0075,,
0.7035,88,53.6,21.8,0.0075,,
0.7110,89,54.4,21.8,0.0070,,
0.7195,90,55.1,21.8,0.0075,,
0.7280,91,55.9,21.8,0.0075,,
0.7365,92,56.8,21.8,0.0075,,
0.7450,93,57.5,21.8,0.0075,,
0.7535,94,58.2,21.8,0.0070,,
0.7610,95,59.1,21.8,0.0070,,
0.7695,96,59.8,21.8,0.0075,,
0.7775,97,60.5,21.8,0.0075,,
0.7860,98,61.2,21.8,0.0075,,
0.7945,99,61.9,21.8,0.0075,,
0.8030,100,62.6,21.8,0.0075,,
0.8105,101,63.4,21.8,0.0070,,
0.8190,102,64.1,21.8,0.0075,,
0.8275,103,64.9,21.8,0.0075,,
0.8360,104,65.5,21.8,0.0075,,
0.8445,105,66.3,21.8,0.0075,,
0.8525,106,67.1,21.8,0.0075,,
0.8605,107,68.0,21.8,0.0075,,
0.8685,108,68.8,21.8,0.0075,,
0.8770,109,69.8,21.8,0.0075,,
0.8855,110,70.5,21.8,0.0075,,
0.8940,111,71.3,21.8,0.0075,,
0.9025,112,72.1,21.8,0.0075,,
0.9100,113,72.8,21.8,0.0070,,
0.9185,114,73.8,21.8,0.0075,,
0.9270,115,74.6,21.8,0.0075,,
0.9355,116,75.3,21.8,0.0075,,
0.9435,117,76.3,21.8,0.0075,,
0.9520,118,77.4,21.8,0.0075,,
0.9595,119,78.3,21.8,0.0070,,
0.9680,120,79.0,21.8,0.0075,,
0.9765,121,79.8,21.8,0.0075,,
0.9850,122,80.8,21.8,0.0075,,
0.9935,123,81.6,21.8,0.0075,,
1.0020,124,82.5,21.8,0.0075,,
1.0095,125,83.4,21.8,0.0070,,
1.0180,126,84.5,21.8,0.0075,,
1.0265,127,85.9,21.8,0.0075,,
1.0345,128,86.9,21.8,0.0075,,
1.0430,129,88.1,21.8,0.0075,,
1.0515,130,88.8,21.8,0.0075,,
1.0600,131,90.2,21.8,0.0075,,
1.0675,132,91.4,21.8,0.0070,,
1.0760,133,92.0,21.8,0.0075,,
1.0845,134,93.1,21.8,0.0075,,
1.0930,135,94.7,21.8,0.0075,,
1.1010,136,95.9,21.8,0.0075,,
1.1090,137,97.2,21.8,0.0075,,
1.1175,138,98.8,21.8,0.0075,,
1.1255,139,100.4,21.8,0.0075,,
1.1340,140,101.6,21.8,0.0075,,
1.1425,141,102.7,21.8,0.0075,,
1.1510,142,104.0,21.8,0.0075,,
1.1585,143,105.1,21.8,0.0070,,
1.1670,144,107.3,21.8,0.0075,,
1.1755,145,108.9,21.8,0.0075,,
1.1840,146,110.8,21.8,0.0075,,
1.1925,147,112.6,21.8,0.0075,,
1.2010,148,114.5,21.8,0.0070,,
1.2085,149,116.1,21.8,0.0070,,
1.2170,150,118.2,21.8,0.0075,,
1.2250,151,121.5,21.8,0.0075,,
1.2335,152,124.4,21.8,0.0075,,
1.2420,153,127.3,21.8,0.0075,,
1.2505,154,129.6,21.8,0.0075,,
1.2580,155,131.9,21.8,0.0070,,
1.2665,156,134.6,21.8,0.0075,,
1.2750,157,138.3,21.8,0.0075,,
1.2835,158,141.0,21.8,0.0075,,
1.2915,159,145.1,21.8,0.0075,,
1.3000,160,148.6,21.8,0.0075,,
1.3085,161,151.9,21.8,0.0075,,
1.3160,162,155.5,21.8,0.0070,,
1.3245,163,158.9,21.8,0.0075,,
1.3330,164,162.0,21.8,0.0075,,
1.3415,165,165.3,21.8,0.0075,,
1.3500,166,168.2,21.8,0.0075,,
1.3580,167,170.8,21.8,0.0075,,
1.3660,168,173.1,21.8,0.0075,,
1.3740,169,175.9,21.8,0.0075,,
1.3825,170,178.2,21.8,0.0075,,
1.3910,171,180.3,21.8,0.0075,,
1.3995,172,182.4,21.8,0.0075,,
1.4080,173,184.3,21.8,0.0070,,
1.4125,174,185.0,21.8,0.0055,,
1.4125,414,189.1,21.9,0.0000,,
1.4130,415,189.1,21.9,0.0005,,
1.4145,416,189.1,21.9,0.0020,,
1.4170,417,189.1,21.9,0.0030,,
1.4210,418,189.2,21.9,0.0045,,
1.4275,419,189.4,21.9,0.0070,,
1.4360,420,190.3,21.9,0.0095,,
1.4435,421,191.2,21.9,0.0095,,
1.4520,422,192.7,21.9,0.0105,,
1.4605,423,193.7,21.9,0.0105,,
1.4690,424,195.3,21.9,0.0095,,
1.4770,425,196.3,21.9,0.0090,,
1.4855,426,197.6,21.9,0.0095,,
1.4930,427,198.5,21.9,0.0095,,
1.5015,428,199.5,21.9,0.0105,,
1.5100,429,200.6,21.9,0.0105,,
1.5185,430,201.5,21.9,0.0095,,
1.5270,431,202.4,21.9,0.0095,,
1.5355,432,203.4,21.9,0.0095,,
1.5430,433,204.3,21.9,0.0095,,
1.5515,434,205.0,21.9,0.0105,,
1.5600,435,206.0,21.9,0.0105,,
1.5680,436,206.6,21.9,0.0090,,
1.5765,437,207.4,21.9,0.0095,,
1.5850,438,208.1,21.9,0.0095,,
1.5925,439,208.8,21.9,0.0095,,
1.6010,440,209.6,21.9,0.0105,,
1.6095,441,210.3,21.9,0.0105,,
1.6180,442,210.9,21.9,0.0095,,
1.6265,443,211.5,21.9,0.0095,,
1.6350,444,212.3,21.9,0.0095,,
1.6425,445,213.0,21.9,0.0095,,
1.6505,446,213.6,21.9,0.0100,,
1.6590,447,214.2,21.9,0.0105,,
1.6675,448,214.7,21.9,0.0095,,
1.6760,449,215.3,21.9,0.0095,,
1.6845,450,216.0,21.9,0.0095,,
1.6930,451,216.4,21.9,0.0105,,
1.7005,452,216.9,21.9,0.0095,,
1.7090,453,217.2,21.9,0.0105,,
1.7175,454,217.9,21.9,0.0095,,
1.7255,455,218.3,21.9,0.0090,,
1.7340,456,218.8,21.9,0.0095,,
1.7425,457,219.4,21.9,0.0095,,
1.7500,458,219.8,21.9,0.0095,,
1.7585,459,220.2,21.9,0.0105,,
1.7670,460,220.7,21.9,0.0105,,
1.7755,461,221.1,21.9,0.0095,,
1.7840,462,221.6,21.9,0.0095,,
1.7920,463,222.0,21.9,0.0090,,
1.8000,464,222.4,21.9,0.0100,,
1.8080,465,222.9,21.9,0.0100,,
1.8165,466,223.3,21.9,0.0105,,
1.8250,467,223.7,21.9,0.0095,,
1.8335,468,224.1,21.9,0.0095,,
1.8420,469,224.6,21.9,0.0095,,
1.8495,470,224.9,21.9,0.0095,,
1.8580,471,225.4,21.9,0.0105,,
1.8665,472,225.7,21.9,0.0105,,
1.8750,473,226.1,21.9,0.0095,,
1.8830,474,226.4,21.9,0.0090,,
1.8915,475,226.8,21.9,0.0095,,
1.8990,476,227.1,21.9,0.0095,,
1.9075,477,227.5,21.9,0.0105,,
1.9160,478,227.8,21.9,0.0105,,
1.9245,479,228.0,21.9,0.0095,,
1.9330,480,228.4,21.9,0.0095,,
1.9415,481,228.7,21.9,0.0095,,
1.9490,482,229.1,21.9,0.0095,,
1.9575,483,229.4,21.9,0.0105,,
1.9660,484,229.8,21.9,0.0105,,
1.9745,485,230.1,21.9,0.0095,,
1.9825,486,230.3,21.9,0.0090,,
1.9910,487,230.7,21.9,0.0095,,
1.9985,488,230.9,21.9,0.0095,,
2.0070,489,231.3,21.9,0.0105,,
2.0155,490,231.7,21.9,0.0105,,
2.0240,491,231.9,21.9,0.0095,,
2.0325,492,232.2,21.9,0.0095,,
2.0410,493,232.5,21.9,0.0095,,
2.0485,494,232.7,21.9,0.0095,,
2.0570,495,232.9,21.9,0.0105,,
2.0650,496,233.4,21.9,0.0100,,
2.0735,497,233.5,21.9,0.0095,,
2.0820,498,233.8,21.9,0.0095,,
2.0895,499,234.1,21.9,0.0085,,
2.0930,500,234.3,21.9,0.0045,,
2.0940,501,234.5,21.9,0.0010,,
2.0945,502,234.5,21.9,0.0005,,
2.0955,503,234.6,21.9,0.0010,,
2.0965,504,234.6,21.9,0.0010,,
2.0990,505,234.6,21.9,0.0030,,
2.1020,506,234.7,21.9,0.0035,,
2.1060,507,234.8,21.9,0.0050,,
2.1110,508,235.0,21.9,0.0085,,
Scope 1/1, Sample 6/6 (Tank 20)
Result,TitrationEP1
V,t,E,T,dV/dt,E acc. stat.,Volume acc. stat.
0.0000,0,-51.7,21.9,NaN,,
0.0010,1,-51.8,21.9,0.0010,,
0.0025,2,-51.8,21.9,0.0015,,
0.0050,3,-51.7,21.9,0.0025,,
0.0090,4,-51.6,21.9,0.0035,,
0.0150,5,-51.4,21.9,0.0055,,
0.0235,6,-51.1,21.9,0.0075,,
0.0320,7,-50.4,21.9,0.0075,,
0.0405,8,-49.4,21.9,0.0075,,
0.0490,9,-48.2,21.9,0.0075,,
0.0565,10,-47.1,21.9,0.0070,,
0.0650,11,-45.6,21.9,0.0075,,
0.0735,12,-43.9,21.9,0.0075,,
0.0820,13,-42.2,21.9,0.0075,,
0.0900,14,-40.2,21.9,0.0075,,
0.0985,15,-38.2,21.9,0.0070,,
0.1060,16,-36.3,21.9,0.0070,,
0.1145,17,-34.0,21.9,0.0075,,
0.1230,18,-31.6,21.9,0.0075,,
0.1315,19,-29.0,21.9,0.0075,,
0.1400,20,-26.2,21.9,0.0075,,
0.1485,21,-23.6,21.9,0.0075,,
0.1560,22,-20.8,21.9,0.0070,,
0.1645,23,-17.6,21.9,0.0075,,
0.1730,24,-14.5,21.9,0.0075,,
0.1810,25,-11.4,21.9,0.0075,,
0.1895,26,-8.5,21.9,0.0075,,
0.1980,27,-5.8,21.9,0.0070,,
0.2055,28,-3.3,21.9,0.0070,,
0.2140,29,-0.6,21.9,0.0075,,
0.2225,30,0.9,21.9,0.0075,,
0.2310,31,3.2,21.9,0.0075,,
0.2395,32,4.7,21.9,0.0075,,
0.2480,33,6.0,21.9,0.0075,,
0.2555,34,7.1,21.9,0.0070,,
0.2640,35,8.5,21.9,0.0075,,
0.2720,36,10.1,21.9,0.0075,,
0.2805,37,11.6,21.9,0.0075,,
0.2890,38,13.0,21.9,0.0075,,
0.2975,39,14.2,21.9,0.0075,,
0.3050,40,15.4,21.9,0.0070,,
0.3135,41,16.4,21.9,0.0075,,
0.3220,42,17.6,22.0,0.0075,,
0.3305,43,18.7,21.9,0.0075,,
0.3390,44,19.8,22.0,0.0075,,
0.3470,45,20.7,22.0,0.0075,,
0.3550,46,21.6,22.0,0.0075,,
0.3630,47,22.6,21.9,0.0075,,
0.3715,48,23.6,22.0,0.0075,,
0.3800,49,24.7,22.0,0.0075,,
0.3885,50,25.7,22.0,0.0075,,
0.3970,51,26.7,22.0,0.0075,,
0.4045,52,27.5,22.0,0.0070,,
0.4130,53,28.4,22.0,0.0075,,
0.4215,54,29.4,22.0,0.0075,,
0.4300,55,30.3,22.0,0.0075,,
0.4380,56,31.3,22.0,0.0075,,
0.4465,57,32.2,22.0,0.0075,,
0.4540,58,33.1,22.0,0.0070,,
0.4625,59,34.1,22.0,0.0075,,
0.4710,60,34.9,22.0,0.0075,,
0.4795,61,35.8,22.0,0.0075,,
0.4880,62,36.6,22.0,0.0075,,
0.4965,63,37.5,22.0,0.0075,,
0.5045,64,38.2,22.0,0.0075,,
0.5125,65,38.9,22.0,0.0075,,
0.5205,66,39.7,22.0,0.0075,,
0.5290,67,40.3,22.0,0.0075,,
0.5375,68,41.1,22.0,0.0075,,
0.5460,69,41.8,22.0,0.0075,,
0.5545,70,42.6,22.0,0.0075,,
0.5620,71,43.3,22.0,0.0070,,
0.5705,72,44.0,22.0,0.0075,,
0.5790,73,44.7,22.0,0.0075,,
0.5875,74,45.4,22.0,0.0075,,
0.5955,75,46.1,22.0,0.0075,,
0.6040,76,47.0,22.0,0.0075,,
0.6115,77,47.8,22.0,0.0070,,
0.6200,78,48.5,22.0,0.0075,,
0.6285,79,49.3,22.0,0.0075,,
0.6370,80,49.9,22.0,0.0075,,
0.6455,81,50.7,22.0,0.0075,,
0.6540,82,51.3,22.0,0.0075,,
0.6615,83,52.0,22.0,0.0070,,
0.6700,84,52.8,22.0,0.0075,,
0.6785,85,53.4,22.0,0.0075,,
0.6865,86,54.1,22.0,0.0075,,
0.6950,87,54.7,22.0,0.0075,,
0.7035,88,55.5,22.0,0.0075,,
0.7110,89,56.2,22.0,0.0070,,
0.7195,90,56.8,22.0,0.0075,,
0.7280,91,57.8,22.0,0.0075,,
0.7365,92,58.5,22.0,0.0075,,
0.7450,93,59.2,22.0,0.0075,,
0.7530,94,60.0,22.0,0.0075,,
0.7615,95,60.6,22.0,0.0075,,
0.7690,96,61.2,22.0,0.0070,,
0.7775,97,62.0,22.0,0.0075,,
0.7860,98,62.6,22.0,0.0075,,
0.7945,99,63.3,22.0,0.0075,,
0.8030,100,64.3,22.0,0.0075,,
0.8115,101,65.0,22.0,0.0075,,
0.8190,102,65.7,22.0,0.0070,,
0.8275,103,66.5,22.0,0.0075,,
0.8360,104,67.3,22.0,0.0075,,
0.8440,105,68.1,22.0,0.0075,,
0.8525,106,68.8,22.0,0.0075,,
0.8610,107,69.6,22.0,0.0070,,
0.8685,108,70.3,22.0,0.0070,,
0.8770,109,71.0,22.0,0.0075,,
0.8855,110,71.8,22.0,0.0075,,
0.8940,111,72.7,22.0,0.0075,,
0.9025,112,73.6,22.0,0.0075,,
0.9110,113,74.3,22.0,0.0075,,
0.9185,114,75.2,22.0,0.0070,,
0.9270,115,75.8,22.0,0.0075,,
0.9350,116,76.7,22.0,0.0075,,
0.9435,117,77.6,22.0,0.0075,,
0.9520,118,78.5,22.0,0.0075,,
0.9605,119,79.3,22.0,0.0075,,
0.9680,120,79.9,22.0,0.0070,,
0.9765,121,80.8,22.0,0.0075,,
0.9850,122,81.8,22.0,0.0075,,
0.9935,123,82.6,22.0,0.0075,,
1.0020,124,83.6,22.0,0.0075,,
1.0100,125,84.6,22.0,0.0065,,
1.0180,126,85.3,22.0,0.0075,,
1.0260,127,86.2,22.0,0.0075,,
1.0345,128,87.3,22.0,0.0075,,
1.0430,129,88.3,22.0,0.0075,,
1.0515,130,89.4,22.0,0.0075,,
1.0600,131,90.5,22.0,0.0070,,
1.0675,132,91.3,22.0,0.0070,,
1.0760,133,92.5,22.0,0.0075,,
1.0845,134,93.6,22.0,0.0075,,
1.0930,135,95.0,22.0,0.0075,,
1.1010,136,96.3,22.0,0.0075,,
1.1095,137,97.2,22.0,0.0075,,
1.1170,138,98.3,22.0,0.0070,,
1.1255,139,99.5,22.0,0.0075,,
1.1340,140,101.2,22.0,0.0075,,
1.1425,141,102.9,22.0,0.0075,,
1.1510,142,104.4,22.0,0.0075,,
1.1595,143,106.0,22.0,0.0075,,
1.1670,144,107.6,22.0,0.0070,,
1.1755,145,109.0,22.0,0.0075,,
1.1840,146,110.9,22.0,0.0075,,
1.1920,147,111.9,22.0,0.0075,,
1.2005,148,113.9,22.0,0.0075,,
1.2090,149,115.9,22.0,0.0075,,
1.2165,150,118.1,22.0,0.0070,,
1.2250,151,120.4,22.0,0.0075,,
1.2335,152,123.5,22.0,0.0075,,
1.2420,153,125.2,22.0,0.0075,,
1.2505,154,127.8,22.0,0.0075,,
1.2585,155,130.6,22.0,0.0075,,
1.2665,156,133.3,22.0,0.0075,,
1.2750,157,136.4,22.0,0.0075,,
1.2830,158,139.7,22.0,0.0075,,
1.2915,159,143.4,22.0,0.0075,,
1.3000,160,146.6,22.0,0.0075,,
1.3085,161,150.7,22.0,0.0075,,
1.3160,162,153.9,22.0,0.0070,,
1.3245,163,157.1,22.0,0.0075,,
1.3330,164,160.6,22.0,0.0075,,
1.3415,165,163.8,22.0,0.0075,,
1.3495,166,166.7,22.0,0.0075,,
1.3580,167,169.8,22.0,0.0075,,
1.3665,168,172.1,22.0,0.0075,,
1.3740,169,174.5,22.0,0.0070,,
1.3825,170,176.8,22.0,0.0075,,
1.3910,171,179.0,22.0,0.0075,,
1.3995,172,181.2,22.0,0.0075,,
1.4080,173,183.2,22.0,0.0075,,
1.4155,174,184.7,22.0,0.0070,,
1.4190,174,185.0,22.0,0.0070,,
1.4190,414,189.6,22.1,0.0000,,
1.4195,416,189.6,22.1,0.0005,,
1.4215,416,189.6,22.1,0.0040,,
1.4235,418,189.6,22.1,0.0015,,
1.4275,419,189.6,22.1,0.0065,,
1.4335,420,189.9,22.1,0.0100,,
1.4420,421,190.6,22.1,0.0140,,
1.4505,422,191.7,22.1,0.0140,,
1.4590,422,192.9,22.1,0.0170,,
1.4665,424,194.2,22.1,0.0050,,
1.4750,425,195.4,22.1,0.0140,,
1.4830,426,196.6,22.1,0.0135,,
1.4915,427,197.7,22.1,0.0140,,
1.5000,428,198.7,22.1,0.0140,,
1.5085,428,199.6,22.1,0.0170,,
1.5160,430,200.7,22.1,0.0050,,
1.5245,431,201.6,22.1,0.0140,,
1.5330,432,202.7,22.1,0.0140,,
1.5415,433,203.5,22.1,0.0140,,
1.5500,434,204.5,22.1,0.0140,,
1.5580,434,205.2,22.1,0.0160,,
1.5660,436,206.0,22.1,0.0055,,
1.5740,437,206.7,22.1,0.0135,,
1.5825,438,207.7,22.1,0.0140,,
1.5910,439,208.4,22.1,0.0140,,
1.5995,440,209.0,22.1,0.0140,,
1.6080,441,209.8,22.1,0.0140,,
1.6155,442,210.3,22.1,0.0150,,
1.6240,443,211.2,22.1,0.0140,,
1.6325,444,211.7,22.1,0.0140,,
1.6410,445,212.4,22.1,0.0140,,
1.6490,446,212.9,22.1,0.0135,,
1.6575,447,213.5,22.1,0.0140,,
1.6650,448,214.1,22.1,0.0150,,
1.6735,449,214.9,22.1,0.0140,,
1.6820,450,215.3,22.1,0.0140,,
1.6905,451,215.8,22.1,0.0140,,
1.6990,452,216.4,22.1,0.0140,,
1.7075,453,217.0,22.1,0.0140,,
1.7150,454,217.4,22.1,0.0150,,
1.7235,455,217.9,22.1,0.0140,,
1.7320,456,218.5,22.1,0.0140,,
1.7400,457,218.8,22.1,0.0135,,
1.7485,458,219.5,22.1,0.0140,,
1.7570,459,219.9,22.1,0.0140,,
1.7645,460,220.3,22.1,0.0150,,
1.7730,461,220.7,22.1,0.0140,,
1.7815,462,221.2,22.1,0.0140,,
1.7900,463,221.7,22.1,0.0140,,
1.7985,464,222.1,22.1,0.0140,,
1.8065,465,222.6,22.1,0.0135,,
1.8150,466,223.0,22.1,0.0170,,
1.8225,466,223.5,22.1,0.0150,,
1.8310,468,223.7,22.1,0.0055,,
1.8395,469,224.2,22.1,0.0140,,
1.8480,470,224.6,22.1,0.0140,,
1.8565,471,225.0,22.1,0.0140,,
1.8650,472,225.4,22.1,0.0140,,
1.8725,472,225.8,22.1,0.0150,,
1.8810,474,226.1,22.1,0.0055,,
1.8890,475,226.3,22.1,0.0135,,
1.8975,476,226.8,22.1,0.0140,,
1.9060,477,227.1,22.1,0.0140,,
1.9145,478,227.5,22.1,0.0140,,
1.9220,478,227.8,22.1,0.0150,,
1.9305,480,228.2,22.1,0.0055,,
1.9390,481,228.4,22.1,0.0140,,
1.9475,482,228.9,22.1,0.0140,,
1.9560,483,229.1,22.1,0.0140,,
1.9640,484,229.5,22.1,0.0135,,
1.9720,484,229.8,22.1,0.0160,,
1.9800,486,230.1,22.1,0.0050,,
1.9885,487,230.4,22.1,0.0140,,
1.9970,488,230.7,22.1,0.0140,,
2.0055,489,231.0,22.1,0.0140,,
2.0140,490,231.3,22.1,0.0140,,
2.0225,490,231.6,22.1,0.0170,,
2.0300,492,231.9,22.1,0.0050,,
2.0385,493,232.2,22.1,0.0140,,
2.0470,494,232.5,22.1,0.0140,,
2.0550,495,232.8,22.1,0.0135,,
2.0635,496,233.0,22.1,0.0140,,
2.0720,496,233.2,22.1,0.0170,,
2.0795,498,233.6,22.1,0.0050,,
2.0875,499,233.8,22.1,0.0135,,
2.0955,500,234.2,22.1,0.0135,,
2.1000,501,234.3,22.1,0.0075,,
2.1010,502,234.6,22.1,0.0015,,
2.1015,502,234.7,22.1,0.0010,,
2.1020,504,234.6,22.1,0.0005,,
2.1035,505,234.7,22.1,0.0025,,
2.1045,506,234.7,22.1,0.0015,,
2.1065,507,234.8,22.1,0.0035,,
2.1095,508,234.8,22.1,0.0050,,
2.1135,508,234.9,22.1,0.0080,,
2.1165,509,235.1,22.1,0.0025,,
