Task,T1713
Scope 1/1, Sample 1/10 (junk1)
Result,TitrationEP1
V,t,E,T,dV/dt,E acc. stat.,Volume acc. stat.
0.0000,0,-72.2,21.8,NaN,,
0.0010,1,-72.2,21.8,0.0010,,
0.0025,2,-72.2,21.8,0.0015,,
0.0050,3,-72.2,21.8,0.0025,,
0.0090,4,-72.2,21.8,0.0035,,
0.0150,5,-72.1,21.8,0.0055,,
0.0235,6,-71.8,21.8,0.0075,,
0.0320,7,-71.2,21.8,0.0075,,
0.0405,8,-70.4,21.8,0.0075,,
0.0490,9,-69.5,21.8,0.0085,,
0.0565,10,-68.6,21.8,0.0070,,
0.0650,11,-67.5,21.8,0.0075,,
0.0735,12,-66.4,21.8,0.0075,,
0.0820,13,-65.3,21.8,0.0075,,
0.0900,14,-64.0,21.8,0.0075,,
0.0985,15,-62.9,21.8,0.0085,,
0.1060,16,-61.5,21.8,0.0070,,
0.1145,17,-60.0,21.8,0.0075,,
0.1230,18,-58.6,21.8,0.0075,,
0.1315,19,-57.1,21.8,0.0075,,
0.1400,20,-55.2,21.8,0.0075,,
0.1485,21,-53.2,21.8,0.0075,,
0.1560,22,-51.6,21.8,0.0070,,
0.1645,23,-49.9,21.8,0.0075,,
0.1725,24,-47.9,21.8,0.0075,,
0.1810,25,-45.6,21.8,0.0075,,
0.1895,26,-43.2,21.8,0.0075,,
0.1980,27,-40.6,21.8,0.0075,,
0.2055,28,-38.4,21.8,0.0070,,
0.2140,29,-35.8,21.8,0.0075,,
0.2225,30,-32.7,21.8,0.0075,,
0.2310,31,-29.6,21.8,0.0075,,
0.2395,32,-26.1,21.8,0.0075,,
0.2475,33,-22.6,21.8,0.0075,,
0.2555,34,-18.9,21.8,0.0075,,
0.2635,35,-15.1,21.8,0.0075,,
0.2720,36,-11.4,21.8,0.0075,,
0.2805,37,-7.9,21.8,0.0075,,
0.2890,38,-4.7,21.8,0.0075,,
0.2975,39,-1.6,21.8,0.0075,,
0.3060,40,-0.1,21.8,0.0085,,
0.3135,41,1.6,21.8,0.0070,,
0.3220,42,3.6,21.8,0.0075,,
0.3300,43,5.3,21.8,0.0075,,
0.3385,44,6.3,21.8,0.0075,,
0.3470,45,7.7,21.8,0.0075,,
0.3555,46,9.2,21.8,0.0085,,
0.3630,47,11.0,21.8,0.0070,,
0.3715,48,12.5,21.8,0.0075,,
0.3800,49,13.6,21.8,0.0075,,
0.3885,50,14.8,21.8,0.0075,,
0.3970,51,15.8,21.8,0.0075,,
0.4055,52,16.8,21.8,0.0075,,
0.4130,53,17.9,21.8,0.0070,,
0.4215,54,19.0,21.8,0.0075,,
0.4295,55,20.0,21.8,0.0075,,
0.4380,56,21.0,21.8,0.0075,,
0.4465,57,21.9,21.8,0.0075,,
0.4540,58,22.7,21.8,0.0070,,
0.4625,59,23.7,21.8,0.0075,,
0.4710,60,24.7,21.8,0.0075,,
0.4795,61,25.7,21.8,0.0075,,
0.4880,62,26.7,21.8,0.0075,,
0.4965,63,27.6,21.8,0.0075,,
0.5040,64,28.3,21.8,0.0070,,
0.5125,65,29.4,21.8,0.0075,,
0.5205,66,30.4,21.8,0.0075,,
0.5290,67,31.4,21.8,0.0075,,
0.5375,68,32.3,21.8,0.0075,,
0.5460,69,33.1,21.8,0.0075,,
0.5545,70,33.9,21.8,0.0075,,
0.5620,71,34.8,21.8,0.0070,,
0.5705,72,35.7,21.8,0.0075,,
0.5790,73,36.5,21.8,0.0075,,
0.5875,74,37.3,21.8,0.0075,,
0.5955,75,38.1,21.8,0.0075,,
0.6040,76,38.9,21.8,0.0085,,
0.6115,77,40.0,21.8,0.0070,,
0.6200,78,40.7,21.8,0.0075,,
0.6285,79,41.4,21.8,0.0075,,
0.6370,80,42.1,21.8,0.0075,,
0.6455,81,42.9,21.8,0.0075,,
0.6540,82,43.7,21.8,0.0075,,
0.6615,83,44.4,21.8,0.0070,,
0.6700,84,45.3,21.8,0.0075,,
0.6780,85,46.0,21.8,0.0075,,
0.6865,86,46.8,21.8,0.0075,,
0.6950,87,47.6,21.8,0.0075,,
0.7035,88,48.4,21.8,0.0075,,
0.7110,89,49.1,21.8,0.0070,,
0.7195,90,49.8,21.8,0.0075,,
0.7280,91,50.6,21.8,0.0075,,
0.7365,92,51.5,21.8,0.0075,,
0.7450,93,52.2,21.8,0.0075,,
0.7530,94,52.9,21.8,0.0075,,
0.7610,95,53.6,21.8,0.0075,,
0.7690,96,54.4,21.8,0.0075,,
0.7775,97,55.3,21.8,0.0075,,
0.7860,98,56.1,21.8,0.0075,,
0.7945,99,56.7,21.8,0.0075,,
0.8030,100,57.3,21.8,0.0075,,
0.8105,101,58.0,21.8,0.0070,,
0.8190,102,58.8,21.8,0.0075,,
0.8275,103,59.8,21.8,0.0075,,
0.8360,104,60.5,21.8,0.0075,,
0.8440,105,61.2,21.8,0.0075,,
0.8525,106,61.9,21.8,0.0075,,
0.8605,107,62.5,21.8,0.0075,,
0.8685,108,63.3,21.8,0.0075,,
0.8770,109,64.2,21.8,0.0075,,
0.8855,110,65.0,21.8,0.0075,,
0.8940,111,65.8,21.8,0.0075,,
0.9025,112,66.6,21.8,0.0075,,
0.9100,113,67.3,21.8,0.0070,,
0.9185,114,68.1,21.8,0.0075,,
0.9270,115,68.8,21.8,0.0075,,
0.9350,116,69.9,21.8,0.0075,,
0.9435,117,70.8,21.8,0.0075,,
0.9520,118,71.4,21.8,0.0075,,
0.9595,119,72.0,21.8,0.0070,,
0.9680,120,73.0,21.8,0.0075,,
0.9765,121,73.8,21.8,0.0075,,
0.9850,122,74.6,21.8,0.0075,,
0.9935,123,75.7,21.8,0.0075,,
1.0015,124,76.8,21.8,0.0075,,
1.0100,125,77.6,21.8,0.0085,,
1.0175,126,78.4,21.8,0.0070,,
1.0260,127,79.2,21.8,0.0075,,
1.0345,128,80.2,21.8,0.0075,,
1.0430,129,81.4,21.8,0.0075,,
1.0515,130,82.4,21.8,0.0075,,
1.0600,131,83.5,21.8,0.0075,,
1.0675,132,84.8,21.8,0.0070,,
1.0760,133,85.9,21.8,0.0075,,
1.0845,134,86.6,21.8,0.0075,,
1.0925,135,87.7,21.8,0.0075,,
1.1010,136,88.9,21.8,0.0075,,
1.1095,137,90.0,21.8,0.0075,,
1.1170,138,91.5,21.8,0.0070,,
1.1255,139,92.7,21.8,0.0075,,
1.1340,140,94.1,21.8,0.0075,,
1.1425,141,95.6,21.8,0.0075,,
1.1510,142,96.7,21.8,0.0075,,
1.1595,143,97.9,21.8,0.0075,,
1.1670,144,99.6,21.8,0.0070,,
1.1755,145,100.9,21.8,0.0075,,
1.1835,146,102.6,21.8,0.0075,,
1.1920,147,104.2,21.8,0.0075,,
1.2005,148,105.6,21.8,0.0075,,
1.2090,149,107.9,21.8,0.0075,,
1.2165,150,110.3,21.8,0.0070,,
1.2250,151,112.3,21.8,0.0075,,
1.2335,152,113.8,21.8,0.0075,,
1.2420,153,117.1,21.8,0.0075,,
1.2505,154,119.6,21.8,0.0075,,
1.2585,155,121.6,21.8,0.0075,,
1.2665,156,123.9,21.8,0.0075,,
1.2745,157,126.8,21.8,0.0075,,
1.2830,158,130.2,21.8,0.0075,,
1.2915,159,133.7,21.8,0.0075,,
1.3000,160,137.0,21.8,0.0075,,
1.3085,161,140.7,21.8,0.0075,,
1.3160,162,143.8,21.8,0.0070,,
1.3245,163,147.5,21.8,0.0075,,
1.3330,164,151.6,21.8,0.0075,,
1.3415,165,155.3,21.8,0.0075,,
1.3495,166,158.6,21.8,0.0075,,
1.3580,167,162.0,21.8,0.0075,,
1.3655,168,165.3,21.8,0.0070,,
1.3740,169,167.4,21.8,0.0075,,
1.3825,170,170.0,21.8,0.0075,,
1.3910,171,172.8,21.8,0.0075,,
1.3995,172,175.0,21.8,0.0075,,
1.4080,173,176.9,21.8,0.0075,,
1.4155,174,178.9,21.8,0.0070,,
1.4240,175,180.9,21.8,0.0075,,
1.4325,176,182.4,21.8,0.0075,,
1.4405,177,184.5,21.8,0.0075,,
1.4470,178,185.1,21.8,0.0070,,
1.4470,418,188.8,21.9,0.0000,,
1.4475,419,188.7,21.9,0.0005,,
1.4490,420,188.8,21.9,0.0015,,
1.4515,421,188.8,21.9,0.0025,,
1.4560,422,188.9,21.9,0.0040,,
1.4620,423,189.0,21.9,0.0055,,
1.4705,424,189.6,21.9,0.0085,,
1.4780,425,190.9,21.9,0.0075,,
1.4865,426,191.9,21.9,0.0085,,
1.4950,427,193.3,21.9,0.0085,,
1.5035,428,194.5,21.9,0.0075,,
1.5120,429,195.6,21.9,0.0075,,
1.5200,430,196.7,21.9,0.0075,,
1.5280,431,197.5,21.9,0.0080,,
1.5360,432,198.5,21.9,0.0080,,
1.5445,433,199.5,21.9,0.0085,,
1.5530,434,200.0,21.9,0.0075,,
1.5615,435,201.4,21.9,0.0075,,
1.5700,436,202.1,21.9,0.0075,,
1.5775,437,202.9,21.9,0.0075,,
1.5860,438,204.0,21.9,0.0085,,
1.5945,439,204.7,21.9,0.0085,,
1.6030,440,205.4,21.9,0.0075,,
1.6110,441,206.0,21.9,0.0075,,
1.6195,442,206.7,21.9,0.0075,,
1.6270,443,207.6,21.9,0.0075,,
1.6355,444,208.2,21.9,0.0085,,
1.6440,445,208.9,21.9,0.0085,,
1.6525,446,209.4,21.9,0.0075,,
1.6610,447,210.1,21.9,0.0075,,
1.6695,448,210.6,21.9,0.0075,,
1.6770,449,211.1,21.9,0.0075,,
1.6855,450,211.7,21.9,0.0085,,
1.6935,451,212.3,21.9,0.0080,,
1.7020,452,212.8,21.9,0.0075,,
1.7105,453,213.5,21.9,0.0075,,
1.7190,454,213.9,21.9,0.0075,,
1.7275,455,214.4,21.9,0.0085,,
1.7350,456,214.9,21.9,0.0075,,
1.7435,457,215.5,21.9,0.0085,,
1.7520,458,215.9,21.9,0.0075,,
1.7605,459,216.4,21.9,0.0075,,
1.7685,460,216.9,21.9,0.0075,,
1.7770,461,217.4,21.9,0.0085,,
1.7845,462,217.9,21.9,0.0075,,
1.7930,463,218.3,21.9,0.0085,,
1.8015,464,218.8,21.9,0.0075,,
1.8100,465,219.2,21.9,0.0075,,
1.8185,466,219.6,21.9,0.0075,,
1.8260,467,220.0,21.9,0.0075,,
1.8345,468,220.4,21.9,0.0085,,
1.8430,469,220.8,21.9,0.0085,,
1.8515,470,221.3,21.9,0.0075,,
1.8595,471,221.6,21.9,0.0075,,
1.8680,472,222.0,21.9,0.0075,,
1.8760,473,222.3,21.9,0.0080,,
1.8840,474,222.7,21.9,0.0080,,
1.8925,475,223.1,21.9,0.0085,,
1.9010,476,223.5,21.9,0.0075,,
1.9095,477,223.9,21.9,0.0075,,
1.9180,478,224.2,21.9,0.0075,,
1.9255,479,224.6,21.9,0.0075,,
1.9340,480,225.0,21.9,0.0085,,
1.9425,481,225.4,21.9,0.0085,,
1.9505,482,225.8,21.9,0.0075,,
1.9590,483,226.1,21.9,0.0075,,
1.9675,484,226.4,21.9,0.0075,,
1.9760,485,226.7,21.9,0.0085,,
1.9835,486,227.0,21.9,0.0075,,
1.9920,487,227.4,21.9,0.0085,,
2.0005,488,227.7,21.9,0.0075,,
2.0090,489,227.9,21.9,0.0075,,
2.0175,490,228.3,21.9,0.0075,,
2.0255,491,228.6,21.9,0.0080,,
2.0335,492,228.9,21.9,0.0080,,
2.0415,493,229.2,21.9,0.0080,,
2.0500,494,229.5,21.9,0.0075,,
2.0585,495,229.7,21.9,0.0075,,
2.0670,496,230.0,21.9,0.0075,,
2.0755,497,230.3,21.9,0.0075,,
2.0830,498,230.4,21.9,0.0075,,
2.0915,499,230.6,21.9,0.0085,,
2.1000,500,230.9,21.9,0.0085,,
2.1085,501,231.2,21.9,0.0075,,
2.1165,502,231.5,21.9,0.0075,,
2.1250,503,231.8,21.9,0.0075,,
2.1325,504,232.0,21.9,0.0075,,
2.1410,505,232.3,21.9,0.0085,,
2.1495,506,232.6,21.9,0.0085,,
2.1580,507,232.9,21.9,0.0075,,
2.1665,508,233.1,21.9,0.0075,,
2.1750,509,233.4,21.9,0.0075,,
2.1825,510,233.5,21.9,0.0075,,
2.1910,511,233.9,21.9,0.0085,,
2.1985,512,234.1,21.9,0.0075,,
2.2060,513,234.4,21.9,0.0070,,
2.2065,514,234.6,21.9,0.0005,,
2.2070,515,234.7,21.9,0.0005,,
2.2075,516,234.8,21.9,0.0005,,
2.2085,517,234.8,22.0,0.0010,,
2.2100,518,234.8,21.9,0.0015,,
2.2120,519,234.8,22.0,0.0020,,
2.2155,520,234.8,22.0,0.0030,,
2.2205,521,234.9,22.0,0.0045,,
2.2255,522,235.0,21.9,0.0050,,
Scope 1/1, Sample 2/10 (junk2)
Result,TitrationEP1
V,t,E,T,dV/dt,E acc. stat.,Volume acc. stat.
0.0000,0,-71.1,21.8,NaN,,
0.0010,1,-71.0,21.8,0.0010,,
0.0025,2,-71.1,21.8,0.0015,,
0.0050,3,-71.0,21.8,0.0025,,
0.0095,4,-71.1,21.8,0.0040,,
0.0150,5,-70.9,21.8,0.0050,,
0.0235,6,-70.5,21.8,0.0075,,
0.0320,7,-70.0,21.8,0.0075,,
0.0405,8,-69.0,21.8,0.0075,,
0.0490,9,-68.0,21.8,0.0075,,
0.0565,10,-67.3,21.8,0.0070,,
0.0650,11,-66.1,21.8,0.0075,,
0.0735,12,-64.8,21.8,0.0075,,
0.0815,13,-63.6,21.8,0.0075,,
0.0900,14,-62.4,21.8,0.0075,,
0.0985,15,-60.9,21.8,0.0075,,
0.1060,16,-59.6,21.8,0.0070,,
0.1145,17,-57.9,21.8,0.0075,,
0.1230,18,-56.7,21.8,0.0075,,
0.1315,19,-55.2,21.8,0.0075,,
0.1400,20,-53.4,21.8,0.0075,,
0.1480,21,-51.4,21.8,0.0075,,
0.1565,22,-49.5,21.8,0.0070,,
0.1640,23,-47.7,21.8,0.0070,,
0.1725,24,-45.4,21.8,0.0075,,
0.1810,25,-43.0,21.8,0.0075,,
0.1895,26,-40.4,21.8,0.0075,,
0.1980,27,-37.8,21.8,0.0075,,
0.2065,28,-34.8,21.8,0.0070,,
0.2140,29,-32.3,21.8,0.0070,,
0.2225,30,-28.9,21.8,0.0075,,
0.2310,31,-25.4,21.8,0.0075,,
0.2390,32,-22.1,21.8,0.0075,,
0.2475,33,-18.5,21.8,0.0075,,
0.2560,34,-14.5,21.8,0.0070,,
0.2635,35,-11.1,21.8,0.0070,,
0.2720,36,-7.7,21.8,0.0075,,
0.2805,37,-4.9,21.8,0.0075,,
0.2890,38,-1.9,21.8,0.0075,,
0.2975,39,0.2,21.8,0.0075,,
0.3060,40,2.1,21.8,0.0075,,
0.3135,41,3.9,21.8,0.0070,,
0.3220,42,5.2,21.8,0.0075,,
0.3300,43,6.3,21.8,0.0075,,
0.3385,44,7.4,21.8,0.0075,,
0.3470,45,8.6,21.8,0.0075,,
0.3555,46,10.0,21.8,0.0075,,
0.3630,47,11.4,21.8,0.0070,,
0.3715,48,12.7,21.8,0.0075,,
0.3800,49,13.8,21.8,0.0075,,
0.3885,50,15.1,21.8,0.0075,,
0.3965,51,16.2,21.8,0.0075,,
0.4050,52,17.3,21.8,0.0075,,
0.4135,53,18.4,21.8,0.0075,,
0.4210,54,19.6,21.9,0.0070,,
0.4295,55,20.4,21.9,0.0075,,
0.4380,56,21.3,21.8,0.0075,,
0.4465,57,22.4,21.9,0.0075,,
0.4550,58,23.5,21.9,0.0075,,
0.4635,59,24.5,21.9,0.0070,,
0.4710,60,25.3,21.9,0.0070,,
0.4795,61,26.2,21.9,0.0075,,
0.4875,62,27.2,21.9,0.0075,,
0.4960,63,28.0,21.9,0.0075,,
0.5045,64,29.0,21.9,0.0075,,
0.5130,65,30.0,21.9,0.0075,,
0.5205,66,30.8,21.9,0.0070,,
0.5290,67,31.6,21.9,0.0075,,
0.5375,68,32.6,21.9,0.0075,,
0.5460,69,33.6,21.9,0.0075,,
0.5540,70,34.4,21.9,0.0075,,
0.5625,71,35.3,21.9,0.0070,,
0.5700,72,36.1,21.9,0.0070,,
0.5785,73,36.9,21.9,0.0075,,
0.5870,74,37.6,21.9,0.0075,,
0.5955,75,38.4,21.9,0.0075,,
0.6040,76,39.2,21.9,0.0075,,
0.6125,77,40.1,21.9,0.0075,,
0.6205,78,40.7,21.9,0.0075,,
0.6285,79,41.6,21.9,0.0075,,
0.6365,80,42.4,21.9,0.0075,,
0.6450,81,43.2,21.9,0.0075,,
0.6535,82,44.0,21.9,0.0075,,
0.6620,83,44.9,21.9,0.0075,,
0.6705,84,45.6,21.9,0.0070,,
0.6780,85,46.4,21.9,0.0070,,
0.6865,86,47.1,21.9,0.0075,,
0.6950,87,47.9,21.9,0.0075,,
0.7035,88,48.6,21.9,0.0075,,
0.7115,89,49.4,21.9,0.0075,,
0.7200,90,50.1,21.9,0.0070,,
0.7275,91,50.8,21.9,0.0070,,
0.7360,92,51.5,21.9,0.0075,,
0.7445,93,52.5,21.9,0.0075,,
0.7530,94,53.2,21.9,0.0075,,
0.7615,95,53.9,21.9,0.0075,,
0.7700,96,54.8,21.9,0.0075,,
0.7775,97,55.4,21.9,0.0070,,
0.7860,98,56.2,21.9,0.0075,,
0.7945,99,56.9,21.9,0.0075,,
0.8025,100,57.6,21.9,0.0075,,
0.8110,101,58.3,21.9,0.0075,,
0.8195,102,59.3,21.9,0.0075,,
0.8270,103,60.1,21.9,0.0070,,
0.8355,104,60.8,21.9,0.0075,,
0.8440,105,61.4,21.9,0.0075,,
0.8525,106,62.1,21.9,0.0075,,
0.8610,107,62.8,21.9,0.0075,,
0.8695,108,63.7,21.9,0.0070,,
0.8770,109,64.3,21.9,0.0070,,
0.8855,110,65.1,21.9,0.0075,,
0.8935,111,66.0,21.9,0.0075,,
0.9020,112,66.9,21.9,0.0075,,
0.9105,113,67.6,21.9,0.0075,,
0.9190,114,68.4,21.9,0.0070,,
0.9265,115,69.1,21.9,0.0070,,
0.9350,116,69.9,21.9,0.0075,,
0.9435,117,70.7,21.9,0.0075,,
0.9520,118,71.8,21.9,0.0075,,
0.9605,119,72.6,21.9,0.0075,,
0.9685,120,73.4,21.9,0.0065,,
0.9765,121,74.2,21.9,0.0075,,
0.9845,122,75.1,21.9,0.0075,,
0.9930,123,76.1,21.9,0.0075,,
1.0015,124,76.7,21.9,0.0075,,
1.0100,125,77.6,21.9,0.0075,,
1.0185,126,78.8,21.9,0.0075,,
1.0260,127,79.6,21.9,0.0070,,
1.0345,128,80.5,21.9,0.0075,,
1.0430,129,81.6,21.9,0.0075,,
1.0515,130,82.5,21.9,0.0075,,
1.0595,131,83.6,21.9,0.0075,,
1.0680,132,84.7,21.9,0.0075,,
1.0755,133,85.7,21.9,0.0070,,
1.0840,134,86.9,21.9,0.0075,,
1.0925,135,88.0,21.9,0.0075,,
1.1010,136,89.1,21.9,0.0075,,
1.1095,137,90.1,21.9,0.0075,,
1.1180,138,91.3,21.9,0.0075,,
1.1255,139,92.5,21.9,0.0070,,
1.1340,140,94.1,21.9,0.0075,,
1.1425,141,95.4,21.9,0.0075,,
1.1505,142,96.7,21.9,0.0075,,
1.1590,143,98.3,21.9,0.0075,,
1.1675,144,99.6,21.9,0.0075,,
1.1760,145,101.3,21.9,0.0070,,
1.1835,146,103.2,21.9,0.0070,,
1.1920,147,104.9,21.9,0.0075,,
1.2005,148,106.7,21.9,0.0075,,
1.2085,149,108.7,21.9,0.0075,,
1.2170,150,110.6,21.9,0.0075,,
1.2255,151,112.4,21.9,0.0070,,
1.2330,152,114.9,21.9,0.0070,,
1.2415,153,117.1,21.9,0.0075,,
1.2500,154,119.9,21.9,0.0075,,
1.2585,155,122.5,21.9,0.0075,,
1.2670,156,125.8,21.9,0.0075,,
1.2755,157,128.8,21.9,0.0070,,
1.2830,158,132.6,21.9,0.0070,,
1.2915,159,135.5,21.9,0.0075,,
1.3000,160,139.4,21.9,0.0075,,
1.3080,161,143.0,21.9,0.0075,,
1.3165,162,146.4,21.9,0.0075,,
1.3250,163,150.6,21.9,0.0070,,
1.3325,164,153.9,21.9,0.0070,,
1.3410,165,157.2,21.9,0.0075,,
1.3495,166,160.5,21.9,0.0075,,
1.3580,167,164.0,21.9,0.0075,,
1.3665,168,166.8,21.9,0.0075,,
1.3750,169,169.3,21.9,0.0075,,
1.3825,170,171.8,21.9,0.0070,,
1.3910,171,174.4,21.9,0.0075,,
1.3995,172,176.5,21.9,0.0075,,
1.4075,173,178.7,21.9,0.0075,,
1.4160,174,180.6,21.9,0.0075,,
1.4245,175,182.0,21.9,0.0075,,
1.4320,176,184.3,21.9,0.0070,,
1.4385,177,185.0,21.9,0.0070,,
1.4385,417,188.8,22.0,0.0000,,
1.4390,418,188.8,22.0,0.0005,,
1.4405,419,188.7,22.0,0.0015,,
1.4430,420,188.7,22.0,0.0025,,
1.4470,421,188.8,22.0,0.0035,,
1.4535,422,189.0,22.0,0.0060,,
1.4620,423,189.7,22.0,0.0075,,
1.4695,424,190.6,22.0,0.0075,,
1.4780,425,191.9,22.0,0.0085,,
1.4865,426,192.9,22.0,0.0085,,
1.4945,427,194.1,22.0,0.0075,,
1.5030,428,195.2,22.0,0.0075,,
1.5115,429,196.3,22.0,0.0075,,
1.5190,430,197.3,22.0,0.0075,,
1.5275,431,198.5,22.0,0.0085,,
1.5360,432,199.4,22.0,0.0085,,
1.5445,433,200.3,22.0,0.0075,,
1.5530,434,201.2,22.0,0.0075,,
1.5615,435,202.1,22.0,0.0075,,
1.5690,436,202.7,22.0,0.0075,,
1.5775,437,203.7,22.0,0.0085,,
1.5855,438,204.4,22.0,0.0080,,
1.5940,439,205.2,22.0,0.0075,,
1.6025,440,206.0,22.0,0.0075,,
1.6110,441,206.7,22.0,0.0075,,
1.6195,442,207.3,22.0,0.0085,,
1.6270,443,208.0,22.0,0.0075,,
1.6355,444,208.6,22.0,0.0085,,
1.6440,445,209.3,22.0,0.0075,,
1.6525,446,209.8,22.0,0.0075,,
1.6605,447,210.4,22.0,0.0075,,
1.6690,448,211.0,22.0,0.0085,,
1.6765,449,211.7,22.0,0.0075,,
1.6850,450,212.3,22.0,0.0085,,
1.6935,451,212.8,22.0,0.0075,,
1.7020,452,213.3,22.0,0.0075,,
1.7105,453,213.9,22.0,0.0075,,
1.7190,454,214.4,22.0,0.0085,,
1.7265,455,214.9,22.0,0.0075,,
1.7350,456,215.4,22.0,0.0085,,
1.7435,457,215.9,22.0,0.0075,,
1.7515,458,216.4,22.0,0.0075,,
1.7600,459,216.8,22.0,0.0075,,
1.7685,460,217.4,22.0,0.0075,,
1.7760,461,217.8,22.0,0.0075,,
1.7845,462,218.2,22.0,0.0085,,
1.7930,463,218.7,22.0,0.0085,,
1.8015,464,219.1,22.0,0.0075,,
1.8100,465,219.5,22.0,0.0075,,
1.8180,466,220.0,22.0,0.0075,,
1.8260,467,220.4,22.0,0.0080,,
1.8345,468,220.8,22.0,0.0085,,
1.8425,469,221.3,22.0,0.0075,,
1.8510,470,221.7,22.0,0.0075,,
1.8595,471,222.1,22.0,0.0075,,
1.8680,472,222.5,22.0,0.0085,,
1.8755,473,222.9,22.0,0.0075,,
1.8840,474,223.2,22.0,0.0085,,
1.8925,475,223.6,22.0,0.0075,,
1.9010,476,224.0,22.0,0.0075,,
1.9095,477,224.3,22.0,0.0075,,
1.9175,478,224.7,22.0,0.0080,,
1.9255,479,225.1,22.0,0.0080,,
1.9335,480,225.4,22.0,0.0080,,
1.9420,481,225.7,22.0,0.0075,,
1.9505,482,226.1,22.0,0.0075,,
1.9590,483,226.4,22.0,0.0075,,
1.9675,484,226.7,22.0,0.0075,,
1.9750,485,227.0,22.0,0.0075,,
1.9835,486,227.3,22.0,0.0085,,
1.9920,487,227.6,22.0,0.0075,,
2.0005,488,228.0,22.0,0.0075,,
2.0085,489,228.3,22.0,0.0075,,
2.0170,490,228.6,22.0,0.0075,,
2.0245,491,228.9,22.0,0.0075,,
2.0330,492,229.1,22.0,0.0085,,
2.0415,493,229.5,22.0,0.0085,,
2.0500,494,229.7,22.0,0.0075,,
2.0585,495,230.0,22.0,0.0075,,
2.0670,496,230.3,22.0,0.0075,,
2.0745,497,230.7,22.0,0.0075,,
2.0830,498,230.9,22.0,0.0085,,
2.0915,499,231.2,22.0,0.0085,,
2.0995,500,231.4,22.0,0.0075,,
2.1080,501,231.7,22.0,0.0075,,
2.1165,502,232.0,22.0,0.0075,,
2.1240,503,232.2,22.0,0.0075,,
2.1325,504,232.5,22.0,0.0085,,
2.1410,505,232.8,22.0,0.0085,,
2.1495,506,233.2,22.0,0.0075,,
2.1580,507,233.2,22.0,0.0075,,
2.1660,508,233.3,22.0,0.0075,,
2.1735,509,233.6,22.0,0.0075,,
2.1815,510,233.8,22.0,0.0080,,
2.1870,511,234.1,22.0,0.0055,,
2.1875,512,234.4,22.0,0.0005,,
2.1885,513,234.4,22.0,0.0010,,
2.1890,514,234.4,22.0,0.0005,,
2.1905,515,234.5,22.0,0.0015,,
2.1915,516,234.5,22.0,0.0010,,
2.1930,517,234.6,22.0,0.0015,,
2.1945,518,234.7,22.0,0.0015,,
2.1960,519,234.5,22.0,0.0015,,
2.1975,520,235.5,22.0,0.0020,,
Scope 1/1, Sample 3/10 (junk3)
Result,TitrationEP1
V,t,E,T,dV/dt,E acc. stat.,Volume acc. stat.
0.0000,0,-70.6,22.0,NaN,,
0.0010,1,-70.5,22.0,0.0010,,
0.0025,2,-70.6,22.0,0.0015,,
0.0050,3,-70.6,22.0,0.0025,,
0.0090,4,-70.6,22.0,0.0035,,
0.0155,5,-70.4,22.0,0.0060,,
0.0235,6,-70.0,22.0,0.0075,,
0.0320,7,-69.3,22.0,0.0075,,
0.0405,8,-68.4,22.0,0.0075,,
0.0490,9,-67.4,22.0,0.0075,,
0.0565,10,-66.4,22.0,0.0070,,
0.0650,11,-65.3,22.0,0.0075,,
0.0735,12,-64.0,22.0,0.0075,,
0.0820,13,-62.8,22.0,0.0075,,
0.0905,14,-61.4,22.0,0.0075,,
0.0985,15,-60.1,22.0,0.0075,,
0.1065,16,-58.6,22.0,0.0075,,
0.1145,17,-57.0,22.0,0.0075,,
0.1230,18,-55.3,22.0,0.0075,,
0.1315,19,-53.7,22.0,0.0075,,
0.1400,20,-51.8,22.0,0.0075,,
0.1475,21,-50.1,22.0,0.0070,,
0.1560,22,-48.1,22.0,0.0075,,
0.1645,23,-45.9,22.0,0.0075,,
0.1730,24,-43.4,22.0,0.0075,,
0.1815,25,-40.8,22.0,0.0075,,
0.1895,26,-38.4,22.0,0.0075,,
0.1980,27,-35.8,22.0,0.0075,,
0.2055,28,-32.9,22.0,0.0070,,
0.2140,29,-29.7,22.0,0.0075,,
0.2225,30,-26.4,22.0,0.0075,,
0.2310,31,-22.8,22.0,0.0075,,
0.2395,32,-19.2,22.0,0.0075,,
0.2480,33,-15.8,22.0,0.0075,,
0.2555,34,-12.0,22.0,0.0070,,
0.2640,35,-8.6,22.0,0.0075,,
0.2725,36,-5.7,22.0,0.0075,,
0.2805,37,-2.6,22.0,0.0075,,
0.2890,38,0.2,22.0,0.0075,,
0.2975,39,1.1,22.0,0.0075,,
0.3050,40,3.7,22.0,0.0070,,
0.3135,41,5.1,22.0,0.0075,,
0.3220,42,6.3,22.0,0.0075,,
0.3305,43,7.6,22.0,0.0075,,
0.3390,44,9.0,22.0,0.0070,,
0.3475,45,10.4,22.0,0.0070,,
0.3550,46,11.6,22.0,0.0070,,
0.3635,47,13.1,22.0,0.0075,,
0.3715,48,14.2,22.0,0.0075,,
0.3800,49,15.5,22.0,0.0075,,
0.3885,50,16.6,22.0,0.0075,,
0.3970,51,17.7,22.0,0.0075,,
0.4045,52,18.9,22.0,0.0070,,
0.4130,53,19.9,22.0,0.0075,,
0.4215,54,20.9,22.0,0.0075,,
0.4300,55,21.9,22.0,0.0075,,
0.4380,56,22.9,22.0,0.0075,,
0.4465,57,23.8,22.0,0.0075,,
0.4540,58,24.7,22.0,0.0070,,
0.4625,59,25.5,22.0,0.0075,,
0.4710,60,26.5,22.0,0.0075,,
0.4795,61,27.4,22.0,0.0075,,
0.4880,62,28.3,22.0,0.0075,,
0.4965,63,29.2,22.0,0.0075,,
0.5040,64,30.1,22.0,0.0070,,
0.5125,65,31.1,22.0,0.0075,,
0.5210,66,32.0,22.0,0.0075,,
0.5290,67,33.0,22.0,0.0075,,
0.5375,68,33.8,22.0,0.0075,,
0.5460,69,34.6,22.0,0.0075,,
0.5545,70,35.4,22.0,0.0075,,
0.5620,71,36.3,22.0,0.0070,,
0.5705,72,37.1,22.0,0.0075,,
0.5790,73,37.9,22.0,0.0075,,
0.5875,74,38.7,22.0,0.0075,,
0.5960,75,39.4,22.0,0.0075,,
0.6040,76,40.2,22.0,0.0075,,
0.6120,77,41.1,22.0,0.0075,,
0.6200,78,41.9,22.0,0.0075,,
0.6285,79,42.6,22.0,0.0075,,
0.6370,80,43.4,22.1,0.0075,,
0.6455,81,44.1,22.1,0.0075,,
0.6530,82,44.9,22.1,0.0070,,
0.6615,83,45.6,22.1,0.0075,,
0.6700,84,46.4,22.1,0.0075,,
0.6785,85,47.2,22.1,0.0075,,
0.6870,86,48.0,22.1,0.0075,,
0.6955,87,48.8,22.1,0.0075,,
0.7030,88,49.5,22.1,0.0070,,
0.7115,89,50.1,22.1,0.0075,,
0.7195,90,51.0,22.1,0.0075,,
0.7280,91,51.7,22.1,0.0075,,
0.7365,92,52.4,22.1,0.0075,,
0.7450,93,53.2,22.1,0.0075,,
0.7525,94,53.9,22.1,0.0070,,
0.7610,95,54.7,22.1,0.0075,,
0.7695,96,55.5,22.1,0.0075,,
0.7780,97,56.1,22.1,0.0075,,
0.7865,98,56.9,22.1,0.0075,,
0.7945,99,57.6,22.1,0.0075,,
0.8025,100,58.4,22.1,0.0075,,
0.8105,101,59.2,22.1,0.0075,,
0.8190,102,59.8,22.1,0.0075,,
0.8275,103,60.9,22.1,0.0075,,
0.8360,104,61.7,22.1,0.0075,,
0.8445,105,62.3,22.1,0.0075,,
0.8520,106,63.1,22.1,0.0070,,
0.8605,107,63.8,22.1,0.0075,,
0.8690,108,64.6,22.1,0.0075,,
0.8770,109,65.5,22.1,0.0075,,
0.8855,110,66.2,22.1,0.0075,,
0.8940,111,66.9,22.1,0.0075,,
0.9025,112,67.6,22.1,0.0075,,
0.9100,113,68.4,22.1,0.0070,,
0.9185,114,69.1,22.1,0.0075,,
0.9270,115,70.0,22.1,0.0075,,
0.9355,116,70.9,22.1,0.0075,,
0.9440,117,71.9,22.1,0.0075,,
0.9520,118,72.7,22.1,0.0075,,
0.9600,119,73.4,22.1,0.0075,,
0.9680,120,74.3,22.1,0.0075,,
0.9765,121,75.3,22.1,0.0075,,
0.9850,122,76.1,22.1,0.0075,,
0.9935,123,77.1,22.1,0.0075,,
1.0020,124,77.9,22.1,0.0075,,
1.0095,125,78.8,22.1,0.0070,,
1.0180,126,79.8,22.1,0.0075,,
1.0265,127,81.0,22.1,0.0075,,
1.0350,128,81.9,22.1,0.0075,,
1.0435,129,82.9,22.1,0.0075,,
1.0515,130,84.0,22.1,0.0075,,
1.0595,131,84.8,22.1,0.0075,,
1.0675,132,85.9,22.1,0.0075,,
1.0760,133,87.2,22.1,0.0075,,
1.0845,134,88.5,22.1,0.0075,,
1.0930,135,89.4,22.1,0.0075,,
1.1015,136,90.3,22.1,0.0075,,
1.1090,137,91.5,22.1,0.0070,,
1.1175,138,93.1,22.1,0.0075,,
1.1260,139,94.4,22.1,0.0075,,
1.1345,140,95.4,22.1,0.0075,,
1.1425,141,96.8,22.1,0.0075,,
1.1505,142,97.9,22.1,0.0075,,
1.1590,143,99.3,22.1,0.0075,,
1.1670,144,101.2,22.1,0.0075,,
1.1755,145,103.3,22.1,0.0075,,
1.1840,146,104.6,22.1,0.0075,,
1.1925,147,107.0,22.1,0.0075,,
1.2010,148,108.1,22.1,0.0075,,
1.2085,149,110.1,22.1,0.0070,,
1.2170,150,113.3,22.1,0.0075,,
1.2255,151,115.3,22.1,0.0075,,
1.2335,152,117.3,22.1,0.0075,,
1.2420,153,119.7,22.1,0.0075,,
1.2505,154,122.8,22.1,0.0070,,
1.2580,155,125.1,22.1,0.0070,,
1.2665,156,127.7,22.1,0.0075,,
1.2750,157,132.0,22.1,0.0075,,
1.2835,158,135.2,22.1,0.0075,,
1.2920,159,138.6,22.1,0.0075,,
1.3005,160,141.4,22.1,0.0075,,
1.3080,161,145.1,22.1,0.0070,,
1.3165,162,149.4,22.1,0.0075,,
1.3245,163,153.4,22.1,0.0075,,
1.3330,164,157.0,22.1,0.0075,,
1.3415,165,160.6,22.1,0.0075,,
1.3500,166,163.4,22.1,0.0075,,
1.3575,167,166.7,22.1,0.0070,,
1.3660,168,169.3,22.1,0.0075,,
1.3745,169,171.5,22.1,0.0075,,
1.3830,170,173.8,22.1,0.0075,,
1.3910,171,175.7,22.1,0.0075,,
1.3995,172,178.1,22.1,0.0075,,
1.4070,173,179.8,22.1,0.0070,,
1.4155,174,181.7,22.1,0.0075,,
1.4240,175,183.2,22.1,0.0075,,
1.4325,176,184.9,22.1,0.0075,,
1.4355,176,185.1,22.1,0.0060,,
1.4355,417,189.1,22.2,0.0000,,
1.4360,418,189.1,22.2,0.0010,,
1.4375,419,189.2,22.2,0.0025,,
1.4400,420,189.2,22.2,0.0035,,
1.4445,421,189.3,22.2,0.0065,,
1.4505,422,189.4,22.2,0.0085,,
1.4590,423,190.1,22.2,0.0120,,
1.4665,424,191.1,22.2,0.0125,,
1.4750,425,192.5,22.2,0.0140,,
1.4835,426,194.3,22.2,0.0140,,
1.4920,427,194.3,22.2,0.0120,,
1.5000,428,196.2,22.2,0.0115,,
1.5085,429,197.3,22.2,0.0120,,
1.5165,430,198.0,22.2,0.0135,,
1.5245,431,198.9,22.2,0.0135,,
1.5330,432,199.9,22.2,0.0140,,
1.5415,433,200.8,22.2,0.0120,,
1.5500,434,201.8,22.2,0.0120,,
1.5585,435,202.6,22.2,0.0120,,
1.5660,436,203.4,22.2,0.0125,,
1.5745,437,204.1,22.2,0.0140,,
1.5830,438,204.9,22.2,0.0140,,
1.5910,439,205.6,22.2,0.0115,,
1.5995,440,206.3,22.2,0.0120,,
1.6080,441,206.9,22.2,0.0120,,
1.6165,442,207.7,22.2,0.0140,,
1.6240,443,208.3,22.2,0.0125,,
1.6325,444,208.9,22.2,0.0140,,
1.6410,445,209.5,22.2,0.0120,,
1.6495,446,210.3,22.2,0.0120,,
1.6580,447,210.9,22.2,0.0120,,
1.6655,448,211.4,22.2,0.0125,,
1.6740,449,212.1,22.2,0.0140,,
1.6820,450,212.7,22.2,0.0135,,
1.6905,451,213.2,22.2,0.0120,,
1.6990,452,213.6,22.2,0.0120,,
1.7075,453,214.2,22.2,0.0120,,
1.7150,454,214.7,22.2,0.0125,,
1.7235,455,215.2,22.2,0.0140,,
1.7320,456,215.7,22.2,0.0140,,
1.7405,457,216.1,22.2,0.0120,,
1.7490,458,216.7,22.2,0.0120,,
1.7570,459,217.3,22.2,0.0115,,
1.7650,460,217.8,22.2,0.0135,,
1.7730,461,218.2,22.2,0.0135,,
1.7815,462,218.7,22.2,0.0140,,
1.7900,463,219.2,22.2,0.0120,,
1.7985,464,219.6,22.2,0.0120,,
1.8070,465,220.0,22.2,0.0120,,
1.8145,466,220.5,22.2,0.0125,,
1.8230,467,220.8,22.2,0.0140,,
1.8315,468,221.2,22.2,0.0140,,
1.8400,469,221.6,22.2,0.0120,,
1.8480,470,222.0,22.2,0.0115,,
1.8565,471,222.4,22.2,0.0120,,
1.8645,472,222.8,22.2,0.0135,,
1.8725,473,223.1,22.2,0.0135,,
1.8810,474,223.4,22.2,0.0140,,
1.8895,475,223.8,22.2,0.0120,,
1.8980,476,224.2,22.2,0.0120,,
1.9065,477,224.6,22.2,0.0120,,
1.9140,478,224.9,22.2,0.0125,,
1.9225,479,225.3,22.2,0.0140,,
1.9310,480,225.7,22.2,0.0140,,
1.9395,481,225.9,22.2,0.0120,,
1.9475,482,226.2,22.2,0.0115,,
1.9560,483,226.5,22.2,0.0120,,
1.9635,484,226.9,22.2,0.0125,,
1.9720,485,227.2,22.2,0.0140,,
1.9805,486,227.6,22.2,0.0140,,
1.9890,487,227.8,22.2,0.0120,,
1.9975,488,228.2,22.2,0.0120,,
2.0060,489,228.5,22.2,0.0120,,
2.0135,490,228.8,22.2,0.0125,,
2.0220,491,229.1,22.2,0.0140,,
2.0305,492,229.4,22.2,0.0140,,
2.0385,493,229.6,22.2,0.0115,,
2.0470,494,230.0,22.2,0.0120,,
2.0555,495,230.3,22.2,0.0120,,
2.0630,496,230.6,22.2,0.0125,,
2.0715,497,230.7,22.2,0.0140,,
2.0800,498,231.1,22.2,0.0140,,
2.0885,499,231.3,22.2,0.0120,,
2.0970,500,231.6,22.2,0.0120,,
2.1050,501,231.9,22.2,0.0115,,
2.1135,502,232.0,22.2,0.0140,,
2.1210,503,232.3,22.2,0.0125,,
2.1295,504,232.5,22.2,0.0140,,
2.1380,505,232.8,22.2,0.0120,,
2.1465,506,233.1,22.2,0.0120,,
2.1550,507,233.3,22.2,0.0120,,
2.1635,508,233.6,22.2,0.0140,,
2.1710,509,233.8,22.2,0.0125,,
2.1790,510,234.1,22.2,0.0135,,
2.1835,511,234.4,22.2,0.0065,,
2.1840,512,234.6,22.2,0.0005,,
2.1845,513,234.7,22.2,0.0005,,
2.1855,514,234.7,22.2,0.0015,,
2.1860,515,234.7,22.2,0.0010,,
2.1875,516,234.8,22.2,0.0025,,
2.1890,517,234.8,22.2,0.0020,,
2.1920,518,234.8,22.2,0.0045,,
2.1965,519,234.9,22.2,0.0065,,
2.2040,520,235.0,22.2,0.0085,,
Scope 1/1, Sample 4/10 (HI_139)
Result,TitrationEP1
V,t,E,T,dV/dt,E acc. stat.,Volume acc. stat.
0.0000,0,-67.0,22.5,NaN,,
0.0010,1,-67.2,22.5,0.0010,,
0.0025,2,-67.0,22.5,0.0015,,
0.0050,3,-67.0,22.5,0.0020,,
0.0095,4,-67.2,22.5,0.0035,,
0.0150,5,-66.8,22.5,0.0050,,
0.0235,6,-66.7,22.5,0.0075,,
0.0320,7,-66.3,22.5,0.0075,,
0.0405,8,-65.4,22.5,0.0075,,
0.0490,9,-64.6,22.5,0.0075,,
0.0570,10,-63.7,22.5,0.0065,,
0.0655,11,-62.5,22.5,0.0075,,
0.0735,12,-61.5,22.5,0.0075,,
0.0815,13,-60.0,22.5,0.0075,,
0.0900,14,-58.9,22.5,0.0075,,
0.0985,15,-57.3,22.5,0.0075,,
0.1070,16,-55.8,22.5,0.0070,,
0.1155,17,-54.6,22.5,0.0070,,
0.1230,18,-53.0,22.5,0.0070,,
0.1315,19,-51.5,22.5,0.0075,,
0.1400,20,-49.7,22.5,0.0075,,
0.1480,21,-47.7,22.5,0.0075,,
0.1565,22,-45.8,22.5,0.0070,,
0.1650,23,-43.7,22.5,0.0075,,
0.1725,24,-41.6,22.5,0.0070,,
0.1810,25,-39.1,22.6,0.0075,,
0.1895,26,-36.4,22.6,0.0075,,
0.1980,27,-33.7,22.6,0.0075,,
0.2065,28,-30.8,22.6,0.0070,,
0.2150,29,-27.7,22.6,0.0070,,
0.2225,30,-24.7,22.5,0.0070,,
0.2310,31,-21.6,22.6,0.0075,,
0.2395,32,-18.0,22.5,0.0075,,
0.2475,33,-14.8,22.6,0.0075,,
0.2560,34,-11.5,22.5,0.0070,,
0.2645,35,-8.4,22.6,0.0070,,
0.2720,36,-5.6,22.6,0.0070,,
0.2805,37,-3.0,22.6,0.0075,,
0.2890,38,-0.4,22.6,0.0075,,
0.2975,39,0.6,22.6,0.0075,,
0.3060,40,2.8,22.5,0.0070,,
0.3140,41,4.5,22.6,0.0065,,
0.3220,42,5.5,22.6,0.0075,,
0.3300,43,6.7,22.6,0.0075,,
0.3385,44,8.1,22.6,0.0075,,
0.3470,45,9.5,22.6,0.0075,,
0.3555,46,11.0,22.6,0.0070,,
0.3640,47,12.2,22.6,0.0070,,
0.3715,48,13.5,22.6,0.0070,,
0.3800,49,14.6,22.6,0.0075,,
0.3885,50,15.9,22.6,0.0075,,
0.3970,51,16.8,22.6,0.0075,,
0.4050,52,18.1,22.6,0.0065,,
0.4135,53,19.1,22.6,0.0070,,
0.4220,54,20.1,22.6,0.0075,,
0.4295,55,21.0,22.6,0.0070,,
0.4380,56,22.0,22.6,0.0075,,
0.4465,57,23.2,22.6,0.0075,,
0.4550,58,24.2,22.6,0.0075,,
0.4635,59,25.0,22.6,0.0070,,
0.4715,60,25.9,22.6,0.0075,,
0.4795,61,27.1,22.6,0.0075,,
0.4875,62,27.8,22.6,0.0075,,
0.4960,63,28.9,22.6,0.0075,,
0.5045,64,29.7,22.6,0.0075,,
0.5130,65,30.9,22.6,0.0070,,
0.5215,66,31.5,22.6,0.0075,,
0.5290,67,32.6,22.6,0.0070,,
0.5375,68,33.3,22.6,0.0075,,
0.5460,69,34.4,22.6,0.0075,,
0.5545,70,35.2,22.6,0.0075,,
0.5625,71,36.2,22.6,0.0065,,
0.5710,72,36.8,22.6,0.0070,,
0.5785,73,37.6,22.6,0.0070,,
0.5870,74,38.7,22.6,0.0075,,
0.5955,75,39.3,22.6,0.0075,,
0.6040,76,40.3,22.6,0.0075,,
0.6125,77,40.9,22.6,0.0070,,
0.6210,78,41.9,22.6,0.0075,,
0.6285,79,42.6,22.6,0.0070,,
0.6370,80,43.3,22.6,0.0075,,
0.6455,81,44.0,22.6,0.0075,,
0.6535,82,44.8,22.6,0.0075,,
0.6620,83,45.6,22.6,0.0070,,
0.6705,84,46.2,22.6,0.0070,,
0.6780,85,47.1,22.6,0.0070,,
0.6865,86,47.5,22.6,0.0075,,
0.6950,87,48.4,22.6,0.0075,,
0.7035,88,49.2,22.6,0.0075,,
0.7120,89,50.0,22.6,0.0070,,
0.7205,90,50.7,22.6,0.0070,,
0.7280,91,51.4,22.6,0.0070,,
0.7365,92,52.4,22.6,0.0075,,
0.7445,93,53.1,22.6,0.0075,,
0.7530,94,53.9,22.6,0.0075,,
0.7615,95,54.3,22.6,0.0070,,
0.7700,96,55.2,22.6,0.0070,,
0.7775,97,55.8,22.6,0.0070,,
0.7860,98,56.6,22.6,0.0075,,
0.7945,99,57.3,22.6,0.0075,,
0.8030,100,58.0,22.6,0.0075,,
0.8115,101,58.9,22.6,0.0070,,
0.8195,102,59.4,22.6,0.0065,,
0.8275,103,60.2,22.6,0.0075,,
0.8355,104,60.5,22.6,0.0075,,
0.8440,105,61.7,22.6,0.0075,,
0.8525,106,62.9,22.6,0.0075,,
0.8610,107,63.9,22.6,0.0070,,
0.8695,108,65.1,22.6,0.0070,,
0.8770,109,65.6,22.6,0.0070,,
0.8855,110,67.5,22.6,0.0075,,
0.8940,111,67.7,22.6,0.0075,,
0.9025,112,67.9,22.6,0.0075,,
0.9110,113,68.6,22.6,0.0070,,
0.9190,114,69.5,22.6,0.0065,,
0.9270,115,69.9,22.6,0.0075,,
0.9350,116,70.4,22.6,0.0075,,
0.9435,117,71.0,22.6,0.0075,,
0.9520,118,71.7,22.6,0.0075,,
0.9605,119,72.7,22.6,0.0070,,
0.9690,120,73.4,22.6,0.0070,,
0.9765,121,74.0,22.6,0.0070,,
0.9850,122,74.9,22.6,0.0075,,
0.9935,123,75.7,22.6,0.0075,,
1.0015,124,76.4,22.6,0.0075,,
1.0100,125,77.1,22.6,0.0070,,
1.0185,126,78.0,22.6,0.0070,,
1.0270,127,78.8,22.6,0.0075,,
1.0345,128,79.8,22.6,0.0070,,
1.0430,129,80.9,22.6,0.0075,,
1.0515,130,81.7,22.6,0.0075,,
1.0600,131,82.8,22.6,0.0075,,
1.0680,132,83.9,22.6,0.0065,,
1.0765,133,84.9,22.6,0.0070,,
1.0840,134,86.3,22.6,0.0070,,
1.0925,135,87.2,22.6,0.0075,,
1.1010,136,87.5,22.6,0.0075,,
1.1095,137,89.1,22.6,0.0075,,
1.1180,138,90.9,22.6,0.0070,,
1.1265,139,92.9,22.6,0.0075,,
1.1340,140,93.9,22.6,0.0070,,
1.1425,141,97.1,22.6,0.0075,,
1.1510,142,98.0,22.6,0.0075,,
1.1595,143,98.7,22.6,0.0075,,
1.1675,144,99.9,22.6,0.0065,,
1.1760,145,101.5,22.6,0.0070,,
1.1835,146,102.1,22.6,0.0070,,
1.1920,147,104.5,22.6,0.0075,,
1.2005,148,106.2,22.6,0.0075,,
1.2090,149,107.7,22.6,0.0075,,
1.2175,150,110.2,22.6,0.0070,,
1.2260,151,112.0,22.6,0.0075,,
1.2335,152,113.3,22.6,0.0070,,
1.2420,153,114.8,22.6,0.0075,,
1.2505,154,117.5,22.6,0.0075,,
1.2585,155,120.1,22.6,0.0075,,
1.2670,156,122.3,22.6,0.0070,,
1.2755,157,125.2,22.6,0.0070,,
1.2830,158,127.4,22.6,0.0070,,
1.2915,159,130.4,22.6,0.0075,,
1.3000,160,134.0,22.6,0.0075,,
1.3085,161,137.2,22.6,0.0075,,
1.3170,162,140.1,22.6,0.0070,,
1.3250,163,143.8,22.6,0.0065,,
1.3330,164,147.5,22.6,0.0075,,
1.3410,165,151.9,22.6,0.0075,,
1.3495,166,156.1,22.6,0.0075,,
1.3580,167,158.5,22.6,0.0075,,
1.3665,168,162.0,22.6,0.0070,,
1.3750,169,165.1,22.6,0.0070,,
1.3825,170,167.0,22.6,0.0070,,
1.3910,171,170.4,22.6,0.0075,,
1.3995,172,172.1,22.6,0.0075,,
1.4080,173,174.6,22.6,0.0075,,
1.4160,174,177.3,22.6,0.0065,,
1.4245,175,179.0,22.6,0.0070,,
1.4320,176,180.4,22.6,0.0070,,
1.4405,177,182.6,22.6,0.0075,,
1.4490,178,184.4,22.6,0.0075,,
1.4545,179,185.1,22.6,0.0070,,
1.4545,419,188.5,22.6,0.0000,,
1.4550,420,188.5,22.6,0.0005,,
1.4565,421,188.5,22.6,0.0015,,
1.4590,422,188.5,22.6,0.0030,,
1.4630,423,188.7,22.6,0.0040,,
1.4690,424,189.0,22.6,0.0060,,
1.4775,425,189.8,22.6,0.0085,,
1.4850,426,190.7,22.6,0.0085,,
1.4935,427,192.1,22.6,0.0095,,
1.5020,428,193.0,22.6,0.0095,,
1.5105,429,194.4,22.6,0.0085,,
1.5185,430,195.6,22.6,0.0080,,
1.5270,431,196.8,22.6,0.0085,,
1.5345,432,197.8,22.6,0.0085,,
1.5430,433,198.6,22.6,0.0095,,
1.5515,434,199.6,22.6,0.0095,,
1.5600,435,200.6,22.6,0.0085,,
1.5685,436,201.5,22.6,0.0085,,
1.5770,437,202.6,22.6,0.0085,,
1.5845,438,203.0,22.6,0.0085,,
1.5930,439,204.2,22.6,0.0095,,
1.6015,440,204.9,22.6,0.0095,,
1.6095,441,205.5,22.6,0.0080,,
1.6180,442,206.4,22.6,0.0085,,
1.6265,443,207.1,22.6,0.0085,,
1.6340,444,207.7,22.6,0.0085,,
1.6425,445,208.5,22.6,0.0095,,
1.6510,446,209.2,22.6,0.0085,,
1.6595,447,209.7,22.6,0.0085,,
1.6680,448,210.4,22.6,0.0085,,
1.6765,449,211.0,22.6,0.0085,,
1.6840,450,211.6,22.6,0.0085,,
1.6925,451,212.2,22.6,0.0095,,
1.7010,452,212.7,22.6,0.0085,,
1.7090,453,213.4,22.6,0.0080,,
1.7175,454,213.9,22.6,0.0085,,
1.7260,455,214.4,22.6,0.0085,,
1.7335,456,215.0,22.6,0.0085,,
1.7420,457,215.3,22.6,0.0095,,
1.7505,458,215.8,22.6,0.0095,,
1.7590,459,216.4,22.6,0.0085,,
1.7675,460,216.8,22.6,0.0085,,
1.7755,461,217.3,22.6,0.0080,,
1.7835,462,217.7,22.6,0.0090,,
1.7915,463,218.1,22.6,0.0090,,
1.8000,464,218.7,22.6,0.0095,,
1.8085,465,219.2,22.6,0.0095,,
1.8170,466,219.5,22.6,0.0085,,
1.8255,467,220.1,22.6,0.0085,,
1.8335,468,220.4,22.6,0.0080,,
1.8415,469,220.7,22.6,0.0090,,
1.8495,470,221.2,22.6,0.0090,,
1.8580,471,221.6,22.6,0.0095,,
1.8665,472,222.0,22.6,0.0085,,
1.8750,473,222.4,22.6,0.0085,,
1.8835,474,222.7,22.6,0.0085,,
1.8920,475,223.2,22.6,0.0095,,
1.8995,476,223.5,22.6,0.0085,,
1.9080,477,224.0,22.6,0.0095,,
1.9165,478,224.4,22.6,0.0085,,
1.9245,479,224.7,22.6,0.0080,,
1.9330,480,225.0,22.6,0.0085,,
1.9405,481,225.4,22.6,0.0085,,
1.9490,482,225.6,22.6,0.0095,,
1.9575,483,226.1,22.6,0.0095,,
1.9660,484,226.4,22.6,0.0085,,
1.9745,485,226.8,22.6,0.0085,,
1.9830,486,227.1,22.6,0.0085,,
1.9915,487,227.5,22.6,0.0085,,
1.9990,488,227.7,22.6,0.0085,,
2.0075,489,228.0,22.6,0.0095,,
2.0155,490,228.2,22.6,0.0080,,
2.0240,491,228.6,22.6,0.0085,,
2.0325,492,228.9,22.6,0.0085,,
2.0410,493,229.1,22.6,0.0095,,
2.0485,494,229.5,22.6,0.0085,,
2.0570,495,229.7,22.6,0.0095,,
2.0655,496,230.0,22.6,0.0085,,
2.0740,497,230.3,22.6,0.0085,,
2.0825,498,230.6,22.6,0.0085,,
2.0905,499,230.8,22.6,0.0090,,
2.0985,500,231.2,22.6,0.0090,,
2.1065,501,231.5,22.6,0.0090,,
2.1150,502,231.7,22.6,0.0085,,
2.1235,503,232.1,22.6,0.0085,,
2.1320,504,232.4,22.6,0.0085,,
2.1395,505,232.7,22.6,0.0085,,
2.1480,506,232.9,22.6,0.0095,,
2.1565,507,233.1,22.6,0.0095,,
2.1650,508,233.4,22.6,0.0085,,
2.1735,509,233.7,22.6,0.0085,,
2.1815,510,233.9,22.6,0.0080,,
2.1890,511,234.1,22.6,0.0085,,
2.1955,512,234.4,22.6,0.0070,,
2.1970,513,234.6,22.6,0.0015,,
2.1975,514,234.7,22.6,0.0005,,
2.1980,515,234.7,22.6,0.0005,,
2.1990,516,234.8,22.6,0.0010,,
2.2005,517,234.8,22.6,0.0015,,
2.2020,518,234.9,22.6,0.0015,,
2.2045,519,234.9,22.6,0.0030,,
2.2075,520,235.0,22.6,0.0030,,
2.2125,521,235.0,22.6,0.0045,,
Scope 1/1, Sample 5/10 (HI_157)
Result,TitrationEP1
V,t,E,T,dV/dt,E acc. stat.,Volume acc. stat.
0.0000,0,-65.2,22.6,NaN,,
0.0010,1,-65.3,22.6,0.0010,,
0.0025,2,-65.3,22.6,0.0015,,
0.0050,3,-65.3,22.6,0.0025,,
0.0085,4,-65.3,22.6,0.0030,,
0.0150,5,-65.1,22.6,0.0060,,
0.0230,6,-64.7,22.6,0.0075,,
0.0315,7,-64.2,22.6,0.0075,,
0.0400,8,-63.4,22.6,0.0075,,
0.0485,9,-62.4,22.6,0.0085,,
0.0560,10,-61.2,22.6,0.0070,,
0.0645,11,-60.1,22.6,0.0075,,
0.0730,12,-58.9,22.6,0.0075,,
0.0815,13,-57.5,22.6,0.0075,,
0.0895,14,-56.0,22.6,0.0075,,
0.0975,15,-54.8,22.6,0.0075,,
0.1055,16,-53.1,22.6,0.0075,,
0.1140,17,-51.5,22.6,0.0075,,
0.1225,18,-49.7,22.6,0.0075,,
0.1310,19,-47.8,22.6,0.0075,,
0.1395,20,-45.8,22.6,0.0075,,
0.1470,21,-43.9,22.6,0.0070,,
0.1555,22,-41.7,22.6,0.0075,,
0.1640,23,-39.4,22.6,0.0075,,
0.1725,24,-36.8,22.6,0.0075,,
0.1805,25,-34.1,22.6,0.0075,,
0.1890,26,-31.3,22.6,0.0075,,
0.1975,27,-28.7,22.6,0.0075,,
0.2050,28,-25.7,22.6,0.0070,,
0.2135,29,-22.0,22.6,0.0075,,
0.2220,30,-18.6,22.6,0.0075,,
0.2305,31,-15.3,22.6,0.0075,,
0.2390,32,-12.2,22.6,0.0075,,
0.2475,33,-9.3,22.6,0.0085,,
0.2550,34,-6.6,22.6,0.0070,,
0.2635,35,-3.8,22.6,0.0075,,
0.2715,36,-1.3,22.6,0.0075,,
0.2800,37,0.4,22.6,0.0075,,
0.2885,38,2.0,22.6,0.0075,,
0.2970,39,3.9,22.6,0.0085,,
0.3045,40,5.6,22.6,0.0070,,
0.3130,41,6.7,22.6,0.0075,,
0.3215,42,7.7,22.6,0.0075,,
0.3300,43,9.4,22.6,0.0075,,
0.3380,44,11.0,22.6,0.0075,,
0.3465,45,12.2,22.6,0.0075,,
0.3540,46,13.4,22.6,0.0070,,
0.3625,47,14.6,22.6,0.0075,,
0.3710,48,15.8,22.6,0.0075,,
0.3795,49,17.0,22.6,0.0075,,
0.3880,50,17.9,22.6,0.0075,,
0.3965,51,18.9,22.6,0.0075,,
0.4040,52,19.8,22.6,0.0070,,
0.4125,53,20.9,22.6,0.0075,,
0.4210,54,21.8,22.6,0.0075,,
0.4290,55,22.9,22.6,0.0075,,
0.4375,56,23.9,22.6,0.0075,,
0.4460,57,24.9,22.6,0.0075,,
0.4535,58,26.3,22.6,0.0070,,
0.4620,59,27.1,22.6,0.0075,,
0.4705,60,28.0,22.6,0.0075,,
0.4790,61,28.8,22.6,0.0075,,
0.4875,62,29.8,22.6,0.0075,,
0.4960,63,30.6,22.6,0.0075,,
0.5035,64,31.3,22.6,0.0070,,
0.5120,65,32.1,22.6,0.0075,,
0.5200,66,32.8,22.6,0.0075,,
0.5285,67,33.7,22.6,0.0075,,
0.5370,68,34.4,22.6,0.0075,,
0.5455,69,35.3,22.6,0.0075,,
0.5530,70,36.1,22.6,0.0070,,
0.5615,71,36.9,22.6,0.0075,,
0.5700,72,37.8,22.6,0.0075,,
0.5785,73,38.6,22.6,0.0075,,
0.5870,74,39.3,22.6,0.0075,,
0.5955,75,40.2,22.6,0.0075,,
0.6030,76,40.8,22.6,0.0070,,
0.6110,77,41.5,22.6,0.0075,,
0.6195,78,42.3,22.6,0.0075,,
0.6280,79,43.0,22.6,0.0075,,
0.6365,80,43.8,22.6,0.0075,,
0.6450,81,44.6,22.6,0.0075,,
0.6535,82,45.4,22.6,0.0075,,
0.6610,83,46.1,22.6,0.0070,,
0.6695,84,46.9,22.6,0.0075,,
0.6780,85,47.6,22.6,0.0075,,
0.6860,86,48.4,22.6,0.0075,,
0.6945,87,49.1,22.6,0.0075,,
0.7030,88,49.9,22.6,0.0075,,
0.7105,89,50.6,22.6,0.0070,,
0.7190,90,51.3,22.6,0.0075,,
0.7275,91,52.1,22.6,0.0075,,
0.7360,92,52.9,22.6,0.0075,,
0.7445,93,53.6,22.6,0.0075,,
0.7530,94,54.1,22.6,0.0085,,
0.7605,95,54.8,22.6,0.0070,,
0.7690,96,55.5,22.6,0.0075,,
0.7770,97,56.2,22.6,0.0075,,
0.7855,98,56.9,22.6,0.0075,,
0.7940,99,57.7,22.6,0.0075,,
0.8025,100,58.3,22.6,0.0075,,
0.8100,101,59.1,22.6,0.0070,,
0.8185,102,59.8,22.6,0.0075,,
0.8270,103,60.5,22.6,0.0075,,
0.8355,104,61.2,22.6,0.0075,,
0.8435,105,62.0,22.6,0.0075,,
0.8520,106,62.9,22.6,0.0075,,
0.8595,107,63.7,22.6,0.0070,,
0.8680,108,64.4,22.6,0.0075,,
0.8765,109,65.2,22.6,0.0075,,
0.8850,110,65.8,22.6,0.0075,,
0.8935,111,66.4,22.6,0.0075,,
0.9020,112,67.2,22.6,0.0075,,
0.9095,113,68.0,22.6,0.0070,,
0.9180,114,68.9,22.6,0.0075,,
0.9265,115,69.7,22.6,0.0075,,
0.9345,116,70.6,22.6,0.0075,,
0.9430,117,71.4,22.6,0.0070,,
0.9515,118,72.4,22.6,0.0075,,
0.9590,119,72.9,22.6,0.0070,,
0.9675,120,73.7,22.6,0.0075,,
0.9760,121,74.3,22.6,0.0075,,
0.9845,122,75.2,22.6,0.0075,,
0.9930,123,76.1,22.6,0.0075,,
1.0015,124,77.0,22.6,0.0075,,
1.0090,125,77.8,22.6,0.0070,,
1.0175,126,78.7,22.6,0.0075,,
1.0255,127,79.6,22.6,0.0075,,
1.0340,128,80.4,22.6,0.0075,,
1.0425,129,81.4,22.6,0.0075,,
1.0510,130,82.3,22.6,0.0075,,
1.0585,131,83.2,22.6,0.0070,,
1.0670,132,84.3,22.6,0.0075,,
1.0755,133,85.4,22.6,0.0075,,
1.0840,134,86.4,22.6,0.0075,,
1.0925,135,87.4,22.6,0.0075,,
1.1010,136,88.6,22.6,0.0075,,
1.1085,137,90.0,22.6,0.0070,,
1.1170,138,91.1,22.6,0.0075,,
1.1250,139,92.1,22.6,0.0075,,
1.1335,140,93.4,22.6,0.0075,,
1.1420,141,94.4,22.6,0.0075,,
1.1505,142,95.8,22.6,0.0075,,
1.1590,143,97.1,22.6,0.0075,,
1.1665,144,98.7,22.6,0.0070,,
1.1750,145,99.7,22.6,0.0075,,
1.1835,146,101.5,22.6,0.0075,,
1.1915,147,102.9,22.6,0.0075,,
1.2000,148,104.5,22.6,0.0075,,
1.2085,149,106.1,22.6,0.0085,,
1.2160,150,108.1,22.6,0.0070,,
1.2245,151,110.1,22.6,0.0075,,
1.2330,152,111.7,22.6,0.0075,,
1.2415,153,114.5,22.6,0.0075,,
1.2500,154,116.7,22.6,0.0075,,
1.2585,155,118.7,22.6,0.0075,,
1.2660,156,120.7,22.6,0.0070,,
1.2745,157,123.5,22.6,0.0075,,
1.2825,158,126.6,22.6,0.0075,,
1.2910,159,129.7,22.6,0.0075,,
1.2995,160,132.8,22.6,0.0075,,
1.3070,161,135.8,22.6,0.0070,,
1.3155,162,139.7,22.6,0.0075,,
1.3240,163,144.1,22.6,0.0075,,
1.3325,164,147.8,22.6,0.0075,,
1.3410,165,151.0,22.6,0.0075,,
1.3495,166,154.6,22.6,0.0075,,
1.3575,167,157.4,22.6,0.0080,,
1.3655,168,160.9,22.6,0.0075,,
1.3735,169,164.3,22.6,0.0075,,
1.3820,170,167.1,22.6,0.0075,,
1.3905,171,169.8,22.6,0.0075,,
1.3990,172,172.5,22.6,0.0075,,
1.4075,173,174.6,22.6,0.0075,,
1.4150,174,176.5,22.6,0.0070,,
1.4235,175,178.4,22.6,0.0075,,
1.4320,176,180.7,22.6,0.0075,,
1.4405,177,182.4,22.6,0.0075,,
1.4485,178,184.2,22.6,0.0075,,
1.4550,179,185.1,22.6,0.0065,,
1.4550,419,188.7,22.7,0.0000,,
1.4555,420,188.8,22.7,0.0005,,
1.4570,421,188.8,22.7,0.0015,,
1.4595,422,188.7,22.7,0.0025,,
1.4635,423,188.8,22.7,0.0035,,
1.4695,424,189.1,22.7,0.0055,,
1.4780,425,189.6,22.7,0.0075,,
1.4855,426,190.6,22.7,0.0075,,
1.4940,427,191.9,22.7,0.0085,,
1.5025,428,192.9,22.7,0.0085,,
1.5110,429,194.4,22.7,0.0075,,
1.5195,430,195.3,22.7,0.0075,,
1.5275,431,196.5,22.7,0.0075,,
1.5355,432,197.5,22.7,0.0080,,
1.5435,433,198.5,22.7,0.0080,,
1.5520,434,199.5,22.7,0.0085,,
1.5605,435,200.4,22.7,0.0075,,
1.5690,436,201.3,22.7,0.0075,,
1.5775,437,202.2,22.7,0.0075,,
1.5850,438,203.0,22.7,0.0075,,
1.5935,439,203.8,22.7,0.0085,,
1.6020,440,204.6,22.7,0.0075,,
1.6105,441,205.4,22.7,0.0075,,
1.6190,442,206.1,22.7,0.0075,,
1.6270,443,206.8,22.7,0.0080,,
1.6350,444,207.7,22.7,0.0080,,
1.6430,445,208.3,22.7,0.0080,,
1.6515,446,208.8,22.7,0.0075,,
1.6600,447,209.5,22.7,0.0075,,
1.6685,448,210.2,22.7,0.0075,,
1.6770,449,210.8,22.7,0.0085,,
1.6845,450,211.3,22.7,0.0075,,
1.6930,451,211.9,22.7,0.0085,,
1.7015,452,212.5,22.7,0.0075,,
1.7100,453,213.0,22.7,0.0075,,
1.7180,454,213.6,22.7,0.0075,,
1.7265,455,214.2,22.7,0.0075,,
1.7340,456,214.8,22.7,0.0075,,
1.7425,457,215.3,22.7,0.0085,,
1.7510,458,215.8,22.7,0.0075,,
1.7595,459,216.3,22.7,0.0075,,
1.7680,460,216.7,22.7,0.0075,,
1.7765,461,217.2,22.7,0.0075,,
1.7840,462,217.7,22.7,0.0075,,
1.7925,463,218.3,22.7,0.0085,,
1.8005,464,218.6,22.7,0.0080,,
1.8090,465,219.0,22.7,0.0075,,
1.8175,466,219.6,22.7,0.0075,,
1.8260,467,219.9,22.7,0.0075,,
1.8335,468,220.3,22.7,0.0075,,
1.8420,469,220.8,22.7,0.0085,,
1.8505,470,221.1,22.7,0.0085,,
1.8590,471,221.7,22.7,0.0075,,
1.8670,472,222.1,22.7,0.0075,,
1.8755,473,222.3,22.7,0.0075,,
1.8840,474,222.7,22.7,0.0085,,
1.8915,475,223.1,22.7,0.0075,,
1.9000,476,223.6,22.7,0.0085,,
1.9085,477,223.9,22.7,0.0075,,
1.9170,478,224.3,22.7,0.0075,,
1.9255,479,224.6,22.7,0.0075,,
1.9340,480,225.0,22.7,0.0085,,
1.9415,481,225.3,22.7,0.0075,,
1.9500,482,225.7,22.7,0.0085,,
1.9580,483,226.1,22.7,0.0075,,
1.9665,484,226.3,22.7,0.0075,,
1.9750,485,226.8,22.7,0.0075,,
1.9835,486,227.0,22.7,0.0085,,
1.9910,487,227.3,22.7,0.0075,,
1.9995,488,227.7,22.7,0.0085,,
2.0080,489,228.0,22.7,0.0075,,
2.0165,490,228.4,22.7,0.0075,,
2.0250,491,228.7,22.7,0.0075,,
2.0330,492,228.9,22.7,0.0080,,
2.0410,493,229.2,22.7,0.0080,,
2.0490,494,229.4,22.7,0.0080,,
2.0575,495,229.6,22.7,0.0075,,
2.0660,496,229.9,22.7,0.0075,,
2.0745,497,230.2,22.7,0.0075,,
2.0830,498,230.5,22.7,0.0085,,
2.0905,499,230.9,22.7,0.0075,,
2.0990,500,231.1,22.7,0.0085,,
2.1075,501,231.3,22.7,0.0075,,
2.1160,502,231.6,22.7,0.0075,,
2.1240,503,231.9,22.7,0.0075,,
2.1325,504,232.1,22.7,0.0085,,
2.1405,505,232.3,22.7,0.0080,,
2.1485,506,232.6,22.7,0.0080,,
2.1570,507,232.9,22.7,0.0075,,
2.1655,508,233.2,22.7,0.0075,,
2.1740,509,233.5,22.7,0.0075,,
2.1825,510,233.7,22.7,0.0075,,
2.1895,511,233.9,22.7,0.0070,,
2.1950,512,234.1,22.7,0.0055,,
2.1950,513,234.3,22.7,0.0000,,
2.1990,514,234.5,22.7,0.0035,,
2.1990,515,234.6,22.7,0.0000,,
2.2000,516,234.7,22.7,0.0010,,
2.2015,517,234.7,22.7,0.0015,,
2.2030,518,234.7,22.7,0.0015,,
2.2055,519,234.7,22.7,0.0025,,
2.2090,520,234.8,22.7,0.0030,,
2.2140,521,234.9,22.7,0.0045,,
2.2170,522,235.0,22.7,0.0050,,
Scope 1/1, Sample 6/10 (HI_158)
Result,TitrationEP1
V,t,E,T,dV/dt,E acc. stat.,Volume acc. stat.
0.0000,0,-64.0,22.7,NaN,,
0.0010,1,-64.0,22.7,0.0010,,
0.0025,2,-64.1,22.7,0.0015,,
0.0050,3,-64.0,22.7,0.0025,,
0.0095,4,-63.8,22.7,0.0035,,
0.0160,5,-63.6,22.7,0.0060,,
0.0235,6,-63.2,22.7,0.0070,,
0.0320,7,-62.6,22.7,0.0075,,
0.0405,8,-61.5,22.7,0.0075,,
0.0490,9,-60.5,22.7,0.0075,,
0.0575,10,-59.3,22.7,0.0070,,
0.0655,11,-57.9,22.7,0.0075,,
0.0735,12,-56.6,22.7,0.0075,,
0.0815,13,-55.3,22.7,0.0075,,
0.0900,14,-53.7,22.7,0.0075,,
0.0985,15,-52.2,22.7,0.0075,,
0.1070,16,-50.3,22.7,0.0070,,
0.1145,17,-48.8,22.7,0.0070,,
0.1230,18,-46.8,22.7,0.0075,,
0.1315,19,-44.8,22.7,0.0075,,
0.1400,20,-42.7,22.7,0.0075,,
0.1485,21,-40.6,22.7,0.0075,,
0.1565,22,-38.1,22.7,0.0065,,
0.1650,23,-35.6,22.7,0.0075,,
0.1725,24,-32.7,22.7,0.0070,,
0.1810,25,-29.8,22.7,0.0075,,
0.1895,26,-26.8,22.7,0.0075,,
0.1980,27,-23.5,22.7,0.0075,,
0.2065,28,-20.3,22.7,0.0070,,
0.2150,29,-17.2,22.7,0.0075,,
0.2225,30,-13.6,22.7,0.0070,,
0.2310,31,-10.2,22.7,0.0075,,
0.2395,32,-6.9,22.7,0.0075,,
0.2475,33,-3.8,22.7,0.0075,,
0.2560,34,-1.2,22.7,0.0070,,
0.2645,35,0.2,22.7,0.0075,,
0.2720,36,2.9,22.7,0.0070,,
0.2805,37,4.4,22.7,0.0075,,
0.2890,38,5.8,22.7,0.0075,,
0.2975,39,7.0,22.7,0.0075,,
0.3060,40,8.7,22.7,0.0070,,
0.3145,41,10.4,22.7,0.0075,,
0.3220,42,11.7,22.7,0.0070,,
0.3305,43,13.0,22.7,0.0075,,
0.3385,44,14.1,22.7,0.0075,,
0.3470,45,15.4,22.7,0.0075,,
0.3555,46,16.6,22.7,0.0070,,
0.3640,47,17.6,22.7,0.0070,,
0.3715,48,18.4,22.7,0.0070,,
0.3800,49,19.6,22.7,0.0075,,
0.3885,50,20.8,22.7,0.0075,,
0.3970,51,21.7,22.7,0.0075,,
0.4050,52,22.9,22.7,0.0065,,
0.4135,53,23.9,22.7,0.0070,,
0.4210,54,24.5,22.7,0.0070,,
0.4295,55,25.4,22.7,0.0075,,
0.4380,56,26.2,22.7,0.0075,,
0.4465,57,27.0,22.7,0.0075,,
0.4550,58,28.0,22.7,0.0075,,
0.4635,59,28.9,22.7,0.0070,,
0.4720,60,29.7,22.7,0.0075,,
0.4795,61,30.6,22.7,0.0070,,
0.4880,62,31.5,22.7,0.0075,,
0.4960,63,32.9,22.7,0.0075,,
0.5045,64,33.7,22.7,0.0075,,
0.5130,65,34.2,22.7,0.0070,,
0.5215,66,34.9,22.7,0.0075,,
0.5290,67,35.7,22.7,0.0070,,
0.5375,68,36.4,22.7,0.0075,,
0.5460,69,37.2,22.7,0.0075,,
0.5545,70,38.1,22.7,0.0075,,
0.5630,71,39.1,22.7,0.0070,,
0.5710,72,39.8,22.7,0.0075,,
0.5790,73,40.6,22.7,0.0075,,
0.5870,74,41.3,22.7,0.0075,,
0.5955,75,42.2,22.7,0.0075,,
0.6040,76,43.1,22.7,0.0075,,
0.6125,77,44.0,22.7,0.0070,,
0.6200,78,44.9,22.7,0.0070,,
0.6285,79,45.5,22.7,0.0075,,
0.6370,80,46.0,22.7,0.0075,,
0.6455,81,46.7,22.7,0.0075,,
0.6540,82,47.4,22.7,0.0075,,
0.6620,83,48.1,22.7,0.0065,,
0.6705,84,48.6,22.7,0.0075,,
0.6780,85,49.8,22.7,0.0070,,
0.6865,86,50.7,22.7,0.0075,,
0.6950,87,51.1,22.7,0.0075,,
0.7035,88,51.8,22.7,0.0075,,
0.7120,89,52.5,22.7,0.0070,,
0.7205,90,53.3,22.7,0.0070,,
0.7280,91,53.8,22.7,0.0070,,
0.7365,92,55.0,22.7,0.0075,,
0.7450,93,55.6,22.7,0.0075,,
0.7530,94,56.2,22.7,0.0075,,
0.7615,95,56.7,22.7,0.0070,,
0.7700,96,57.3,22.7,0.0075,,
0.7775,97,57.9,22.7,0.0070,,
0.7860,98,58.7,22.7,0.0075,,
0.7945,99,59.3,22.7,0.0075,,
0.8030,100,59.9,22.7,0.0075,,
0.8115,101,60.7,22.7,0.0070,,
0.8200,102,61.5,22.7,0.0075,,
0.8275,103,62.2,22.7,0.0070,,
0.8360,104,63.2,22.7,0.0075,,
0.8440,105,63.8,22.7,0.0075,,
0.8525,106,64.4,22.7,0.0075,,
0.8610,107,65.2,22.7,0.0070,,
0.8695,108,66.0,22.7,0.0075,,
0.8770,109,66.8,22.7,0.0070,,
0.8855,110,67.5,22.7,0.0075,,
0.8940,111,68.2,22.7,0.0075,,
0.9025,112,69.5,22.7,0.0075,,
0.9110,113,70.2,22.7,0.0070,,
0.9195,114,71.0,22.7,0.0075,,
0.9270,115,72.3,22.7,0.0070,,
0.9350,116,72.8,22.7,0.0075,,
0.9435,117,73.5,22.7,0.0075,,
0.9520,118,74.1,22.7,0.0075,,
0.9605,119,74.6,22.7,0.0070,,
0.9690,120,75.5,22.7,0.0070,,
0.9765,121,76.3,22.7,0.0070,,
0.9850,122,77.2,22.7,0.0075,,
0.9935,123,77.8,22.7,0.0075,,
1.0020,124,79.1,22.7,0.0075,,
1.0100,125,80.6,22.7,0.0065,,
1.0185,126,81.2,22.7,0.0070,,
1.0260,127,82.2,22.7,0.0070,,
1.0345,128,82.5,22.7,0.0075,,
1.0430,129,83.5,22.7,0.0075,,
1.0515,130,84.8,22.7,0.0075,,
1.0600,131,86.0,22.7,0.0070,,
1.0685,132,86.8,22.7,0.0070,,
1.0760,133,87.8,22.7,0.0070,,
1.0845,134,88.4,22.7,0.0075,,
1.0925,135,89.5,22.7,0.0075,,
1.1010,136,91.8,22.7,0.0075,,
1.1095,137,92.8,22.7,0.0075,,
1.1180,138,93.4,22.7,0.0070,,
1.1265,139,94.4,22.7,0.0075,,
1.1340,140,95.7,22.7,0.0070,,
1.1425,141,97.6,22.7,0.0075,,
1.1510,142,98.4,22.7,0.0075,,
1.1595,143,100.0,22.7,0.0075,,
1.1675,144,101.3,22.7,0.0065,,
1.1760,145,104.3,22.7,0.0070,,
1.1835,146,104.7,22.7,0.0070,,
1.1920,147,106.2,22.7,0.0075,,
1.2005,148,107.4,22.7,0.0075,,
1.2090,149,109.0,22.7,0.0075,,
1.2175,150,110.5,22.7,0.0070,,
1.2260,151,114.5,22.7,0.0070,,
1.2335,152,116.2,22.7,0.0070,,
1.2420,153,117.0,22.7,0.0075,,
1.2500,154,120.7,22.7,0.0075,,
1.2585,155,122.5,22.7,0.0075,,
1.2670,156,125.1,22.7,0.0075,,
1.2755,157,126.4,22.7,0.0070,,
1.2830,158,129.2,22.7,0.0070,,
1.2915,159,131.9,22.7,0.0075,,
1.3000,160,135.7,22.7,0.0075,,
1.3085,161,138.8,22.7,0.0075,,
1.3170,162,141.5,22.7,0.0070,,
1.3250,163,144.4,22.7,0.0065,,
1.3330,164,148.0,22.7,0.0075,,
1.3410,165,151.5,22.7,0.0075,,
1.3495,166,155.0,22.7,0.0075,,
1.3580,167,158.6,22.7,0.0075,,
1.3665,168,161.7,22.7,0.0075,,
1.3750,169,164.4,22.7,0.0070,,
1.3825,170,167.0,22.7,0.0070,,
1.3910,171,169.7,22.7,0.0075,,
1.3995,172,172.6,22.7,0.0075,,
1.4075,173,174.5,22.7,0.0075,,
1.4160,174,176.7,22.7,0.0075,,
1.4245,175,178.7,22.7,0.0070,,
1.4330,176,180.3,22.7,0.0070,,
1.4405,177,182.2,22.7,0.0070,,
1.4490,178,183.9,22.7,0.0075,,
1.4560,179,185.1,22.7,0.0070,,
1.4560,419,187.8,22.7,0.0000,,
1.4565,420,187.9,22.7,0.0005,,
1.4580,421,187.9,22.7,0.0015,,
1.4605,422,187.9,22.7,0.0020,,
1.4645,423,188.0,22.7,0.0035,,
1.4705,424,188.5,22.7,0.0050,,
1.4790,425,189.5,22.7,0.0070,,
1.4865,426,190.3,22.7,0.0070,,
1.4950,427,191.8,22.7,0.0075,,
1.5035,428,192.9,22.7,0.0075,,
1.5120,429,194.1,22.7,0.0070,,
1.5200,430,195.3,22.7,0.0065,,
1.5285,431,196.4,22.7,0.0070,,
1.5360,432,197.5,22.7,0.0070,,
1.5445,433,198.8,22.7,0.0075,,
1.5530,434,199.6,22.7,0.0075,,
1.5615,435,200.4,22.7,0.0070,,
1.5700,436,201.4,22.7,0.0070,,
1.5785,437,202.0,22.7,0.0070,,
1.5860,438,202.8,22.7,0.0070,,
1.5945,439,203.7,22.7,0.0075,,
1.6030,440,204.6,22.7,0.0075,,
1.6110,441,205.2,22.7,0.0065,,
1.6195,442,206.1,22.7,0.0070,,
1.6280,443,206.8,22.7,0.0070,,
1.6355,444,207.4,22.7,0.0070,,
1.6440,445,208.1,22.7,0.0075,,
1.6525,446,208.7,22.7,0.0075,,
1.6610,447,209.4,22.7,0.0070,,
1.6695,448,210.0,22.7,0.0070,,
1.6780,449,210.7,22.7,0.0070,,
1.6855,450,211.3,22.7,0.0070,,
1.6940,451,211.8,22.7,0.0075,,
1.7020,452,212.3,22.7,0.0075,,
1.7105,453,212.9,22.7,0.0070,,
1.7190,454,213.6,22.7,0.0070,,
1.7275,455,214.2,22.7,0.0070,,
1.7360,456,214.7,22.7,0.0075,,
1.7435,457,215.1,22.7,0.0070,,
1.7520,458,215.6,22.7,0.0075,,
1.7605,459,216.1,22.7,0.0070,,
1.7690,460,216.6,22.7,0.0070,,
1.7770,461,217.1,22.7,0.0065,,
1.7855,462,217.7,22.7,0.0075,,
1.7930,463,218.1,22.7,0.0070,,
1.8015,464,218.4,22.7,0.0075,,
1.8100,465,218.9,22.7,0.0070,,
1.8185,466,219.4,22.7,0.0070,,
1.8270,467,219.8,22.7,0.0070,,
1.8355,468,220.2,22.7,0.0075,,
1.8430,469,220.7,22.7,0.0070,,
1.8515,470,221.1,22.7,0.0075,,
1.8600,471,221.5,22.7,0.0070,,
1.8680,472,221.9,22.7,0.0065,,
1.8765,473,222.4,22.7,0.0070,,
1.8850,474,222.8,22.7,0.0075,,
1.8925,475,223.2,22.7,0.0070,,
1.9010,476,223.5,22.7,0.0075,,
1.9095,477,223.8,22.7,0.0070,,
1.9180,478,224.2,22.7,0.0070,,
1.9265,479,224.7,22.7,0.0070,,
1.9345,480,225.0,22.7,0.0065,,
1.9425,481,225.3,22.7,0.0075,,
1.9505,482,225.5,22.7,0.0075,,
1.9590,483,225.9,22.7,0.0075,,
1.9675,484,226.3,22.7,0.0070,,
1.9760,485,226.6,22.7,0.0070,,
1.9845,486,226.9,22.7,0.0070,,
1.9920,487,227.1,22.7,0.0070,,
2.0005,488,227.5,22.7,0.0075,,
2.0090,489,227.8,22.7,0.0075,,
2.0175,490,228.2,22.7,0.0070,,
2.0255,491,228.5,22.7,0.0065,,
2.0340,492,228.7,22.7,0.0070,,
2.0415,493,229.0,22.7,0.0070,,
2.0500,494,229.3,22.7,0.0075,,
2.0585,495,229.7,22.7,0.0075,,
2.0670,496,230.1,22.7,0.0070,,
2.0755,497,230.3,22.7,0.0070,,
2.0840,498,230.6,22.7,0.0070,,
2.0920,499,230.8,22.7,0.0075,,
2.1000,500,231.0,22.7,0.0075,,
2.1080,501,231.4,22.7,0.0075,,
2.1165,502,231.6,22.7,0.0070,,
2.1250,503,231.9,22.7,0.0070,,
2.1335,504,232.2,22.7,0.0070,,
2.1420,505,232.4,22.7,0.0075,,
2.1495,506,232.7,22.7,0.0070,,
2.1580,507,232.9,22.7,0.0075,,
2.1665,508,233.1,22.7,0.0075,,
2.1750,509,233.3,22.7,0.0070,,
2.1830,510,233.6,22.7,0.0065,,
2.1915,511,233.9,22.7,0.0070,,
2.1975,512,234.2,22.7,0.0055,,
2.2035,513,233.7,22.7,0.0055,,
2.2060,514,234.5,22.7,0.0025,,
2.2065,515,235.4,22.7,0.0005,,
Scope 1/1, Sample 7/10 (HI_161)
Result,TitrationEP1
V,t,E,T,dV/dt,E acc. stat.,Volume acc. stat.
0.0000,0,-62.7,22.7,NaN,,
0.0010,1,-62.7,22.7,0.0010,,
0.0025,2,-62.8,22.7,0.0015,,
0.0050,3,-62.7,22.7,0.0025,,
0.0085,4,-62.7,22.7,0.0035,,
0.0150,5,-62.6,22.7,0.0060,,
0.0235,6,-62.2,22.7,0.0075,,
0.0315,7,-61.5,22.7,0.0075,,
0.0400,8,-60.8,22.7,0.0075,,
0.0475,9,-59.8,22.7,0.0075,,
0.0560,10,-58.5,22.7,0.0085,,
0.0645,11,-57.4,22.7,0.0075,,
0.0730,12,-56.0,22.7,0.0075,,
0.0815,13,-54.5,22.7,0.0075,,
0.0900,14,-52.9,22.8,0.0075,,
0.0980,15,-51.3,22.7,0.0075,,
0.1060,16,-49.8,22.7,0.0080,,
0.1140,17,-48.0,22.7,0.0075,,
0.1225,18,-45.9,22.7,0.0075,,
0.1310,19,-44.1,22.8,0.0075,,
0.1395,20,-42.0,22.7,0.0075,,
0.1480,21,-39.8,22.8,0.0075,,
0.1555,22,-37.7,22.8,0.0075,,
0.1640,23,-35.1,22.7,0.0075,,
0.1725,24,-32.3,22.8,0.0075,,
0.1810,25,-29.5,22.8,0.0075,,
0.1890,26,-26.4,22.8,0.0075,,
0.1975,27,-23.2,22.8,0.0075,,
0.2050,28,-20.3,22.8,0.0075,,
0.2135,29,-16.6,22.8,0.0085,,
0.2220,30,-13.5,22.8,0.0075,,
0.2305,31,-10.3,22.8,0.0075,,
0.2390,32,-7.4,22.8,0.0075,,
0.2475,33,-4.9,22.8,0.0075,,
0.2550,34,-2.5,22.8,0.0075,,
0.2635,35,0.0,22.8,0.0085,,
0.2715,36,1.1,22.8,0.0075,,
0.2800,37,3.7,22.8,0.0075,,
0.2885,38,4.6,22.8,0.0075,,
0.2970,39,5.8,22.8,0.0075,,
0.3055,40,6.8,22.8,0.0085,,
0.3130,41,8.2,22.8,0.0075,,
0.3215,42,9.8,22.8,0.0075,,
0.3300,43,11.1,22.8,0.0075,,
0.3385,44,12.5,22.8,0.0075,,
0.3465,45,13.8,22.8,0.0075,,
0.3550,46,14.8,22.8,0.0075,,
0.3625,47,15.7,22.8,0.0075,,
0.3710,48,16.8,22.8,0.0075,,
0.3795,49,17.8,22.8,0.0075,,
0.3880,50,19.0,22.8,0.0075,,
0.3965,51,20.0,22.8,0.0075,,
0.4050,52,21.2,22.8,0.0075,,
0.4125,53,22.1,22.8,0.0075,,
0.4210,54,23.2,22.8,0.0075,,
0.4295,55,24.2,22.8,0.0075,,
0.4375,56,25.1,22.8,0.0075,,
0.4460,57,26.1,22.8,0.0075,,
0.4545,58,26.9,22.8,0.0085,,
0.4620,59,27.8,22.8,0.0075,,
0.4705,60,28.7,22.8,0.0075,,
0.4790,61,29.6,22.8,0.0075,,
0.4875,62,30.5,22.8,0.0075,,
0.4960,63,31.3,22.8,0.0075,,
0.5045,64,32.1,22.8,0.0075,,
0.5120,65,32.8,22.8,0.0075,,
0.5205,66,33.8,22.8,0.0075,,
0.5285,67,34.6,22.8,0.0075,,
0.5370,68,35.4,22.8,0.0075,,
0.5455,69,36.3,22.8,0.0075,,
0.5540,70,37.1,22.8,0.0075,,
0.5615,71,37.7,22.8,0.0075,,
0.5700,72,38.6,22.8,0.0075,,
0.5785,73,39.4,22.8,0.0075,,
0.5870,74,40.2,22.8,0.0075,,
0.5955,75,40.8,22.8,0.0075,,
0.6035,76,41.6,22.8,0.0075,,
0.6115,77,42.3,22.8,0.0080,,
0.6200,78,43.1,22.8,0.0075,,
0.6280,79,43.9,22.8,0.0075,,
0.6365,80,44.5,22.8,0.0075,,
0.6450,81,45.2,22.8,0.0075,,
0.6535,82,46.0,22.8,0.0075,,
0.6610,83,46.7,22.8,0.0075,,
0.6695,84,47.4,22.8,0.0075,,
0.6780,85,48.1,22.8,0.0075,,
0.6865,86,48.8,22.8,0.0075,,
0.6950,87,49.6,22.8,0.0075,,
0.7030,88,50.2,22.8,0.0075,,
0.7110,89,50.8,22.8,0.0080,,
0.7190,90,51.5,22.8,0.0075,,
0.7275,91,52.3,22.8,0.0075,,
0.7360,92,53.1,22.8,0.0075,,
0.7445,93,53.9,22.8,0.0075,,
0.7530,94,54.6,22.8,0.0075,,
0.7605,95,55.2,22.8,0.0075,,
0.7690,96,56.0,22.8,0.0075,,
0.7775,97,56.8,22.8,0.0075,,
0.7855,98,57.5,22.8,0.0075,,
0.7940,99,58.2,22.8,0.0075,,
0.8025,100,58.9,22.8,0.0075,,
0.8110,101,59.4,22.8,0.0085,,
0.8185,102,60.0,22.8,0.0075,,
0.8270,103,60.8,22.8,0.0075,,
0.8355,104,61.6,22.8,0.0075,,
0.8440,105,62.5,22.8,0.0075,,
0.8525,106,63.2,22.8,0.0075,,
0.8605,107,63.9,22.8,0.0080,,
0.8685,108,64.5,22.8,0.0075,,
0.8765,109,65.3,22.8,0.0075,,
0.8850,110,66.0,22.8,0.0075,,
0.8935,111,66.8,22.8,0.0075,,
0.9020,112,67.6,22.8,0.0075,,
0.9105,113,68.4,22.8,0.0085,,
0.9180,114,69.0,22.8,0.0075,,
0.9265,115,69.9,22.8,0.0075,,
0.9350,116,70.7,22.8,0.0075,,
0.9430,117,71.4,22.8,0.0075,,
0.9515,118,72.3,22.8,0.0075,,
0.9600,119,73.0,22.8,0.0085,,
0.9675,120,73.7,22.8,0.0075,,
0.9760,121,74.6,22.8,0.0075,,
0.9845,122,75.3,22.8,0.0075,,
0.9930,123,76.2,22.8,0.0075,,
1.0015,124,77.1,22.8,0.0075,,
1.0100,125,77.9,22.8,0.0085,,
1.0175,126,78.7,22.8,0.0075,,
1.0260,127,79.7,22.8,0.0075,,
1.0345,128,80.6,22.8,0.0075,,
1.0425,129,81.6,22.8,0.0075,,
1.0510,130,82.5,22.8,0.0075,,
1.0585,131,83.6,22.8,0.0075,,
1.0670,132,84.5,22.8,0.0085,,
1.0755,133,85.4,22.8,0.0075,,
1.0840,134,86.8,22.8,0.0075,,
1.0925,135,87.7,22.8,0.0075,,
1.1010,136,88.8,22.8,0.0070,,
1.1095,137,90.1,22.8,0.0085,,
1.1170,138,91.3,22.8,0.0075,,
1.1255,139,92.3,22.8,0.0075,,
1.1335,140,93.4,22.8,0.0075,,
1.1420,141,94.5,22.8,0.0075,,
1.1505,142,95.7,22.8,0.0075,,
1.1590,143,97.1,22.8,0.0075,,
1.1665,144,98.2,22.8,0.0075,,
1.1750,145,99.8,22.8,0.0075,,
1.1835,146,101.5,22.8,0.0075,,
1.1920,147,103.1,22.8,0.0075,,
1.2000,148,104.6,22.8,0.0075,,
1.2085,149,105.9,22.8,0.0075,,
1.2160,150,107.4,22.8,0.0075,,
1.2245,151,109.8,22.8,0.0085,,
1.2330,152,111.4,22.8,0.0075,,
1.2415,153,113.3,22.8,0.0075,,
1.2500,154,115.3,22.8,0.0075,,
1.2585,155,117.7,22.8,0.0075,,
1.2660,156,120.3,22.8,0.0075,,
1.2745,157,122.7,22.8,0.0085,,
1.2825,158,125.4,22.8,0.0075,,
1.2910,159,128.7,22.8,0.0075,,
1.2995,160,131.9,22.8,0.0075,,
1.3080,161,135.0,22.8,0.0075,,
1.3165,162,137.6,22.8,0.0085,,
1.3240,163,141.6,22.8,0.0070,,
1.3325,164,145.2,22.8,0.0075,,
1.3410,165,148.1,22.8,0.0075,,
1.3495,166,151.9,22.8,0.0075,,
1.3580,167,155.6,22.8,0.0075,,
1.3660,168,158.7,22.8,0.0080,,
1.3740,169,162.7,22.8,0.0080,,
1.3820,170,165.5,22.8,0.0075,,
1.3905,171,167.8,22.8,0.0075,,
1.3990,172,170.4,22.8,0.0075,,
1.4075,173,172.9,22.8,0.0075,,
1.4160,174,174.7,22.8,0.0085,,
1.4235,175,177.0,22.8,0.0075,,
1.4320,176,179.4,22.8,0.0075,,
1.4405,177,181.0,22.8,0.0075,,
1.4490,178,183.1,22.8,0.0075,,
1.4570,179,184.5,22.8,0.0075,,
1.4625,180,185.1,22.8,0.0070,,
1.4625,420,188.7,22.8,0.0000,,
1.4630,421,188.7,22.8,0.0005,,
1.4645,422,188.7,22.8,0.0020,,
1.4670,423,188.7,22.8,0.0030,,
1.4715,424,188.9,22.8,0.0050,,
1.4775,425,189.3,22.8,0.0065,,
1.4860,426,189.7,22.8,0.0105,,
1.4935,427,190.6,22.8,0.0095,,
1.5020,428,191.9,22.8,0.0105,,
1.5105,429,193.3,22.8,0.0095,,
1.5190,430,194.5,22.8,0.0095,,
1.5275,431,195.2,22.8,0.0095,,
1.5355,432,196.6,22.8,0.0090,,
1.5435,433,197.6,22.8,0.0100,,
1.5515,434,198.5,22.8,0.0100,,
1.5600,435,199.4,22.8,0.0095,,
1.5685,436,200.4,22.8,0.0095,,
1.5770,437,201.4,22.8,0.0095,,
1.5855,438,202.1,22.8,0.0105,,
1.5930,439,202.9,22.8,0.0095,,
1.6015,440,203.8,22.8,0.0105,,
1.6100,441,204.5,22.8,0.0095,,
1.6185,442,205.4,22.8,0.0095,,
1.6265,443,206.3,22.8,0.0090,,
1.6350,444,207.0,22.8,0.0095,,
1.6425,445,207.6,22.8,0.0095,,
1.6510,446,208.4,22.8,0.0105,,
1.6595,447,209.0,22.8,0.0105,,
1.6680,448,209.6,22.8,0.0095,,
1.6765,449,210.2,22.8,0.0095,,
1.6850,450,210.8,22.8,0.0095,,
1.6925,451,211.3,22.8,0.0095,,
1.7010,452,211.9,22.8,0.0105,,
1.7095,453,212.6,22.8,0.0095,,
1.7175,454,213.1,22.8,0.0090,,
1.7260,455,213.7,22.8,0.0095,,
1.7345,456,214.3,22.8,0.0095,,
1.7420,457,214.7,22.8,0.0095,,
1.7505,458,215.3,22.8,0.0105,,
1.7590,459,215.8,22.8,0.0105,,
1.7675,460,216.3,22.8,0.0095,,
1.7760,461,216.8,22.8,0.0095,,
1.7845,462,217.3,22.8,0.0095,,
1.7920,463,217.7,22.8,0.0095,,
1.8005,464,218.1,22.8,0.0105,,
1.8085,465,218.7,22.8,0.0100,,
1.8170,466,219.1,22.8,0.0095,,
1.8255,467,219.6,22.8,0.0095,,
1.8340,468,220.0,22.8,0.0095,,
1.8415,469,220.3,22.8,0.0095,,
1.8500,470,220.8,22.8,0.0105,,
1.8585,471,221.2,22.8,0.0105,,
1.8670,472,221.6,22.8,0.0095,,
1.8755,473,222.1,22.8,0.0095,,
1.8835,474,222.5,22.8,0.0090,,
1.8915,475,222.8,22.8,0.0100,,
1.8995,476,223.2,22.8,0.0100,,
1.9080,477,223.6,22.8,0.0105,,
1.9165,478,224.0,22.8,0.0095,,
1.9250,479,224.3,22.8,0.0095,,
1.9335,480,224.6,22.8,0.0095,,
1.9410,481,224.9,22.8,0.0095,,
1.9495,482,225.3,22.8,0.0105,,
1.9580,483,225.6,22.8,0.0105,,
1.9665,484,225.9,22.8,0.0095,,
1.9745,485,226.4,22.8,0.0090,,
1.9830,486,226.7,22.8,0.0095,,
1.9905,487,227.1,22.8,0.0095,,
1.9990,488,227.4,22.8,0.0105,,
2.0075,489,227.7,22.8,0.0105,,
2.0160,490,228.0,22.8,0.0095,,
2.0245,491,228.3,22.8,0.0095,,
2.0330,492,228.7,22.8,0.0095,,
2.0410,493,229.0,22.8,0.0100,,
2.0490,494,229.3,22.8,0.0100,,
2.0575,495,229.6,22.8,0.0105,,
2.0655,496,229.8,22.8,0.0090,,
2.0740,497,230.0,22.8,0.0095,,
2.0825,498,230.4,22.8,0.0095,,
2.0910,499,230.6,22.8,0.0095,,
2.0985,500,231.1,22.8,0.0095,,
2.1070,501,231.3,22.8,0.0105,,
2.1155,502,231.5,22.8,0.0105,,
2.1235,503,231.8,22.8,0.0090,,
2.1320,504,232.2,22.8,0.0095,,
2.1405,505,232.4,22.8,0.0095,,
2.1480,506,232.6,22.8,0.0095,,
2.1565,507,233.0,22.8,0.0105,,
2.1650,508,233.2,22.8,0.0105,,
2.1735,509,233.4,22.8,0.0095,,
2.1820,510,233.7,22.8,0.0095,,
2.1900,511,233.9,22.8,0.0090,,
2.1975,512,234.2,22.8,0.0095,,
2.2005,513,234.4,22.8,0.0035,,
2.2005,514,234.5,22.8,0.0000,,
2.2020,515,234.6,22.8,0.0015,,
2.2030,516,234.6,22.8,0.0010,,
2.2040,517,234.5,22.8,0.0010,,
2.2050,518,234.6,22.8,0.0010,,
2.2070,519,234.6,22.8,0.0025,,
2.2100,520,234.7,22.8,0.0035,,
2.2140,521,234.7,22.8,0.0045,,
2.2180,522,234.8,22.8,0.0045,,
2.2205,523,235.0,22.8,0.0030,,
Scope 1/1, Sample 8/10 (HI_163)
Result,TitrationEP1
V,t,E,T,dV/dt,E acc. stat.,Volume acc. stat.
0.0000,0,-61.4,22.8,NaN,,
0.0005,1,-61.3,22.8,0.0005,,
0.0025,2,-61.4,22.8,0.0020,,
0.0050,3,-61.5,22.8,0.0025,,
0.0090,4,-61.3,22.8,0.0035,,
0.0150,5,-61.0,22.8,0.0055,,
0.0235,6,-60.7,22.8,0.0075,,
0.0320,7,-59.9,22.8,0.0085,,
0.0395,8,-59.3,22.8,0.0075,,
0.0480,9,-58.3,22.8,0.0085,,
0.0565,10,-56.9,22.8,0.0075,,
0.0650,11,-55.6,22.8,0.0075,,
0.0735,12,-54.3,22.8,0.0075,,
0.0815,13,-53.0,22.8,0.0080,,
0.0895,14,-51.3,22.8,0.0080,,
0.0975,15,-49.6,22.8,0.0080,,
0.1060,16,-48.0,22.8,0.0075,,
0.1145,17,-46.2,22.8,0.0075,,
0.1230,18,-44.2,22.8,0.0075,,
0.1315,19,-42.3,22.8,0.0085,,
0.1390,20,-40.3,22.8,0.0075,,
0.1475,21,-37.9,22.8,0.0085,,
0.1560,22,-35.5,22.8,0.0075,,
0.1645,23,-32.7,22.8,0.0075,,
0.1725,24,-29.9,22.8,0.0075,,
0.1810,25,-26.8,22.8,0.0075,,
0.1885,26,-24.1,22.8,0.0075,,
0.1970,27,-20.7,22.8,0.0085,,
0.2055,28,-17.1,22.8,0.0075,,
0.2140,29,-14.1,22.8,0.0075,,
0.2225,30,-10.8,22.8,0.0075,,
0.2310,31,-8.3,22.8,0.0085,,
0.2385,32,-6.1,22.8,0.0075,,
0.2470,33,-3.3,22.8,0.0085,,
0.2555,34,-1.0,22.8,0.0075,,
0.2635,35,0.4,22.8,0.0075,,
0.2720,36,2.0,22.8,0.0075,,
0.2805,37,3.7,22.8,0.0075,,
0.2880,38,5.1,22.8,0.0075,,
0.2965,39,6.3,22.8,0.0085,,
0.3050,40,7.5,22.8,0.0075,,
0.3135,41,9.0,22.8,0.0075,,
0.3220,42,10.3,22.8,0.0075,,
0.3305,43,11.4,22.8,0.0085,,
0.3380,44,12.7,22.8,0.0075,,
0.3465,45,14.0,22.8,0.0085,,
0.3545,46,15.1,22.8,0.0075,,
0.3630,47,16.5,22.8,0.0075,,
0.3715,48,17.5,22.8,0.0075,,
0.3800,49,18.4,22.8,0.0085,,
0.3875,50,19.1,22.8,0.0075,,
0.3960,51,20.0,22.8,0.0085,,
0.4045,52,21.0,22.8,0.0075,,
0.4130,53,21.9,22.8,0.0075,,
0.4215,54,22.9,22.8,0.0075,,
0.4300,55,23.7,22.8,0.0085,,
0.4375,56,24.6,22.8,0.0075,,
0.4460,57,25.5,22.8,0.0085,,
0.4540,58,26.4,22.8,0.0075,,
0.4625,59,27.3,22.8,0.0075,,
0.4710,60,28.3,22.8,0.0075,,
0.4795,61,29.0,22.8,0.0085,,
0.4870,62,29.8,22.8,0.0075,,
0.4955,63,30.6,22.8,0.0085,,
0.5040,64,31.4,22.8,0.0075,,
0.5125,65,32.3,22.8,0.0075,,
0.5205,66,33.2,22.8,0.0075,,
0.5290,67,34.0,22.8,0.0075,,
0.5370,68,34.7,22.8,0.0080,,
0.5450,69,35.5,22.8,0.0080,,
0.5535,70,36.3,22.8,0.0075,,
0.5620,71,37.2,22.8,0.0075,,
0.5705,72,38.0,22.8,0.0075,,
0.5790,73,38.9,22.8,0.0075,,
0.5865,74,39.6,22.8,0.0075,,
0.5950,75,40.2,22.8,0.0085,,
0.6035,76,40.9,22.8,0.0075,,
0.6115,77,41.8,22.8,0.0075,,
0.6200,78,42.4,22.8,0.0075,,
0.6285,79,43.1,22.8,0.0075,,
0.6360,80,43.7,22.8,0.0075,,
0.6445,81,44.5,22.8,0.0085,,
0.6530,82,45.2,22.8,0.0075,,
0.6615,83,46.0,22.8,0.0075,,
0.6700,84,46.7,22.8,0.0075,,
0.6785,85,47.3,22.8,0.0075,,
0.6860,86,47.9,22.8,0.0075,,
0.6945,87,48.6,22.8,0.0085,,
0.7025,88,49.3,22.8,0.0080,,
0.7110,89,49.9,22.8,0.0075,,
0.7195,90,50.7,22.8,0.0075,,
0.7280,91,51.4,22.8,0.0075,,
0.7355,92,52.0,22.8,0.0075,,
0.7440,93,52.8,22.8,0.0085,,
0.7525,94,53.5,22.8,0.0075,,
0.7610,95,54.1,22.8,0.0075,,
0.7695,96,54.8,22.8,0.0075,,
0.7775,97,55.5,22.8,0.0075,,
0.7855,98,56.0,22.8,0.0080,,
0.7935,99,56.7,22.8,0.0080,,
0.8020,100,57.3,22.8,0.0085,,
0.8105,101,58.0,22.8,0.0075,,
0.8190,102,58.9,22.8,0.0075,,
0.8275,103,59.8,22.8,0.0075,,
0.8350,104,60.4,22.8,0.0075,,
0.8435,105,60.9,22.8,0.0085,,
0.8520,106,61.7,22.8,0.0075,,
0.8605,107,62.3,22.8,0.0075,,
0.8690,108,63.1,22.8,0.0075,,
0.8770,109,63.8,22.8,0.0075,,
0.8850,110,64.3,22.8,0.0080,,
0.8930,111,65.1,22.8,0.0080,,
0.9015,112,65.8,22.8,0.0075,,
0.9100,113,66.5,22.8,0.0075,,
0.9185,114,67.4,22.8,0.0075,,
0.9270,115,68.1,22.8,0.0075,,
0.9345,116,68.7,22.8,0.0075,,
0.9430,117,69.5,22.8,0.0085,,
0.9515,118,70.3,22.8,0.0085,,
0.9595,119,71.0,22.8,0.0075,,
0.9680,120,71.9,22.8,0.0075,,
0.9765,121,72.6,22.8,0.0075,,
0.9840,122,73.2,22.8,0.0075,,
0.9925,123,74.1,22.8,0.0085,,
1.0010,124,75.1,22.8,0.0085,,
1.0095,125,75.7,22.8,0.0075,,
1.0180,126,76.5,22.8,0.0075,,
1.0265,127,77.3,22.8,0.0075,,
1.0340,128,78.2,22.8,0.0075,,
1.0425,129,79.0,22.8,0.0085,,
1.0510,130,79.8,22.8,0.0085,,
1.0590,131,80.8,22.8,0.0075,,
1.0675,132,81.7,22.8,0.0075,,
1.0760,133,82.7,22.8,0.0075,,
1.0845,134,83.4,22.8,0.0085,,
1.0920,135,84.4,22.8,0.0075,,
1.1005,136,85.4,22.8,0.0085,,
1.1090,137,86.5,22.8,0.0075,,
1.1175,138,87.4,22.8,0.0075,,
1.1255,139,88.5,22.8,0.0075,,
1.1340,140,89.6,22.8,0.0075,,
1.1415,141,90.5,22.8,0.0075,,
1.1500,142,91.5,22.8,0.0085,,
1.1585,143,92.7,22.8,0.0075,,
1.1670,144,93.8,22.8,0.0075,,
1.1755,145,95.1,22.8,0.0075,,
1.1840,146,96.2,22.8,0.0075,,
1.1915,147,97.1,22.8,0.0075,,
1.2000,148,98.6,22.8,0.0085,,
1.2085,149,100.3,22.8,0.0075,,
1.2165,150,101.8,22.8,0.0075,,
1.2250,151,102.8,22.8,0.0075,,
1.2335,152,104.4,22.8,0.0075,,
1.2410,153,106.0,22.8,0.0075,,
1.2495,154,107.7,22.8,0.0085,,
1.2580,155,109.6,22.8,0.0075,,
1.2665,156,111.6,22.8,0.0075,,
1.2750,157,113.4,22.8,0.0075,,
1.2835,158,115.2,22.8,0.0075,,
1.2910,159,117.7,22.8,0.0075,,
1.2995,160,119.7,22.8,0.0085,,
1.3075,161,122.3,22.8,0.0075,,
1.3160,162,125.1,22.8,0.0075,,
1.3245,163,128.2,22.8,0.0075,,
1.3330,164,131.2,22.8,0.0075,,
1.3405,165,133.8,22.8,0.0075,,
1.3490,166,137.1,22.8,0.0085,,
1.3575,167,140.1,22.8,0.0075,,
1.3660,168,143.8,22.8,0.0075,,
1.3745,169,147.3,22.8,0.0075,,
1.3825,170,150.8,22.8,0.0075,,
1.3905,171,154.2,22.8,0.0080,,
1.3985,172,157.4,22.8,0.0080,,
1.4070,173,160.9,22.8,0.0075,,
1.4155,174,163.8,22.8,0.0075,,
1.4240,175,166.6,22.8,0.0075,,
1.4325,176,169.4,22.8,0.0075,,
1.4400,177,171.5,22.8,0.0075,,
1.4485,178,174.3,22.8,0.0085,,
1.4570,179,176.3,22.8,0.0085,,
1.4655,180,178.2,22.8,0.0075,,
1.4735,181,180.5,22.8,0.0075,,
1.4820,182,182.3,22.8,0.0075,,
1.4895,183,183.6,22.8,0.0075,,
1.4985,184,185.1,22.8,0.0080,,
1.4985,424,188.6,22.9,0.0000,,
1.4990,425,188.6,22.9,0.0005,,
1.5005,426,188.6,22.9,0.0010,,
1.5030,427,188.8,22.9,0.0020,,
1.5070,428,188.9,22.9,0.0030,,
1.5130,429,189.0,22.9,0.0045,,
1.5215,430,189.7,22.9,0.0065,,
1.5290,431,190.8,22.9,0.0060,,
1.5375,432,192.0,22.9,0.0065,,
1.5460,433,193.2,22.9,0.0065,,
1.5545,434,194.3,22.9,0.0060,,
1.5625,435,195.7,22.9,0.0055,,
1.5710,436,196.5,22.9,0.0060,,
1.5785,437,197.5,22.9,0.0060,,
1.5870,438,198.5,22.9,0.0065,,
1.5955,439,199.6,22.9,0.0065,,
1.6040,440,200.6,22.9,0.0060,,
1.6125,441,201.4,22.9,0.0060,,
1.6210,442,202.2,22.9,0.0060,,
1.6285,443,203.0,22.9,0.0060,,
1.6370,444,203.9,22.9,0.0065,,
1.6455,445,204.6,22.9,0.0065,,
1.6535,446,205.4,22.9,0.0055,,
1.6620,447,206.2,22.9,0.0060,,
1.6705,448,206.9,22.9,0.0060,,
1.6780,449,207.4,22.9,0.0060,,
1.6865,450,208.2,22.9,0.0065,,
1.6950,451,208.8,22.9,0.0065,,
1.7035,452,209.5,22.9,0.0060,,
1.7120,453,210.3,22.9,0.0060,,
1.7200,454,210.9,22.9,0.0055,,
1.7285,455,211.4,22.9,0.0065,,
1.7365,456,212.0,22.9,0.0060,,
1.7445,457,212.5,22.9,0.0060,,
1.7530,458,213.1,22.9,0.0060,,
1.7615,459,213.7,22.9,0.0060,,
1.7700,460,214.2,22.9,0.0060,,
1.7785,461,214.8,22.9,0.0065,,
1.7860,462,215.2,22.9,0.0060,,
1.7945,463,215.9,22.9,0.0065,,
1.8030,464,216.3,22.9,0.0060,,
1.8110,465,216.8,22.9,0.0055,,
1.8195,466,217.3,22.9,0.0060,,
1.8280,467,217.8,22.9,0.0060,,
1.8355,468,218.2,22.9,0.0060,,
1.8440,469,218.6,22.9,0.0065,,
1.8525,470,219.1,22.9,0.0065,,
1.8610,471,219.5,22.9,0.0060,,
1.8695,472,220.0,22.9,0.0060,,
1.8780,473,220.4,22.9,0.0060,,
1.8855,474,220.8,22.9,0.0060,,
1.8940,475,221.2,22.9,0.0065,,
1.9020,476,221.5,22.9,0.0060,,
1.9105,477,222.1,22.9,0.0060,,
1.9190,478,222.4,22.9,0.0060,,
1.9275,479,222.7,22.9,0.0060,,
1.9350,480,223.0,22.9,0.0060,,
1.9435,481,223.4,22.9,0.0065,,
1.9520,482,223.8,22.9,0.0060,,
1.9605,483,224.2,22.9,0.0060,,
1.9690,484,224.5,22.9,0.0060,,
1.9770,485,224.8,22.9,0.0055,,
1.9850,486,225.2,22.9,0.0060,,
1.9930,487,225.6,22.9,0.0060,,
2.0015,488,225.9,22.9,0.0065,,
2.0100,489,226.3,22.9,0.0060,,
2.0185,490,226.6,22.9,0.0060,,
2.0270,491,226.9,22.9,0.0060,,
2.0345,492,227.2,22.9,0.0060,,
2.0430,493,227.5,22.9,0.0065,,
2.0515,494,227.9,22.9,0.0065,,
2.0600,495,228.3,22.9,0.0060,,
2.0680,496,228.6,22.9,0.0055,,
2.0765,497,228.8,22.9,0.0060,,
2.0840,498,229.1,22.9,0.0060,,
2.0925,499,229.5,22.9,0.0065,,
2.1010,500,229.7,22.9,0.0065,,
2.1095,501,230.1,22.9,0.0060,,
2.1180,502,230.4,22.9,0.0060,,
2.1265,503,230.7,22.9,0.0060,,
2.1345,504,230.9,22.9,0.0060,,
2.1425,505,231.2,22.9,0.0060,,
2.1505,506,231.4,22.9,0.0060,,
2.1590,507,231.7,22.9,0.0060,,
2.1675,508,232.1,22.9,0.0060,,
2.1760,509,232.3,22.9,0.0060,,
2.1845,510,232.5,22.9,0.0065,,
2.1920,511,232.7,22.9,0.0060,,
2.2005,512,232.9,22.9,0.0065,,
2.2090,513,233.2,22.9,0.0065,,
2.2175,514,233.5,22.9,0.0060,,
2.2255,515,233.7,22.9,0.0055,,
2.2335,516,234.0,22.9,0.0055,,
2.2385,517,234.2,22.9,0.0040,,
2.2425,518,234.3,22.9,0.0030,,
2.2455,519,234.4,22.9,0.0025,,
2.2460,520,234.6,22.9,0.0005,,
2.2465,521,234.7,22.9,0.0005,,
2.2475,522,234.9,22.9,0.0005,,
2.2485,523,234.9,22.9,0.0010,,
2.2505,524,234.8,22.9,0.0015,,
2.2530,526,235.0,22.9,0.0015,,
Scope 1/1, Sample 9/10 (HI_166)
Result,TitrationEP1
V,t,E,T,dV/dt,E acc. stat.,Volume acc. stat.
0.0000,0,-65.9,22.9,NaN,,
0.0010,1,-65.9,22.9,0.0010,,
0.0025,2,-65.8,22.9,0.0015,,
0.0050,3,-65.9,22.9,0.0025,,
0.0085,4,-65.9,22.9,0.0035,,
0.0150,5,-65.7,22.9,0.0065,,
0.0230,6,-65.3,22.9,0.0075,,
0.0315,7,-64.8,22.9,0.0075,,
0.0400,8,-63.9,22.9,0.0075,,
0.0485,9,-62.9,22.9,0.0085,,
0.0560,10,-61.8,22.9,0.0075,,
0.0645,11,-60.6,22.9,0.0085,,
0.0730,12,-59.3,22.9,0.0075,,
0.0810,13,-57.9,22.9,0.0075,,
0.0895,14,-56.4,22.9,0.0075,,
0.0980,15,-55.2,22.9,0.0085,,
0.1055,16,-53.7,22.9,0.0075,,
0.1140,17,-52.0,22.9,0.0085,,
0.1225,18,-50.3,22.9,0.0075,,
0.1310,19,-48.4,22.9,0.0075,,
0.1395,20,-46.3,22.9,0.0075,,
0.1470,21,-44.4,22.9,0.0075,,
0.1555,22,-42.5,22.9,0.0085,,
0.1640,23,-40.1,22.9,0.0085,,
0.1725,24,-37.6,22.9,0.0075,,
0.1805,25,-34.9,22.9,0.0075,,
0.1890,26,-32.1,22.9,0.0075,,
0.1975,27,-29.5,22.9,0.0085,,
0.2050,28,-26.2,22.9,0.0075,,
0.2135,29,-22.9,22.9,0.0085,,
0.2220,30,-19.6,22.9,0.0075,,
0.2305,31,-16.3,22.9,0.0075,,
0.2390,32,-12.7,22.9,0.0075,,
0.2470,33,-9.8,22.9,0.0080,,
0.2550,34,-6.9,22.9,0.0080,,
0.2630,35,-4.2,22.9,0.0080,,
0.2715,36,-1.6,22.9,0.0075,,
0.2800,37,0.5,22.9,0.0075,,
0.2885,38,2.2,22.9,0.0075,,
0.2970,39,3.8,22.9,0.0085,,
0.3045,40,5.3,22.9,0.0075,,
0.3130,41,6.4,22.9,0.0085,,
0.3215,42,7.5,22.9,0.0075,,
0.3300,43,8.7,22.9,0.0075,,
0.3385,44,10.1,22.9,0.0075,,
0.3465,45,11.4,22.9,0.0080,,
0.3545,46,12.8,22.9,0.0080,,
0.3625,47,14.0,22.9,0.0080,,
0.3710,48,15.0,22.9,0.0075,,
0.3795,49,16.2,22.9,0.0075,,
0.3880,50,17.3,22.9,0.0075,,
0.3965,51,18.2,22.9,0.0085,,
0.4040,52,19.3,22.9,0.0075,,
0.4125,53,20.5,22.9,0.0085,,
0.4210,54,21.5,22.9,0.0075,,
0.4295,55,22.6,22.9,0.0075,,
0.4375,56,23.5,22.9,0.0075,,
0.4460,57,24.4,22.9,0.0085,,
0.4535,58,25.3,22.9,0.0075,,
0.4620,59,26.4,22.9,0.0085,,
0.4705,60,27.5,22.9,0.0075,,
0.4790,61,28.3,22.9,0.0075,,
0.4875,62,29.1,22.9,0.0075,,
0.4960,63,29.9,22.9,0.0085,,
0.5035,64,30.7,22.9,0.0075,,
0.5120,65,31.5,22.9,0.0085,,
0.5205,66,32.4,22.9,0.0075,,
0.5285,67,33.3,22.9,0.0075,,
0.5370,68,34.1,22.9,0.0075,,
0.5455,69,34.9,22.9,0.0075,,
0.5530,70,35.6,22.9,0.0075,,
0.5615,71,36.3,22.9,0.0085,,
0.5700,72,37.2,22.9,0.0075,,
0.5785,73,38.1,22.9,0.0075,,
0.5870,74,38.9,22.9,0.0075,,
0.5950,75,39.5,22.9,0.0075,,
0.6035,76,40.1,22.9,0.0085,,
0.6110,77,40.9,22.9,0.0075,,
0.6195,78,41.6,22.9,0.0085,,
0.6280,79,42.4,22.9,0.0075,,
0.6365,80,43.2,22.9,0.0075,,
0.6450,81,44.0,22.9,0.0075,,
0.6525,82,44.7,22.9,0.0075,,
0.6610,83,45.4,22.9,0.0085,,
0.6695,84,46.1,22.9,0.0085,,
0.6780,85,46.8,22.9,0.0075,,
0.6860,86,47.7,22.9,0.0075,,
0.6945,87,48.3,22.9,0.0075,,
0.7020,88,49.0,22.9,0.0075,,
0.7105,89,49.6,22.9,0.0085,,
0.7190,90,50.4,22.9,0.0085,,
0.7275,91,51.4,22.9,0.0075,,
0.7360,92,52.0,22.9,0.0075,,
0.7445,93,52.6,22.9,0.0075,,
0.7520,94,53.2,22.9,0.0075,,
0.7605,95,53.8,22.9,0.0085,,
0.7690,96,54.6,22.9,0.0085,,
0.7775,97,55.4,22.9,0.0075,,
0.7855,98,55.9,22.9,0.0075,,
0.7940,99,56.6,22.9,0.0075,,
0.8015,100,57.1,22.9,0.0075,,
0.8100,101,57.9,22.9,0.0085,,
0.8185,102,58.7,22.9,0.0085,,
0.8270,103,59.4,22.9,0.0075,,
0.8355,104,60.2,22.9,0.0075,,
0.8440,105,60.9,22.9,0.0075,,
0.8520,106,61.6,22.9,0.0080,,
0.8600,107,62.5,22.9,0.0080,,
0.8680,108,63.1,22.9,0.0080,,
0.8765,109,63.9,22.9,0.0075,,
0.8850,110,64.6,22.9,0.0075,,
0.8935,111,65.1,22.9,0.0075,,
0.9020,112,66.0,22.9,0.0075,,
0.9095,113,66.7,22.9,0.0075,,
0.9180,114,67.4,22.9,0.0085,,
0.9265,115,68.2,22.9,0.0075,,
0.9350,116,69.1,22.9,0.0075,,
0.9430,117,69.8,22.9,0.0075,,
0.9515,118,70.6,22.9,0.0075,,
0.9590,119,71.3,22.9,0.0075,,
0.9675,120,72.0,22.9,0.0085,,
0.9760,121,73.0,22.9,0.0075,,
0.9845,122,73.9,22.9,0.0075,,
0.9930,123,74.6,22.9,0.0075,,
1.0015,124,75.5,22.9,0.0075,,
1.0090,125,76.4,22.9,0.0075,,
1.0175,126,77.0,22.9,0.0085,,
1.0255,127,77.9,22.9,0.0080,,
1.0340,128,78.8,22.9,0.0075,,
1.0425,129,79.8,22.9,0.0075,,
1.0510,130,80.7,22.9,0.0075,,
1.0585,131,81.4,22.9,0.0075,,
1.0670,132,82.6,22.9,0.0085,,
1.0755,133,83.5,22.9,0.0085,,
1.0840,134,84.5,22.9,0.0075,,
1.0925,135,85.5,22.9,0.0075,,
1.1010,136,86.3,22.9,0.0075,,
1.1085,137,87.3,22.9,0.0075,,
1.1170,138,88.3,22.9,0.0085,,
1.1250,139,89.6,22.9,0.0080,,
1.1335,140,90.9,22.9,0.0075,,
1.1420,141,92.1,22.9,0.0075,,
1.1505,142,93.6,22.9,0.0075,,
1.1580,143,94.6,22.9,0.0075,,
1.1665,144,96.0,22.9,0.0085,,
1.1750,145,96.6,22.9,0.0085,,
1.1835,146,98.1,22.9,0.0075,,
1.1915,147,99.2,22.9,0.0075,,
1.2000,148,100.5,22.9,0.0075,,
1.2075,149,102.6,22.9,0.0075,,
1.2160,150,104.7,22.9,0.0085,,
1.2245,151,105.7,22.9,0.0085,,
1.2330,152,107.2,22.9,0.0075,,
1.2415,153,109.1,22.9,0.0075,,
1.2500,154,110.9,22.9,0.0075,,
1.2575,155,113.0,22.9,0.0075,,
1.2660,156,114.7,22.9,0.0085,,
1.2745,157,117.0,22.9,0.0085,,
1.2825,158,119.6,22.9,0.0075,,
1.2910,159,121.7,22.9,0.0075,,
1.2995,160,124.5,22.9,0.0075,,
1.3070,161,127.2,22.9,0.0075,,
1.3155,162,129.9,22.9,0.0085,,
1.3240,163,133.0,22.9,0.0085,,
1.3325,164,136.4,22.9,0.0075,,
1.3410,165,140.0,22.9,0.0075,,
1.3495,166,143.1,22.9,0.0075,,
1.3570,167,146.9,22.9,0.0075,,
1.3655,168,149.8,22.9,0.0085,,
1.3740,169,154.1,22.9,0.0085,,
1.3820,170,157.3,22.9,0.0075,,
1.3905,171,160.3,22.9,0.0075,,
1.3990,172,163.6,22.9,0.0075,,
1.4065,173,166.5,22.9,0.0075,,
1.4150,174,169.1,22.9,0.0085,,
1.4235,175,171.6,22.9,0.0085,,
1.4320,176,174.1,22.9,0.0075,,
1.4405,177,176.4,22.9,0.0075,,
1.4490,178,178.6,22.9,0.0075,,
1.4565,179,180.6,22.9,0.0075,,
1.4650,180,182.3,22.9,0.0085,,
1.4730,181,183.9,22.9,0.0080,,
1.4820,182,185.0,22.9,0.0075,,
1.4820,422,188.6,23.0,0.0000,,
1.4825,423,188.6,22.9,0.0005,,
1.4840,424,188.7,23.0,0.0010,,
1.4865,425,188.6,23.0,0.0020,,
1.4905,426,188.7,23.0,0.0030,,
1.4965,427,188.9,23.0,0.0045,,
1.5050,428,189.6,22.9,0.0065,,
1.5125,429,190.7,23.0,0.0060,,
1.5210,430,191.9,23.0,0.0070,,
1.5295,431,193.2,23.0,0.0070,,
1.5380,432,194.5,23.0,0.0065,,
1.5460,433,195.4,23.0,0.0060,,
1.5545,434,196.8,22.9,0.0065,,
1.5620,435,197.8,23.0,0.0060,,
1.5705,436,198.6,23.0,0.0070,,
1.5790,437,199.6,23.0,0.0070,,
1.5875,438,200.6,23.0,0.0065,,
1.5960,439,201.4,23.0,0.0065,,
1.6045,440,202.3,23.0,0.0065,,
1.6125,441,203.0,23.0,0.0065,,
1.6205,442,203.8,23.0,0.0065,,
1.6290,443,204.7,23.0,0.0070,,
1.6370,444,205.4,23.0,0.0060,,
1.6455,445,206.1,23.0,0.0065,,
1.6540,446,206.8,23.0,0.0065,,
1.6625,447,207.6,23.0,0.0065,,
1.6700,448,208.4,23.0,0.0060,,
1.6785,449,209.0,23.0,0.0070,,
1.6870,450,209.6,23.0,0.0065,,
1.6955,451,210.1,23.0,0.0065,,
1.7035,452,210.9,23.0,0.0060,,
1.7120,453,211.6,23.0,0.0065,,
1.7195,454,212.2,23.0,0.0060,,
1.7280,455,212.6,23.0,0.0070,,
1.7365,456,213.3,23.0,0.0070,,
1.7450,457,213.7,23.0,0.0065,,
1.7535,458,214.3,23.0,0.0065,,
1.7620,459,214.9,23.0,0.0065,,
1.7695,460,215.3,23.0,0.0060,,
1.7780,461,215.8,23.0,0.0070,,
1.7865,462,216.3,23.0,0.0070,,
1.7945,463,216.7,23.0,0.0060,,
1.8030,464,217.4,23.0,0.0065,,
1.8115,465,217.8,23.0,0.0065,,
1.8190,466,218.2,23.0,0.0065,,
1.8275,467,218.7,23.0,0.0070,,
1.8360,468,219.1,23.0,0.0070,,
1.8445,469,219.5,23.0,0.0065,,
1.8530,470,219.9,23.0,0.0065,,
1.8610,471,220.5,23.0,0.0060,,
1.8695,472,220.9,23.0,0.0070,,
1.8770,473,221.4,23.0,0.0060,,
1.8855,474,221.8,23.0,0.0070,,
1.8940,475,222.2,23.0,0.0070,,
1.9025,476,222.5,23.0,0.0065,,
1.9110,477,223.0,23.0,0.0065,,
1.9195,478,223.3,23.0,0.0070,,
1.9270,479,223.7,23.0,0.0060,,
1.9355,480,224.1,23.0,0.0070,,
1.9440,481,224.5,23.0,0.0065,,
1.9520,482,224.9,23.0,0.0060,,
1.9605,483,225.1,23.0,0.0065,,
1.9690,484,225.5,23.0,0.0065,,
1.9765,485,225.7,23.0,0.0060,,
1.9850,486,226.1,23.0,0.0070,,
1.9935,487,226.5,23.0,0.0065,,
2.0020,488,226.8,23.0,0.0065,,
2.0105,489,227.2,23.0,0.0065,,
2.0190,490,227.4,23.0,0.0070,,
2.0265,491,227.7,23.0,0.0060,,
2.0350,492,228.0,23.0,0.0070,,
2.0430,493,228.3,23.0,0.0060,,
2.0515,494,228.6,23.0,0.0065,,
2.0600,495,228.9,23.0,0.0065,,
2.0685,496,229.2,23.0,0.0065,,
2.0760,497,229.4,23.0,0.0060,,
2.0845,498,229.9,23.0,0.0070,,
2.0930,499,230.1,23.0,0.0070,,
2.1015,500,230.4,23.0,0.0065,,
2.1100,501,230.7,23.0,0.0065,,
2.1180,502,231.0,23.0,0.0060,,
2.1260,503,231.3,23.0,0.0065,,
2.1340,504,231.6,23.0,0.0065,,
2.1425,505,231.8,23.0,0.0070,,
2.1510,506,232.0,23.0,0.0065,,
2.1595,507,232.4,23.0,0.0065,,
2.1680,508,232.7,23.0,0.0065,,
2.1755,509,233.0,23.0,0.0060,,
2.1840,510,233.2,23.0,0.0070,,
2.1925,511,233.4,23.0,0.0070,,
2.2005,512,233.7,23.0,0.0060,,
2.2090,513,233.9,23.0,0.0065,,
2.2160,514,234.2,23.0,0.0055,,
2.2170,515,234.4,23.0,0.0010,,
2.2180,516,234.6,23.0,0.0010,,
2.2185,517,234.6,23.0,0.0005,,
2.2195,518,234.6,23.0,0.0010,,
2.2210,519,234.6,23.0,0.0010,,
2.2230,520,234.6,23.0,0.0015,,
2.2260,521,234.6,23.0,0.0025,,
2.2305,522,234.7,23.0,0.0035,,
2.2340,523,234.8,23.0,0.0030,,
2.2375,524,235.0,23.0,0.0025,,
Scope 1/1, Sample 10/10 (HI_167)
Result,TitrationEP1
V,t,E,T,dV/dt,E acc. stat.,Volume acc. stat.
0.0000,0,-62.2,23.0,NaN,,
0.0010,1,-62.2,22.9,0.0010,,
0.0025,2,-62.3,22.9,0.0015,,
0.0050,3,-62.2,22.9,0.0025,,
0.0090,4,-62.2,22.9,0.0035,,
0.0150,5,-62.1,23.0,0.0055,,
0.0235,6,-61.6,23.0,0.0075,,
0.0320,7,-60.8,23.0,0.0075,,
0.0405,8,-60.0,22.9,0.0075,,
0.0490,9,-58.7,22.9,0.0075,,
0.0565,10,-57.8,23.0,0.0070,,
0.0650,11,-56.6,23.0,0.0075,,
0.0730,12,-55.2,23.0,0.0075,,
0.0815,13,-53.8,22.9,0.0075,,
0.0900,14,-52.3,23.0,0.0075,,
0.0985,15,-50.7,23.0,0.0075,,
0.1060,16,-49.2,23.0,0.0070,,
0.1145,17,-47.5,23.0,0.0075,,
0.1230,18,-45.5,23.0,0.0075,,
0.1315,19,-43.5,23.0,0.0075,,
0.1400,20,-41.2,23.0,0.0075,,
0.1480,21,-39.2,23.0,0.0075,,
0.1565,22,-37.1,23.0,0.0075,,
0.1640,23,-34.7,23.0,0.0070,,
0.1725,24,-31.8,23.0,0.0075,,
0.1810,25,-28.7,23.0,0.0075,,
0.1895,26,-25.5,23.0,0.0075,,
0.1980,27,-22.5,23.0,0.0075,,
0.2065,28,-19.7,23.0,0.0075,,
0.2140,29,-16.5,23.0,0.0070,,
0.2225,30,-13.0,23.0,0.0075,,
0.2310,31,-9.9,23.0,0.0075,,
0.2390,32,-7.2,23.0,0.0075,,
0.2475,33,-4.1,23.0,0.0075,,
0.2560,34,-1.5,23.0,0.0075,,
0.2635,35,0.2,23.0,0.0070,,
0.2720,36,1.9,23.0,0.0075,,
0.2805,37,3.4,23.0,0.0075,,
0.2890,38,5.2,23.0,0.0075,,
0.2975,39,6.4,23.0,0.0075,,
0.3060,40,7.5,23.0,0.0075,,
0.3135,41,9.0,23.0,0.0070,,
0.3220,42,10.3,23.0,0.0075,,
0.3305,43,11.4,23.0,0.0075,,
0.3385,44,12.6,23.0,0.0075,,
0.3470,45,13.6,23.0,0.0075,,
0.3545,46,14.9,23.0,0.0070,,
0.3630,47,16.0,23.0,0.0075,,
0.3715,48,17.0,23.0,0.0075,,
0.3800,49,18.1,23.0,0.0075,,
0.3885,50,19.0,23.0,0.0075,,
0.3970,51,19.9,23.0,0.0075,,
0.4045,52,20.7,23.0,0.0070,,
0.4130,53,21.7,23.0,0.0075,,
0.4215,54,22.6,23.0,0.0075,,
0.4295,55,23.6,23.0,0.0075,,
0.4380,56,24.7,23.0,0.0075,,
0.4465,57,25.6,23.0,0.0075,,
0.4550,58,26.5,23.0,0.0075,,
0.4625,59,27.5,23.0,0.0070,,
0.4710,60,28.1,23.0,0.0075,,
0.4795,61,29.1,23.0,0.0075,,
0.4880,62,30.0,23.0,0.0075,,
0.4965,63,30.8,23.0,0.0075,,
0.5045,64,31.7,23.0,0.0075,,
0.5125,65,32.5,23.0,0.0075,,
0.5205,66,33.3,23.0,0.0075,,
0.5290,67,34.0,23.0,0.0075,,
0.5375,68,34.8,23.0,0.0075,,
0.5460,69,35.5,23.0,0.0075,,
0.5545,70,36.2,23.0,0.0075,,
0.5620,71,37.0,23.0,0.0070,,
0.5705,72,37.9,23.0,0.0075,,
0.5790,73,38.9,23.0,0.0075,,
0.5875,74,39.5,23.0,0.0075,,
0.5955,75,40.2,23.0,0.0075,,
0.6040,76,40.8,23.0,0.0075,,
0.6115,77,41.4,23.0,0.0070,,
0.6200,78,42.3,23.0,0.0075,,
0.6285,79,43.0,23.0,0.0075,,
0.6370,80,43.7,23.0,0.0075,,
0.6455,81,44.4,23.0,0.0075,,
0.6540,82,45.1,23.0,0.0075,,
0.6615,83,45.8,23.0,0.0070,,
0.6700,84,46.5,23.0,0.0075,,
0.6785,85,47.2,23.0,0.0075,,
0.6865,86,47.9,23.0,0.0075,,
0.6950,87,48.9,23.0,0.0075,,
0.7035,88,49.6,23.0,0.0075,,
0.7110,89,50.1,23.0,0.0070,,
0.7195,90,50.8,23.0,0.0075,,
0.7280,91,51.4,23.0,0.0075,,
0.7365,92,52.0,23.0,0.0075,,
0.7450,93,52.7,23.0,0.0070,,
0.7535,94,53.4,23.0,0.0075,,
0.7610,95,54.1,23.0,0.0070,,
0.7695,96,54.9,23.0,0.0075,,
0.7780,97,55.6,23.0,0.0075,,
0.7860,98,56.2,23.0,0.0075,,
0.7945,99,56.9,23.0,0.0075,,
0.8030,100,57.5,23.0,0.0075,,
0.8105,101,58.2,23.0,0.0070,,
0.8190,102,58.8,23.0,0.0075,,
0.8275,103,59.8,23.0,0.0075,,
0.8360,104,60.6,23.0,0.0075,,
0.8445,105,61.2,23.0,0.0075,,
0.8520,106,61.9,23.0,0.0070,,
0.8605,107,62.6,23.0,0.0075,,
0.8690,108,63.2,23.0,0.0075,,
0.8770,109,63.9,23.0,0.0075,,
0.8855,110,64.7,23.0,0.0075,,
0.8940,111,65.4,23.0,0.0075,,
0.9025,112,66.0,23.0,0.0075,,
0.9100,113,66.6,23.0,0.0070,,
0.9185,114,67.3,23.0,0.0075,,
0.9270,115,68.0,23.0,0.0075,,
0.9355,116,68.8,23.0,0.0075,,
0.9435,117,69.8,23.0,0.0075,,
0.9520,118,70.6,23.0,0.0070,,
0.9595,119,71.5,23.0,0.0070,,
0.9680,120,72.2,23.0,0.0075,,
0.9765,121,72.8,23.0,0.0075,,
0.9850,122,73.4,23.0,0.0075,,
0.9935,123,74.1,23.0,0.0075,,
1.0020,124,75.0,23.0,0.0070,,
1.0095,125,75.8,23.0,0.0070,,
1.0180,126,76.8,23.0,0.0075,,
1.0265,127,77.6,23.0,0.0075,,
1.0345,128,78.3,23.0,0.0075,,
1.0430,129,79.2,23.0,0.0075,,
1.0515,130,80.6,23.0,0.0075,,
1.0590,131,81.5,23.0,0.0070,,
1.0675,132,82.1,23.0,0.0075,,
1.0760,133,82.9,23.0,0.0075,,
1.0845,134,83.8,23.0,0.0075,,
1.0930,135,84.8,23.0,0.0075,,
1.1010,136,85.9,23.0,0.0075,,
1.1095,137,86.9,23.0,0.0075,,
1.1170,138,87.9,23.0,0.0070,,
1.1255,139,88.6,23.0,0.0075,,
1.1340,140,89.7,23.0,0.0075,,
1.1425,141,90.6,23.0,0.0075,,
1.1510,142,91.7,23.0,0.0075,,
1.1595,143,92.9,23.0,0.0075,,
1.1670,144,94.2,23.0,0.0070,,
1.1755,145,95.5,23.0,0.0075,,
1.1840,146,96.9,23.0,0.0075,,
1.1920,147,97.9,23.0,0.0075,,
1.2005,148,99.0,23.0,0.0075,,
1.2090,149,100.3,23.0,0.0075,,
1.2165,150,102.6,23.0,0.0070,,
1.2250,151,103.6,23.0,0.0075,,
1.2335,152,104.8,23.0,0.0075,,
1.2420,153,106.4,23.0,0.0075,,
1.2505,154,108.1,23.0,0.0075,,
1.2590,155,109.7,23.0,0.0075,,
1.2665,156,111.7,23.0,0.0070,,
1.2750,157,113.4,23.0,0.0075,,
1.2835,158,115.6,23.0,0.0075,,
1.2915,159,118.5,23.0,0.0075,,
1.3000,160,120.5,23.0,0.0075,,
1.3085,161,122.7,23.0,0.0075,,
1.3160,162,125.3,23.0,0.0070,,
1.3245,163,127.8,23.0,0.0075,,
1.3330,164,131.0,23.0,0.0075,,
1.3415,165,133.1,23.0,0.0075,,
1.3500,166,136.2,23.0,0.0075,,
1.3580,167,139.9,23.0,0.0075,,
1.3660,168,143.1,23.0,0.0075,,
1.3740,169,147.1,23.0,0.0075,,
1.3825,170,150.2,23.0,0.0075,,
1.3910,171,153.4,23.0,0.0075,,
1.3995,172,157.9,23.0,0.0075,,
1.4080,173,161.0,23.0,0.0070,,
1.4155,174,163.5,23.0,0.0070,,
1.4240,175,166.2,23.0,0.0075,,
1.4325,176,169.4,23.0,0.0075,,
1.4410,177,171.0,23.0,0.0075,,
1.4490,178,173.2,23.0,0.0075,,
1.4575,179,175.5,23.0,0.0075,,
1.4655,180,177.7,23.0,0.0075,,
1.4735,181,179.6,23.0,0.0075,,
1.4820,182,181.2,23.0,0.0075,,
1.4905,183,183.1,23.0,0.0075,,
1.4990,184,184.9,23.0,0.0075,,
1.5020,185,185.2,23.0,0.0050,,
1.5020,425,188.5,23.0,0.0000,,
1.5025,426,188.6,23.0,0.0010,,
1.5040,427,188.6,23.0,0.0025,,
1.5065,428,188.7,23.0,0.0035,,
1.5110,429,188.8,23.0,0.0065,,
1.5170,430,189.1,23.0,0.0085,,
1.5255,431,189.8,23.0,0.0140,,
1.5330,432,191.1,23.0,0.0125,,
1.5415,433,192.4,23.0,0.0140,,
1.5500,434,193.2,23.0,0.0120,,
1.5585,435,194.3,23.0,0.0120,,
1.5670,436,195.6,23.0,0.0120,,
1.5745,437,196.6,23.0,0.0125,,
1.5830,438,197.6,23.0,0.0140,,
1.5915,439,198.6,23.0,0.0140,,
1.6000,440,199.6,23.0,0.0120,,
1.6080,441,200.4,23.0,0.0115,,
1.6165,442,201.2,23.0,0.0140,,
1.6245,443,202.1,23.0,0.0135,,
1.6325,444,202.9,23.0,0.0135,,
1.6410,445,203.6,23.0,0.0120,,
1.6495,446,204.6,23.0,0.0120,,
1.6580,447,205.5,23.0,0.0120,,
1.6655,448,206.1,23.0,0.0125,,
1.6740,449,206.9,23.0,0.0140,,
1.6825,450,207.6,23.0,0.0140,,
1.6910,451,208.2,23.0,0.0120,,
1.6995,452,208.9,23.0,0.0120,,
1.7080,453,209.6,23.0,0.0120,,
1.7155,454,210.2,23.0,0.0125,,
1.7240,455,210.7,23.0,0.0140,,
1.7320,456,211.3,23.0,0.0115,,
1.7405,457,212.1,23.0,0.0120,,
1.7490,458,212.6,23.0,0.0120,,
1.7575,459,213.1,23.0,0.0140,,
1.7650,460,213.8,23.0,0.0125,,
1.7735,461,214.4,23.0,0.0140,,
1.7820,462,214.8,23.0,0.0120,,
1.7905,463,215.4,23.0,0.0120,,
1.7990,464,215.8,23.0,0.0120,,
1.8065,465,216.2,23.0,0.0125,,
1.8150,466,216.7,23.0,0.0140,,
1.8235,467,217.3,23.0,0.0120,,
1.8320,468,217.8,23.0,0.0120,,
1.8405,469,218.2,23.0,0.0120,,
1.8485,470,218.6,23.0,0.0135,,
1.8565,471,219.2,23.0,0.0135,,
1.8645,472,219.6,23.0,0.0135,,
1.8730,473,220.1,23.0,0.0120,,
1.8815,474,220.4,23.0,0.0120,,
1.8900,475,220.7,23.0,0.0120,,
1.8975,476,221.0,23.0,0.0125,,
1.9060,477,221.5,23.0,0.0140,,
1.9145,478,222.0,23.0,0.0120,,
1.9230,479,222.6,23.0,0.0120,,
1.9315,480,222.9,23.0,0.0120,,
1.9390,481,223.2,23.0,0.0125,,
1.9475,482,223.5,23.0,0.0140,,
1.9560,483,223.9,23.0,0.0140,,
1.9645,484,224.2,23.0,0.0120,,
1.9730,485,224.6,23.0,0.0120,,
1.9810,486,225.0,23.0,0.0115,,
1.9890,487,225.3,23.0,0.0135,,
1.9975,488,225.8,23.0,0.0140,,
2.0055,489,226.1,23.0,0.0115,,
2.0140,490,226.4,23.0,0.0120,,
2.0225,491,226.7,23.0,0.0120,,
2.0310,492,227.0,23.0,0.0140,,
2.0385,493,227.4,23.0,0.0125,,
2.0470,494,227.6,23.0,0.0140,,
2.0555,495,228.0,23.0,0.0120,,
2.0640,496,228.3,23.0,0.0120,,
2.0725,497,228.6,23.0,0.0120,,
2.0800,498,229.0,23.0,0.0125,,
2.0885,499,229.3,23.0,0.0140,,
2.0970,500,229.5,23.0,0.0140,,
2.1050,501,229.9,23.0,0.0115,,
2.1135,502,230.1,23.0,0.0120,,
2.1220,503,230.5,23.0,0.0120,,
2.1295,504,230.7,23.0,0.0125,,
2.1380,505,231.0,23.0,0.0140,,
2.1465,506,231.2,23.0,0.0120,,
2.1550,507,231.4,23.0,0.0120,,
2.1635,508,231.7,23.0,0.0120,,
2.1720,509,231.9,23.0,0.0140,,
2.1795,510,232.2,23.0,0.0125,,
2.1880,511,232.6,23.0,0.0140,,
2.1965,512,232.9,23.0,0.0120,,
2.2050,513,233.2,23.0,0.0120,,
2.2130,514,233.4,23.0,0.0115,,
2.2210,515,233.7,23.0,0.0135,,
2.2290,516,233.9,23.0,0.0135,,
2.2375,517,234.1,23.0,0.0140,,
2.2445,518,234.2,23.0,0.0100,,
2.2470,519,234.5,23.0,0.0035,,
2.2480,520,234.6,23.0,0.0015,,
2.2485,521,234.8,23.0,0.0010,,
2.2490,522,234.9,23.0,0.0010,,
2.2510,523,234.9,23.0,0.0030,,
2.2540,524,234.9,23.0,0.0045,,
2.2580,525,234.9,23.0,0.0055,,
2.2625,526,235.1,23.0,0.0090,,
