Table of Measured Values,,,,,,
Task,T984,,,,,
Scope 1/1, Sample 1/6 (--),,,,,
Result,TitrationEP1,,,,,
V,t,E,T,dV/dt,E acc. stat.,Volume acc. stat.
0,0,-79.1,23.3,NaN,,
0.001,1,-79.1,23.3,0.001,,
0.0025,2,-79.2,23.3,0.0015,,
0.005,3,-79.1,23.3,0.0025,,
0.0085,4,-79.1,23.3,0.003,,
0.015,5,-79.1,23.3,0.006,,
0.023,6,-79,23.3,0.0075,,
0.0315,7,-78.9,23.3,0.0075,,
0.04,8,-78.6,23.3,0.0075,,
0.0485,9,-78.4,23.3,0.0085,,
0.056,10,-78,23.3,0.007,,
0.0645,11,-77.5,23.3,0.0075,,
0.073,12,-77.1,23.3,0.0075,,
0.081,13,-76.3,23.3,0.0075,,
0.0895,14,-75.7,23.3,0.0075,,
0.098,15,-75,23.3,0.0085,,
0.1055,16,-74.2,23.3,0.007,,
0.114,17,-73.4,23.3,0.0075,,
0.1225,18,-72.5,23.3,0.0075,,
0.131,19,-71.5,23.3,0.0075,,
0.1395,20,-70.5,23.3,0.0075,,
0.148,21,-69.5,23.3,0.0085,,
0.1555,22,-68.3,23.3,0.007,,
0.164,23,-67.1,23.3,0.0075,,
0.172,24,-65.9,23.3,0.0075,,
0.1805,25,-64.5,23.3,0.0075,,
0.189,26,-63.1,23.3,0.0075,,
0.1975,27,-61.8,23.3,0.0075,,
0.205,28,-60.5,23.3,0.007,,
0.2135,29,-58.9,23.3,0.0075,,
0.222,30,-57.3,23.3,0.0075,,
0.2305,31,-55.7,23.3,0.0075,,
0.2385,32,-54.1,23.3,0.0075,,
0.247,33,-52.5,23.3,0.0075,,
0.2545,34,-51,23.3,0.007,,
0.263,35,-49.4,23.3,0.0075,,
0.2715,36,-47.7,23.3,0.0075,,
0.28,37,-46.2,23.3,0.0075,,
0.2885,38,-44.8,23.3,0.0075,,
0.297,39,-43.3,23.3,0.0075,,
0.3045,40,-42,23.3,0.007,,
0.313,41,-40.6,23.3,0.0075,,
0.3215,42,-39.3,23.3,0.0075,,
0.33,43,-38,23.3,0.0075,,
0.338,44,-36.7,23.3,0.0075,,
0.3465,45,-35.6,23.3,0.0075,,
0.354,46,-34.5,23.3,0.007,,
0.3625,47,-33.3,23.3,0.0075,,
0.371,48,-32.2,23.3,0.0075,,
0.3795,49,-31.1,23.3,0.0075,,
0.388,50,-30,23.3,0.0075,,
0.3965,51,-29,23.3,0.0075,,
0.404,52,-28,23.3,0.007,,
0.4125,53,-27,23.3,0.0075,,
0.421,54,-26,23.3,0.0075,,
0.429,55,-25,23.3,0.0075,,
0.4375,56,-24.1,23.3,0.0075,,
0.446,57,-23.2,23.3,0.0085,,
0.4535,58,-22.2,23.3,0.007,,
0.462,59,-21.3,23.3,0.0075,,
0.4705,60,-20.4,23.3,0.0075,,
0.479,61,-19.5,23.3,0.0075,,
0.4875,62,-18.5,23.3,0.0075,,
0.496,63,-17.7,23.3,0.0075,,
0.5035,64,-16.8,23.3,0.007,,
0.512,65,-15.9,23.3,0.0075,,
0.52,66,-15.1,23.3,0.0075,,
0.5285,67,-14.2,23.3,0.0075,,
0.537,68,-13.4,23.3,0.0075,,
0.5455,69,-12.6,23.3,0.0075,,
0.553,70,-11.8,23.3,0.007,,
0.5615,71,-10.9,23.3,0.0075,,
0.57,72,-10.1,23.3,0.0075,,
0.5785,73,-9.3,23.3,0.0075,,
0.587,74,-8.5,23.3,0.0075,,
0.595,75,-7.7,23.3,0.0075,,
0.6025,76,-7,23.3,0.0075,,
0.611,77,-6.3,23.3,0.0075,,
0.6195,78,-5.4,23.3,0.0075,,
0.628,79,-4.5,23.3,0.0075,,
0.6365,80,-3.6,23.3,0.0075,,
0.645,81,-2.7,23.3,0.0075,,
0.6525,82,-1.9,23.3,0.0075,,
0.661,83,-0.9,23.3,0.0075,,
0.6695,84,0,23.3,0.0075,,
0.6775,85,0.3,23.3,0.0075,,
0.686,86,0.8,23.3,0.0075,,
0.6945,87,1.6,23.3,0.0075,,
0.702,88,2.6,23.3,0.0075,,
0.7105,89,3.7,23.3,0.0075,,
0.719,90,4.1,23.3,0.0075,,
0.7275,91,4.9,23.3,0.0075,,
0.736,92,5.6,23.3,0.0075,,
0.7445,93,6.3,23.3,0.0075,,
0.7525,94,6.9,23.3,0.008,,
0.7605,95,7.6,23.3,0.0075,,
0.7685,96,8.5,23.3,0.0075,,
0.777,97,9.5,23.3,0.0075,,
0.7855,98,10.5,23.3,0.0075,,
0.794,99,11.5,23.3,0.0075,,
0.8015,100,12.2,23.3,0.0075,,
0.81,101,13.2,23.3,0.0075,,
0.8185,102,14,23.3,0.0075,,
0.827,103,14.9,23.3,0.0075,,
0.8355,104,15.8,23.3,0.0075,,
0.8435,105,16.6,23.3,0.0075,,
0.8515,106,17.5,23.3,0.008,,
0.8595,107,18.3,23.3,0.0075,,
0.868,108,19.2,23.3,0.0075,,
0.8765,109,20.1,23.3,0.0075,,
0.885,110,21,23.3,0.0075,,
0.8935,111,21.9,23.3,0.0075,,
0.901,112,22.7,23.3,0.0075,,
0.9095,113,23.6,23.3,0.0075,,
0.918,114,24.6,23.3,0.0075,,
0.9265,115,25.6,23.3,0.0075,,
0.935,116,26.6,23.3,0.0075,,
0.943,117,27.6,23.3,0.0075,,
0.951,118,28.5,23.3,0.0075,,
0.959,119,29.6,23.3,0.0075,,
0.9675,120,30.6,23.3,0.0075,,
0.976,121,31.6,23.3,0.0075,,
0.9845,122,32.7,23.3,0.0075,,
0.993,123,33.8,23.3,0.0075,,
1.0005,124,34.7,23.3,0.0075,,
1.009,125,35.8,23.3,0.0075,,
1.0175,126,37,23.3,0.0075,,
1.0255,127,38.1,23.3,0.0075,,
1.034,128,39.3,23.3,0.0075,,
1.0425,129,40.5,23.3,0.0075,,
1.051,130,41.5,23.3,0.0085,,
1.0585,131,42.8,23.3,0.007,,
1.067,132,44,23.3,0.0075,,
1.0755,133,45.3,23.3,0.0075,,
1.084,134,46.6,23.3,0.0075,,
1.0925,135,47.9,23.3,0.0075,,
1.1,136,49.1,23.3,0.0075,,
1.1085,137,50.4,23.3,0.0075,,
1.1165,138,51.9,23.3,0.0075,,
1.125,139,53.3,23.3,0.0075,,
1.1335,140,54.8,23.3,0.0075,,
1.142,141,56.3,23.3,0.0075,,
1.1495,142,57.6,23.3,0.0075,,
1.158,143,59.2,23.3,0.0075,,
1.1665,144,60.8,23.3,0.0075,,
1.175,145,62.5,23.3,0.0075,,
1.1835,146,64.3,23.4,0.0075,,
1.1915,147,66.2,23.3,0.0075,,
1.2,148,67.9,23.3,0.0085,,
1.2075,149,69.9,23.4,0.007,,
1.216,150,71.9,23.3,0.0075,,
1.2245,151,74.1,23.3,0.0075,,
1.233,152,76.3,23.3,0.0075,,
1.2415,153,78.7,23.4,0.0075,,
1.25,154,81.2,23.4,0.0075,,
1.2575,155,83.7,23.4,0.007,,
1.266,156,86.6,23.4,0.0075,,
1.274,157,89.7,23.4,0.0075,,
1.2825,158,93.2,23.4,0.0075,,
1.291,159,96.9,23.4,0.0075,,
1.2995,160,101,23.4,0.0075,,
1.307,161,105.1,23.4,0.007,,
1.3155,162,110,23.4,0.0075,,
1.324,163,115.2,23.4,0.0075,,
1.3325,164,120.4,23.4,0.0075,,
1.341,165,126.1,23.4,0.0075,,
1.349,166,131.8,23.4,0.0075,,
1.357,167,137,23.4,0.008,,
1.365,168,142.6,23.4,0.0075,,
1.3735,169,147.8,23.4,0.0075,,
1.382,170,152.7,23.4,0.0075,,
1.3905,171,157.1,23.4,0.0075,,
1.399,172,160.7,23.4,0.0075,,
1.4065,173,163.6,23.4,0.007,,
1.415,174,166.9,23.4,0.0075,,
1.4235,175,169.7,23.4,0.0075,,
1.432,176,172.2,23.4,0.0075,,
1.44,177,174.5,23.4,0.0075,,
1.4485,178,176.2,23.4,0.0075,,
1.4565,179,177.7,23.4,0.0075,,
1.4645,180,179.6,23.4,0.0075,,
1.473,181,181,23.4,0.0075,,
1.4815,182,182.6,23.4,0.0075,,
1.49,183,183.9,23.4,0.0075,,
1.4995,184,185,23.4,0.0075,,
1.4995,424,187.7,23.5,0,,
1.5,425,187.7,23.5,0.0005,,
1.5015,426,187.7,23.5,0.001,,
1.504,428,187.7,23.5,0.0015,,
1.508,428,187.9,23.5,0.008,,
1.514,430,188.2,23.5,0.004,,
1.5225,430,188.7,23.5,0.021,,
1.53,431,189.6,23.5,0.0055,,
1.5385,432,190.6,23.5,0.006,,
1.547,434,191.4,23.5,0.0055,,
1.5555,434,192.3,23.5,0.017,,
1.564,436,193.2,23.5,0.0055,,
1.572,436,194.1,23.5,0.02,,
1.58,437,194.8,23.5,0.0055,,
1.588,438,195.6,23.5,0.0055,,
1.5965,440,196.4,23.5,0.0055,,
1.605,440,197.3,23.5,0.017,,
1.6135,442,198,23.5,0.0055,,
1.622,442,198.6,23.5,0.021,,
1.6295,443,199.2,23.5,0.0055,,
1.638,444,200,23.5,0.006,,
1.6465,446,200.7,23.5,0.0055,,
1.655,446,201.4,23.5,0.017,,
1.663,448,202,23.5,0.0055,,
1.671,448,202.5,23.5,0.02,,
1.679,449,203.2,23.5,0.0055,,
1.6875,450,203.8,23.5,0.006,,
1.696,452,204.3,23.5,0.0055,,
1.7045,452,204.8,23.5,0.017,,
1.713,454,205.5,23.5,0.0055,,
1.7215,454,205.9,23.5,0.021,,
1.729,455,206.4,23.5,0.0055,,
1.7375,456,207,23.5,0.006,,
1.746,458,207.4,23.5,0.0055,,
1.754,458,208,23.5,0.016,,
1.7625,460,208.4,23.5,0.0055,,
1.771,460,208.9,23.5,0.017,,
1.7785,461,209.3,23.5,0.0055,,
1.787,462,209.8,23.5,0.006,,
1.7955,464,210.3,23.5,0.0055,,
1.804,464,210.7,23.5,0.017,,
1.8125,466,211.2,23.5,0.0055,,
1.821,466,211.6,23.5,0.017,,
1.8285,467,211.9,23.5,0.0055,,
1.8365,468,212.3,23.5,0.0055,,
1.845,469,212.8,23.5,0.006,,
1.8535,470,213.2,23.5,0.0055,,
1.862,472,213.6,23.5,0.0055,,
1.8705,472,214,23.5,0.017,,
1.879,473,214.4,23.5,0.006,,
1.8865,474,214.7,23.5,0.0055,,
1.895,475,215.1,23.5,0.006,,
1.903,476,215.5,23.5,0.0055,,
1.9115,478,215.9,23.5,0.0055,,
1.92,478,216.2,23.5,0.017,,
1.9285,479,216.5,23.5,0.006,,
1.936,480,216.8,23.5,0.0055,,
1.9445,481,217.2,23.5,0.006,,
1.953,482,217.5,23.5,0.0055,,
1.9615,484,217.9,23.5,0.0055,,
1.97,484,218.1,23.5,0.017,,
1.9775,485,218.5,23.5,0.0055,,
1.986,486,218.8,23.5,0.006,,
1.994,487,219.2,23.5,0.0055,,
2.0025,488,219.5,23.5,0.0055,,
2.011,490,219.7,23.5,0.0055,,
2.0195,490,220.1,23.5,0.017,,
2.028,491,220.4,23.5,0.006,,
2.0355,492,220.6,23.5,0.0055,,
2.044,493,220.9,23.5,0.006,,
2.0525,494,221.2,23.5,0.0055,,
2.061,496,221.5,23.5,0.0055,,
2.0695,496,221.8,23.5,0.017,,
2.0775,497,222.1,23.5,0.0055,,
2.0855,498,222.4,23.5,0.0055,,
2.0935,499,222.6,23.5,0.0055,,
2.102,500,222.9,23.5,0.0055,,
2.1105,502,223.1,23.5,0.0055,,
2.119,502,223.4,23.5,0.017,,
2.1275,503,223.7,23.5,0.006,,
2.135,504,224,23.5,0.0055,,
2.1435,505,224.2,23.5,0.006,,
2.152,506,224.5,23.5,0.0055,,
2.16,508,224.7,23.5,0.0055,,
2.1685,508,225,23.5,0.017,,
2.177,509,225.1,23.5,0.006,,
2.1845,510,225.4,23.5,0.0055,,
2.193,511,225.7,23.5,0.006,,
2.2015,512,225.9,23.5,0.0055,,
2.21,514,226.2,23.5,0.0055,,
2.2185,514,226.4,23.5,0.017,,
2.227,516,226.6,23.5,0.0055,,
2.2345,516,226.9,23.5,0.0185,,
2.243,517,227.1,23.5,0.006,,
2.251,518,227.4,23.5,0.0055,,
2.2595,520,227.5,23.5,0.0055,,
2.268,520,227.7,23.5,0.017,,
2.2765,522,228,23.5,0.0055,,
2.284,522,228.2,23.5,0.0185,,
2.2925,523,228.4,23.5,0.006,,
2.301,524,228.7,23.5,0.006,,
2.3095,526,228.9,23.5,0.0055,,
2.318,526,229,23.5,0.017,,
2.326,528,229.3,23.5,0.0055,,
2.334,528,229.5,23.5,0.02,,
2.342,529,229.7,23.5,0.0055,,
2.3505,530,229.8,23.5,0.006,,
2.359,532,230.1,23.5,0.0055,,
2.3675,532,230.2,23.5,0.017,,
2.376,534,230.5,23.5,0.0055,,
2.3835,534,230.6,23.5,0.0185,,
2.392,535,230.9,23.5,0.006,,
2.4005,536,231,23.5,0.006,,
2.409,538,231.3,23.5,0.0055,,
2.417,538,231.5,23.5,0.016,,
2.4255,540,231.6,23.5,0.0055,,
2.433,540,231.8,23.5,0.0185,,
2.4415,541,232,23.5,0.006,,
2.45,542,232.1,23.5,0.006,,
2.4585,544,232.4,23.5,0.0055,,
2.467,544,232.6,23.5,0.017,,
2.4755,546,232.7,23.5,0.0055,,
2.483,546,232.9,23.5,0.0185,,
2.4915,547,233.1,23.5,0.006,,
2.5,548,233.3,23.5,0.006,,
2.508,550,233.4,23.5,0.0055,,
2.5165,550,233.7,23.5,0.017,,
2.525,552,233.8,23.5,0.0055,,
2.5325,552,234,23.5,0.0185,,
2.541,553,234.1,23.5,0.006,,
2.549,554,234.4,23.5,0.0055,,
2.5555,556,234.5,23.5,0.0045,,
2.5615,556,234.7,23.5,0.012,,
2.565,558,234.8,23.5,0.0025,,
2.5685,558,234.8,23.5,0.0085,,
2.5725,559,234.9,23.5,0.003,,
2.577,560,234.9,23.5,0.003,,
2.58,561,235,23.5,0.0025,,
Scope 1/1, Sample 2/6 (--),,,,,
Result,TitrationEP1,,,,,
V,t,E,T,dV/dt,E acc. stat.,Volume acc. stat.
0,0,-79.1,23.3,NaN,,
0.0005,1,-79,23.3,0.0005,,
0.0025,2,-79.1,23.3,0.002,,
0.005,3,-79.1,23.3,0.0025,,
0.009,4,-79,23.3,0.0035,,
0.015,5,-79,23.3,0.0055,,
0.0235,6,-78.9,23.3,0.0075,,
0.031,7,-78.7,23.3,0.0075,,
0.0395,8,-78.4,23.3,0.0085,,
0.048,9,-78.1,23.3,0.0075,,
0.0565,10,-77.6,23.3,0.0075,,
0.065,11,-77.1,23.3,0.0075,,
0.0735,12,-76.5,23.3,0.0075,,
0.081,13,-75.9,23.3,0.0075,,
0.0895,14,-75.2,23.4,0.0085,,
0.098,15,-74.4,23.3,0.0075,,
0.1065,16,-73.5,23.4,0.0075,,
0.1145,17,-72.6,23.4,0.0075,,
0.123,18,-71.6,23.4,0.0075,,
0.1305,19,-70.7,23.4,0.0075,,
0.139,20,-69.7,23.4,0.0085,,
0.1475,21,-68.5,23.4,0.0075,,
0.156,22,-67.3,23.4,0.0075,,
0.1645,23,-66.1,23.4,0.0075,,
0.173,24,-64.7,23.4,0.0075,,
0.1805,25,-63.4,23.4,0.0075,,
0.189,26,-62.1,23.4,0.0085,,
0.197,27,-60.6,23.4,0.0075,,
0.2055,28,-59.1,23.4,0.0075,,
0.214,29,-57.5,23.4,0.0075,,
0.2225,30,-55.9,23.4,0.0075,,
0.23,31,-54.4,23.4,0.0075,,
0.2385,32,-52.8,23.4,0.0085,,
0.247,33,-51.2,23.4,0.0075,,
0.2555,34,-49.7,23.4,0.0075,,
0.264,35,-48.2,23.4,0.0075,,
0.272,36,-46.7,23.4,0.0075,,
0.28,37,-45.3,23.4,0.008,,
0.288,38,-43.8,23.4,0.008,,
0.2965,39,-42.5,23.4,0.0085,,
0.305,40,-41.2,23.4,0.0075,,
0.3135,41,-39.9,23.4,0.0075,,
0.322,42,-38.6,23.4,0.0075,,
0.3295,43,-37.6,23.4,0.0075,,
0.338,44,-36.3,23.4,0.0085,,
0.3465,45,-35.1,23.4,0.0085,,
0.355,46,-34,23.4,0.0075,,
0.363,47,-32.9,23.4,0.0075,,
0.3715,48,-31.9,23.4,0.0075,,
0.38,49,-30.9,23.4,0.0085,,
0.3875,50,-29.9,23.4,0.0075,,
0.396,51,-28.9,23.4,0.0085,,
0.4045,52,-27.9,23.4,0.0075,,
0.413,53,-26.9,23.4,0.0075,,
0.4215,54,-25.9,23.4,0.0075,,
0.429,55,-25,23.4,0.0075,,
0.4375,56,-24.1,23.4,0.0085,,
0.446,57,-23.2,23.4,0.0085,,
0.454,58,-22.3,23.4,0.0075,,
0.4625,59,-21.4,23.4,0.0075,,
0.471,60,-20.5,23.4,0.0075,,
0.4795,61,-19.8,23.4,0.0085,,
0.487,62,-18.9,23.4,0.0075,,
0.4955,63,-18,23.4,0.0085,,
0.504,64,-17.1,23.4,0.0075,,
0.5125,65,-16.3,23.4,0.0075,,
0.521,66,-15.4,23.4,0.0075,,
0.529,67,-14.7,23.4,0.008,,
0.537,68,-13.8,23.4,0.008,,
0.545,69,-13,23.4,0.008,,
0.5535,70,-12.2,23.4,0.0075,,
0.562,71,-11.3,23.4,0.0075,,
0.5705,72,-10.6,23.4,0.0075,,
0.578,73,-9.9,23.4,0.0075,,
0.5865,74,-9.1,23.4,0.0085,,
0.595,75,-8.3,23.4,0.0085,,
0.6035,76,-7.6,23.4,0.0075,,
0.612,77,-6.8,23.4,0.0075,,
0.62,78,-6.1,23.4,0.0075,,
0.6285,79,-5.4,23.4,0.0085,,
0.636,80,-4.5,23.4,0.0075,,
0.6445,81,-3.6,23.4,0.0085,,
0.653,82,-2.8,23.4,0.0075,,
0.6615,83,-1.9,23.4,0.0075,,
0.67,84,-1,23.4,0.0075,,
0.6785,85,-0.1,23.4,0.0075,,
0.686,86,0.2,23.4,0.0075,,
0.6945,87,0.6,23.4,0.0085,,
0.703,88,1.4,23.4,0.0075,,
0.711,89,2.3,23.4,0.0075,,
0.7195,90,3.7,23.4,0.0075,,
0.728,91,3.9,23.4,0.0075,,
0.7355,92,4.7,23.4,0.0075,,
0.744,93,5.4,23.4,0.0085,,
0.7525,94,6.1,23.4,0.0075,,
0.761,95,6.7,23.4,0.0075,,
0.7695,96,7.4,23.4,0.0075,,
0.778,97,8.2,23.4,0.0085,,
0.7855,98,9.1,23.4,0.0075,,
0.794,99,10.1,23.4,0.0085,,
0.802,100,11,23.4,0.0075,,
0.8105,101,12,23.4,0.0075,,
0.819,102,12.8,23.4,0.0075,,
0.8275,103,13.7,23.4,0.0075,,
0.835,104,14.5,23.4,0.0075,,
0.8435,105,15.3,23.4,0.0085,,
0.852,106,16.2,23.4,0.0075,,
0.8605,107,17.1,23.4,0.0075,,
0.869,108,18,23.4,0.0075,,
0.877,109,18.8,23.4,0.0075,,
0.885,110,19.6,23.4,0.008,,
0.893,111,20.5,23.4,0.008,,
0.9015,112,21.4,23.4,0.0075,,
0.91,113,22.3,23.4,0.0075,,
0.9185,114,23.3,23.4,0.0075,,
0.927,115,24.1,23.4,0.0085,,
0.9345,116,25.1,23.4,0.0075,,
0.943,117,26.1,23.4,0.0085,,
0.9515,118,27.1,23.4,0.0075,,
0.96,119,28.1,23.4,0.0075,,
0.9685,120,29.1,23.4,0.0075,,
0.9765,121,30,23.4,0.008,,
0.9845,122,31.1,23.4,0.008,,
0.9925,123,32.1,23.4,0.008,,
1.001,124,33.2,23.4,0.0075,,
1.0095,125,34.3,23.4,0.0075,,
1.018,126,35.4,23.4,0.0075,,
1.0265,127,36.6,23.4,0.0075,,
1.034,128,37.6,23.4,0.0075,,
1.0425,129,38.8,23.4,0.0085,,
1.051,130,40,23.4,0.0075,,
1.059,131,41.2,23.4,0.0075,,
1.0675,132,42.5,23.4,0.0075,,
1.076,133,43.7,23.4,0.0075,,
1.0835,134,44.8,23.4,0.0075,,
1.092,135,46.1,23.4,0.0085,,
1.1005,136,47.4,23.4,0.0075,,
1.109,137,48.8,23.4,0.0075,,
1.1175,138,50.3,23.4,0.0075,,
1.126,139,51.8,23.4,0.0075,,
1.1335,140,53.1,23.4,0.0075,,
1.142,141,54.7,23.4,0.0085,,
1.15,142,56.3,23.4,0.0075,,
1.1585,143,57.8,23.4,0.0075,,
1.167,144,59.6,23.4,0.0075,,
1.1755,145,61.3,23.4,0.0075,,
1.184,146,63,23.4,0.0085,,
1.1915,147,64.9,23.4,0.0075,,
1.2,148,67,23.4,0.0085,,
1.2085,149,69.2,23.4,0.0075,,
1.2165,150,71.4,23.4,0.0075,,
1.225,151,73.9,23.4,0.0075,,
1.2325,152,76.1,23.4,0.0075,,
1.241,153,78.8,23.4,0.0085,,
1.2495,154,81.6,23.4,0.0085,,
1.258,155,84.5,23.4,0.0075,,
1.2665,156,87.7,23.4,0.0075,,
1.275,157,91.3,23.4,0.0075,,
1.2835,158,94.7,23.4,0.0085,,
1.291,159,98.9,23.4,0.0075,,
1.2995,160,103.4,23.4,0.0085,,
1.3075,161,108.4,23.4,0.0075,,
1.316,162,113.6,23.4,0.0075,,
1.3245,163,119.1,23.4,0.0075,,
1.333,164,124.2,23.4,0.0085,,
1.3405,165,130.2,23.4,0.0075,,
1.349,166,136.1,23.4,0.0085,,
1.3575,167,141.6,23.4,0.0075,,
1.366,168,146.8,23.4,0.0075,,
1.3745,169,151.9,23.4,0.0075,,
1.3825,170,156,23.4,0.008,,
1.3905,171,160.2,23.4,0.008,,
1.3985,172,163.9,23.4,0.008,,
1.407,173,167.1,23.4,0.0075,,
1.4155,174,169.8,23.4,0.0075,,
1.424,175,172.3,23.4,0.0075,,
1.4325,176,174.3,23.4,0.0085,,
1.44,177,176.2,23.4,0.0075,,
1.4485,178,178,23.4,0.0085,,
1.457,179,179.5,23.4,0.0075,,
1.4655,180,181.1,23.4,0.0075,,
1.474,181,182.5,23.4,0.0075,,
1.4815,182,183.6,23.4,0.0075,,
1.49,183,184.9,23.4,0.0085,,
1.4935,184,185,23.4,0.007,,
1.4935,424,187.9,23.5,0,,
1.494,425,187.9,23.5,0.0005,,
1.4955,426,187.9,23.5,0.002,,
1.498,427,187.9,23.5,0.0035,,
1.502,428,188,23.5,0.005,,
1.508,429,188.4,23.5,0.0075,,
1.5165,430,189.1,23.5,0.0105,,
1.524,431,189.9,23.5,0.0105,,
1.5325,432,190.8,23.5,0.012,,
1.541,433,191.7,23.5,0.012,,
1.5495,434,192.6,23.5,0.0105,,
1.5575,435,193.4,23.5,0.01,,
1.566,436,194.3,23.5,0.0105,,
1.5735,437,195,23.5,0.0105,,
1.582,438,195.8,23.5,0.012,,
1.5905,439,196.6,23.5,0.0105,,
1.599,440,197.4,23.5,0.0105,,
1.6075,441,198.1,23.5,0.0105,,
1.616,442,198.9,23.5,0.0105,,
1.6235,443,199.5,23.5,0.0105,,
1.632,444,200.2,23.5,0.012,,
1.6405,445,200.8,23.5,0.012,,
1.6485,446,201.4,23.5,0.01,,
1.657,447,202.1,23.5,0.0105,,
1.6655,448,202.7,23.5,0.0105,,
1.673,449,203.2,23.5,0.0105,,
1.6815,450,203.7,23.5,0.012,,
1.69,451,204.3,23.5,0.012,,
1.6985,452,204.8,23.5,0.0105,,
1.707,453,205.4,23.5,0.0105,,
1.7155,454,206,23.5,0.0105,,
1.7235,455,206.5,23.5,0.0115,,
1.7315,456,207,23.5,0.0115,,
1.7395,457,207.5,23.5,0.0115,,
1.748,458,207.9,23.5,0.0105,,
1.7565,459,208.4,23.5,0.0105,,
1.765,460,208.9,23.5,0.0105,,
1.7725,461,209.3,23.5,0.0105,,
1.781,462,209.7,23.5,0.012,,
1.7895,463,210.1,23.5,0.012,,
1.798,464,210.7,23.5,0.0105,,
1.8065,465,211.2,23.5,0.0105,,
1.815,466,211.6,23.5,0.0105,,
1.8225,467,212,23.5,0.0105,,
1.831,468,212.4,23.5,0.012,,
1.839,469,212.8,23.5,0.0115,,
1.8475,470,213.2,23.5,0.0105,,
1.856,471,213.6,23.5,0.0105,,
1.8645,472,214,23.5,0.0105,,
1.872,473,214.2,23.5,0.0105,,
1.8805,474,214.7,23.5,0.012,,
1.889,475,215,23.5,0.012,,
1.8975,476,215.4,23.5,0.0105,,
1.9055,477,215.8,23.5,0.01,,
1.914,478,216.1,23.5,0.0105,,
1.9215,479,216.5,23.5,0.0105,,
1.93,480,216.8,23.5,0.012,,
1.9385,481,217.1,23.5,0.012,,
1.947,482,217.5,23.5,0.0105,,
1.9555,483,217.8,23.5,0.0105,,
1.964,484,218.1,23.5,0.0105,,
1.9725,485,218.4,23.5,0.012,,
1.98,486,218.7,23.5,0.0105,,
1.9885,487,219.1,23.5,0.012,,
1.9965,488,219.4,23.5,0.0115,,
2.005,489,219.6,23.5,0.0105,,
2.0135,490,219.9,23.5,0.0105,,
2.022,491,220.3,23.5,0.0105,,
2.0295,492,220.5,23.5,0.0105,,
2.038,493,220.8,23.5,0.012,,
2.0465,494,221.1,23.5,0.0105,,
2.055,495,221.4,23.5,0.0105,,
2.063,496,221.7,23.5,0.01,,
2.0715,497,222,23.5,0.0105,,
2.079,498,222.2,23.5,0.0105,,
2.0875,499,222.5,23.5,0.012,,
2.096,500,222.8,23.5,0.012,,
2.1045,501,223.1,23.5,0.0105,,
2.113,502,223.4,23.5,0.0105,,
2.1215,503,223.6,23.5,0.0105,,
2.129,504,223.8,23.5,0.0105,,
2.1375,505,224.1,23.5,0.012,,
2.146,506,224.3,23.5,0.012,,
2.154,507,224.6,23.5,0.01,,
2.1625,508,224.9,23.5,0.0105,,
2.171,509,225.1,23.5,0.0105,,
2.1785,510,225.3,23.5,0.0105,,
2.187,511,225.6,23.5,0.012,,
2.1955,512,225.8,23.5,0.0105,,
2.204,513,226,23.5,0.0105,,
2.2125,514,226.2,23.5,0.0105,,
2.221,515,226.5,23.5,0.012,,
2.2285,516,226.7,23.5,0.0105,,
2.237,517,227,23.5,0.012,,
2.2455,518,227.1,23.5,0.0105,,
2.2535,519,227.4,23.5,0.01,,
2.262,520,227.6,23.5,0.0105,,
2.2705,521,227.8,23.5,0.012,,
2.278,522,228,23.5,0.0105,,
2.2865,523,228.2,23.5,0.012,,
2.295,524,228.4,23.5,0.0105,,
2.3035,525,228.7,23.5,0.0105,,
2.312,526,228.9,23.5,0.0105,,
2.3205,527,229.1,23.5,0.012,,
2.328,528,229.3,23.5,0.0105,,
2.3365,529,229.5,23.5,0.012,,
2.3445,530,229.7,23.5,0.01,,
2.353,531,229.9,23.5,0.0105,,
2.3615,532,230.2,23.5,0.0105,,
2.37,533,230.3,23.5,0.0105,,
2.3775,534,230.5,23.5,0.0105,,
2.386,535,230.7,23.5,0.012,,
2.3945,536,230.9,23.5,0.0105,,
2.403,537,231.1,23.5,0.0105,,
2.4115,538,231.3,23.5,0.0105,,
2.4195,539,231.5,23.5,0.01,,
2.427,540,231.7,23.5,0.0105,,
2.4355,541,231.9,23.5,0.012,,
2.444,542,232,23.6,0.012,,
2.4525,543,232.2,23.6,0.0105,,
2.461,544,232.4,23.6,0.0105,,
2.4695,545,232.6,23.5,0.0105,,
2.477,546,232.8,23.5,0.0105,,
2.4855,547,232.9,23.6,0.012,,
2.494,548,233.1,23.6,0.012,,
2.502,549,233.3,23.5,0.01,,
2.5105,550,233.5,23.5,0.0105,,
2.519,551,233.7,23.6,0.0105,,
2.5275,552,233.8,23.6,0.012,,
2.535,553,234,23.6,0.0105,,
2.5435,554,234.2,23.6,0.012,,
2.552,555,234.3,23.6,0.0105,,
2.559,556,234.5,23.6,0.0085,,
2.56,557,234.7,23.6,0.001,,
2.561,558,234.7,23.6,0.001,,
2.5625,559,234.7,23.6,0.002,,
2.565,560,234.7,23.6,0.0035,,
2.569,561,234.8,23.6,0.0055,,
2.5745,562,234.9,23.6,0.007,,
2.5805,563,235,23.6,0.0075,,
2.583,563,235,23.6,0.0125,,
Scope 1/1, Sample 3/6 (--),,,,,
Result,TitrationEP1,,,,,
V,t,E,T,dV/dt,E acc. stat.,Volume acc. stat.
0,0,-79,23.4,NaN,,
0.0005,1,-79,23.4,0.0005,,
0.0025,2,-79,23.4,0.002,,
0.005,3,-79,23.4,0.0025,,
0.0085,4,-79,23.4,0.003,,
0.015,5,-79,23.4,0.006,,
0.023,6,-78.9,23.4,0.0075,,
0.0305,7,-78.7,23.4,0.0075,,
0.039,8,-78.4,23.4,0.0085,,
0.0475,9,-78.1,23.4,0.0075,,
0.056,10,-77.7,23.4,0.0075,,
0.0645,11,-77.3,23.4,0.0075,,
0.073,12,-76.7,23.4,0.0075,,
0.0805,13,-76.2,23.4,0.0075,,
0.089,14,-75.5,23.4,0.0085,,
0.0975,15,-74.8,23.4,0.0085,,
0.1055,16,-74.1,23.4,0.0075,,
0.114,17,-73.2,23.4,0.0075,,
0.1225,18,-72.3,23.4,0.0075,,
0.13,19,-71.5,23.4,0.0075,,
0.1385,20,-70.5,23.4,0.0085,,
0.147,21,-69.4,23.4,0.0085,,
0.1555,22,-68.3,23.4,0.0075,,
0.164,23,-67.2,23.4,0.0075,,
0.172,24,-66,23.4,0.0075,,
0.18,25,-64.9,23.4,0.008,,
0.188,26,-63.5,23.4,0.008,,
0.1965,27,-62.3,23.4,0.0085,,
0.205,28,-60.9,23.4,0.0075,,
0.2135,29,-59.4,23.4,0.0075,,
0.222,30,-57.9,23.4,0.0075,,
0.2295,31,-56.6,23.4,0.0075,,
0.238,32,-55.1,23.4,0.0085,,
0.2465,33,-53.6,23.4,0.0085,,
0.255,34,-52,23.4,0.0075,,
0.263,35,-50.6,23.4,0.0075,,
0.2715,36,-49.1,23.4,0.0075,,
0.279,37,-47.9,23.4,0.0075,,
0.2875,38,-46.5,23.4,0.0085,,
0.296,39,-45.2,23.4,0.0085,,
0.3045,40,-43.9,23.4,0.0075,,
0.313,41,-42.7,23.4,0.0075,,
0.3215,42,-41.5,23.4,0.0075,,
0.329,43,-40.3,23.4,0.0075,,
0.3375,44,-39.2,23.4,0.0085,,
0.346,45,-38,23.4,0.0085,,
0.3545,46,-36.8,23.4,0.0075,,
0.3625,47,-35.7,23.4,0.0075,,
0.371,48,-34.7,23.4,0.0075,,
0.3795,49,-33.7,23.4,0.0085,,
0.387,50,-32.7,23.4,0.0075,,
0.3955,51,-31.7,23.4,0.0085,,
0.404,52,-30.7,23.4,0.0075,,
0.4125,53,-29.7,23.4,0.0075,,
0.421,54,-28.8,23.4,0.0075,,
0.4285,55,-27.9,23.4,0.0075,,
0.437,56,-27,23.4,0.0085,,
0.445,57,-26,23.4,0.008,,
0.4535,58,-25.1,23.4,0.0075,,
0.462,59,-24.3,23.5,0.0075,,
0.4705,60,-23.4,23.5,0.0075,,
0.478,61,-22.6,23.5,0.0075,,
0.4865,62,-21.7,23.5,0.0085,,
0.495,63,-20.8,23.5,0.0085,,
0.5035,64,-20,23.5,0.0075,,
0.512,65,-19.1,23.5,0.0075,,
0.5205,66,-18.3,23.5,0.0075,,
0.528,67,-17.6,23.5,0.0075,,
0.5365,68,-16.8,23.5,0.0085,,
0.5445,69,-15.9,23.5,0.008,,
0.553,70,-15.1,23.5,0.0075,,
0.5615,71,-14.3,23.5,0.0075,,
0.57,72,-13.4,23.5,0.0075,,
0.5775,73,-12.7,23.5,0.0075,,
0.586,74,-11.9,23.5,0.0085,,
0.5945,75,-11.2,23.5,0.0085,,
0.603,76,-10.4,23.5,0.0075,,
0.6115,77,-9.6,23.5,0.0075,,
0.6195,78,-8.9,23.5,0.0075,,
0.6275,79,-8.2,23.5,0.008,,
0.6355,80,-7.5,23.5,0.008,,
0.644,81,-6.7,23.5,0.0085,,
0.6525,82,-6,23.5,0.0075,,
0.661,83,-5.2,23.5,0.0075,,
0.6695,84,-4.3,23.5,0.0075,,
0.677,85,-3.5,23.5,0.0075,,
0.6855,86,-2.6,23.5,0.0085,,
0.694,87,-1.7,23.5,0.0085,,
0.7025,88,-0.8,23.5,0.0075,,
0.7105,89,0.1,23.5,0.0075,,
0.719,90,0.3,23.5,0.0075,,
0.7275,91,0.7,23.5,0.0085,,
0.735,92,1.5,23.5,0.0075,,
0.7435,93,2.5,23.5,0.0085,,
0.752,94,3.8,23.5,0.0075,,
0.7605,95,4.1,23.5,0.0075,,
0.769,96,4.9,23.5,0.0075,,
0.7765,97,5.5,23.5,0.0075,,
0.785,98,6.1,23.5,0.0085,,
0.7935,99,6.8,23.5,0.0085,,
0.8015,100,7.5,23.5,0.0075,,
0.81,101,8.4,23.5,0.0075,,
0.8185,102,9.3,23.5,0.0075,,
0.826,103,10.2,23.5,0.0075,,
0.8345,104,11.2,23.5,0.0085,,
0.843,105,12.1,23.5,0.0085,,
0.8515,106,13,23.5,0.0075,,
0.86,107,13.9,23.5,0.0075,,
0.8685,108,14.8,23.5,0.0075,,
0.8765,109,15.7,23.5,0.0075,,
0.8845,110,16.5,23.5,0.008,,
0.8925,111,17.4,23.5,0.008,,
0.901,112,18.3,23.5,0.0075,,
0.9095,113,19.2,23.5,0.0075,,
0.918,114,20.1,23.5,0.0075,,
0.9265,115,20.9,23.5,0.0085,,
0.934,116,21.9,23.5,0.0075,,
0.9425,117,22.8,23.5,0.0085,,
0.951,118,23.8,23.5,0.0075,,
0.9595,119,24.8,23.5,0.0075,,
0.9675,120,25.8,23.5,0.0075,,
0.976,121,26.7,23.5,0.0085,,
0.9835,122,27.7,23.5,0.0075,,
0.992,123,28.8,23.5,0.0085,,
1.0005,124,29.8,23.5,0.0075,,
1.009,125,30.9,23.5,0.0075,,
1.0175,126,32,23.5,0.0075,,
1.026,127,33,23.5,0.0085,,
1.0335,128,34.1,23.5,0.0075,,
1.042,129,35.3,23.5,0.0085,,
1.0505,130,36.5,23.5,0.0075,,
1.0585,131,37.7,23.5,0.0075,,
1.067,132,38.9,23.5,0.0075,,
1.0755,133,40,23.5,0.0085,,
1.083,134,41.3,23.5,0.0075,,
1.0915,135,42.6,23.5,0.0085,,
1.1,136,44,23.5,0.0075,,
1.1085,137,45.4,23.5,0.0075,,
1.117,138,46.8,23.5,0.0075,,
1.125,139,48.3,23.5,0.0075,,
1.133,140,49.6,23.5,0.008,,
1.1415,141,51.1,23.5,0.0085,,
1.1495,142,52.7,23.5,0.0075,,
1.158,143,54.4,23.5,0.0075,,
1.1665,144,56,23.5,0.0075,,
1.175,145,57.9,23.5,0.0075,,
1.1825,146,59.5,23.5,0.0075,,
1.191,147,61.4,23.5,0.0085,,
1.1995,148,63.4,23.5,0.0085,,
1.208,149,65.5,23.5,0.0075,,
1.216,150,67.7,23.5,0.0075,,
1.2245,151,70.1,23.5,0.0075,,
1.232,152,72.3,23.5,0.0075,,
1.2405,153,75,23.5,0.0085,,
1.249,154,77.9,23.5,0.0085,,
1.2575,155,81,23.5,0.0075,,
1.266,156,84.4,23.5,0.0075,,
1.2745,157,88.1,23.5,0.0075,,
1.2825,158,91.6,23.5,0.008,,
1.2905,159,95.9,23.5,0.008,,
1.2985,160,100.6,23.5,0.008,,
1.307,161,105.8,23.5,0.0075,,
1.3155,162,111.2,23.5,0.0075,,
1.324,163,116.9,23.5,0.0075,,
1.3325,164,122.9,23.5,0.0075,,
1.34,165,128.5,23.5,0.0075,,
1.3485,166,134.5,23.5,0.0085,,
1.357,167,140.2,23.5,0.0075,,
1.3655,168,145.9,23.5,0.0075,,
1.3735,169,151.4,23.5,0.0075,,
1.382,170,156.4,23.5,0.0075,,
1.3895,171,160.3,23.5,0.0075,,
1.398,172,164.1,23.5,0.0085,,
1.4065,173,167.3,23.5,0.0085,,
1.415,174,170.2,23.5,0.0075,,
1.4235,175,172.5,23.5,0.0075,,
1.432,176,174.9,23.5,0.0075,,
1.4395,177,176.6,23.5,0.0075,,
1.448,178,178.5,23.5,0.0085,,
1.4565,179,180.2,23.5,0.0075,,
1.4645,180,181.8,23.5,0.0075,,
1.473,181,183,23.5,0.0075,,
1.4815,182,184.3,23.5,0.0075,,
1.4895,183,185.1,23.5,0.0075,,
1.4895,423,188.3,23.6,0,,
1.49,424,188.2,23.6,0.0005,,
1.4915,425,188.2,23.6,0.001,,
1.494,426,188.2,23.6,0.002,,
1.498,427,188.4,23.6,0.003,,
1.504,428,188.7,23.6,0.0045,,
1.5125,429,189.3,23.6,0.0065,,
1.52,430,190,23.6,0.006,,
1.5285,431,190.9,23.6,0.007,,
1.537,432,191.7,23.6,0.007,,
1.5455,433,192.7,23.6,0.0065,,
1.5535,434,193.7,23.6,0.006,,
1.562,435,194.4,23.6,0.0065,,
1.5695,436,195.1,23.6,0.006,,
1.578,437,195.9,23.6,0.007,,
1.5865,438,196.7,23.6,0.007,,
1.595,439,197.4,23.6,0.0065,,
1.6035,440,198.1,23.6,0.0065,,
1.612,441,198.9,23.6,0.0065,,
1.6195,442,199.6,23.6,0.006,,
1.628,443,200.2,23.6,0.007,,
1.6365,444,200.9,23.6,0.007,,
1.6445,445,201.5,23.6,0.006,,
1.653,446,202.1,23.6,0.0065,,
1.6615,447,202.8,23.6,0.0065,,
1.669,448,203.4,23.6,0.006,,
1.6775,449,203.8,23.6,0.007,,
1.686,450,204.4,23.6,0.007,,
1.6945,451,204.9,23.6,0.0065,,
1.703,452,205.5,23.6,0.0065,,
1.7115,453,206,23.6,0.0065,,
1.719,454,206.5,23.6,0.006,,
1.7275,455,207,23.6,0.007,,
1.7355,456,207.5,23.6,0.0065,,
1.744,457,208,23.6,0.0065,,
1.7525,458,208.4,23.6,0.0065,,
1.761,459,209,23.6,0.0065,,
1.7685,460,209.4,23.6,0.006,,
1.777,461,209.8,23.6,0.007,,
1.7855,462,210.3,23.6,0.007,,
1.794,463,210.7,23.6,0.0065,,
1.802,464,211.1,23.6,0.006,,
1.8105,465,211.5,23.6,0.0065,,
1.819,466,211.9,23.6,0.007,,
1.8265,467,212.3,23.6,0.006,,
1.835,468,212.8,23.6,0.007,,
1.8435,469,213.2,23.6,0.0065,,
1.852,470,213.5,23.6,0.0065,,
1.8605,471,213.9,23.6,0.0065,,
1.869,472,214.2,23.6,0.007,,
1.8765,473,214.6,23.6,0.006,,
1.885,474,215,23.6,0.007,,
1.8935,475,215.4,23.6,0.0065,,
1.9015,476,215.6,23.6,0.006,,
1.91,477,216.1,23.6,0.0065,,
1.9185,478,216.4,23.6,0.007,,
1.926,479,216.7,23.6,0.006,,
1.9345,480,217.1,23.6,0.007,,
1.943,481,217.4,23.6,0.007,,
1.9515,482,217.7,23.6,0.0065,,
1.96,483,218.1,23.6,0.0065,,
1.968,484,218.5,23.6,0.006,,
1.976,485,218.7,23.6,0.0065,,
1.984,486,219.1,23.6,0.0065,,
1.9925,487,219.3,23.6,0.007,,
2.001,488,219.6,23.6,0.0065,,
2.0095,489,219.9,23.6,0.0065,,
2.018,490,220.2,23.6,0.0065,,
2.0255,491,220.5,23.6,0.006,,
2.034,492,220.8,23.6,0.007,,
2.0425,493,221.1,23.6,0.007,,
2.0505,494,221.4,23.6,0.006,,
2.059,495,221.7,23.6,0.0065,,
2.0675,496,222,23.6,0.0065,,
2.075,497,222.2,23.6,0.006,,
2.0835,498,222.5,23.6,0.007,,
2.092,499,222.8,23.6,0.007,,
2.1005,500,223,23.6,0.0065,,
2.109,501,223.3,23.6,0.0065,,
2.1175,502,223.6,23.6,0.0065,,
2.125,503,223.8,23.6,0.006,,
2.1335,504,224.1,23.6,0.007,,
2.142,505,224.3,23.6,0.007,,
2.15,506,224.6,23.6,0.006,,
2.1585,507,224.8,23.6,0.0065,,
2.167,508,225.1,23.6,0.0065,,
2.1745,509,225.3,23.6,0.006,,
2.183,510,225.6,23.6,0.007,,
2.1915,511,225.8,23.6,0.007,,
2.2,512,226,23.6,0.0065,,
2.2085,513,226.3,23.6,0.0065,,
2.217,514,226.5,23.6,0.0065,,
2.2245,515,226.7,23.6,0.006,,
2.233,516,226.9,23.6,0.007,,
2.241,517,227.2,23.6,0.0065,,
2.2495,518,227.4,23.6,0.0065,,
2.258,519,227.6,23.6,0.0065,,
2.2665,520,227.9,23.6,0.0065,,
2.274,521,228.1,23.6,0.006,,
2.2825,522,228.3,23.6,0.007,,
2.291,523,228.5,23.6,0.007,,
2.2995,524,228.7,23.6,0.0065,,
2.3075,525,228.9,23.6,0.006,,
2.316,526,229.1,23.6,0.0065,,
2.3245,527,229.3,23.6,0.007,,
2.332,528,229.5,23.6,0.006,,
2.3405,529,229.7,23.6,0.007,,
2.349,530,229.9,23.6,0.0065,,
2.3575,531,230.1,23.6,0.0065,,
2.366,532,230.3,23.6,0.0065,,
2.3745,533,230.5,23.6,0.007,,
2.382,534,230.7,23.6,0.006,,
2.3905,535,230.9,23.6,0.007,,
2.3985,536,231.1,23.6,0.006,,
2.407,537,231.3,23.6,0.0065,,
2.4155,538,231.5,23.6,0.0065,,
2.424,539,231.7,23.6,0.0065,,
2.4315,540,231.8,23.6,0.006,,
2.44,541,232,23.6,0.007,,
2.4485,542,232.2,23.6,0.007,,
2.457,543,232.4,23.6,0.0065,,
2.465,544,232.5,23.6,0.006,,
2.4735,545,232.7,23.6,0.0065,,
2.4815,546,232.9,23.6,0.0065,,
2.4895,547,233,23.6,0.0065,,
2.498,548,233.3,23.6,0.007,,
2.5065,549,233.4,23.6,0.0065,,
2.515,550,233.6,23.6,0.0065,,
2.5235,551,233.8,23.6,0.0065,,
2.531,552,233.9,23.6,0.006,,
2.5395,553,234.1,23.6,0.007,,
2.5475,554,234.3,23.6,0.0065,,
2.555,555,234.4,23.6,0.006,,
2.5595,556,234.5,23.6,0.0035,,
2.5625,557,234.7,23.6,0.0025,,
2.5655,558,234.7,23.6,0.0025,,
2.57,559,234.8,23.6,0.0035,,
2.577,560,234.9,23.6,0.006,,
2.5835,561,235,23.6,0.006,,
Scope 1/1, Sample 4/6 (--),,,,,
Result,TitrationEP1,,,,,
V,t,E,T,dV/dt,E acc. stat.,Volume acc. stat.
0,0,-79.1,23.5,NaN,,
0.001,1,-79.1,23.5,0.001,,
0.0025,2,-79.1,23.5,0.0015,,
0.005,3,-79.1,23.5,0.0025,,
0.0085,4,-79.1,23.5,0.003,,
0.015,5,-79,23.5,0.006,,
0.023,6,-78.9,23.5,0.0075,,
0.0315,7,-78.6,23.5,0.0075,,
0.04,8,-78.3,23.5,0.0075,,
0.0485,9,-78,23.5,0.0085,,
0.056,10,-77.5,23.5,0.007,,
0.0645,11,-76.9,23.5,0.0075,,
0.073,12,-76.3,23.5,0.0075,,
0.081,13,-75.6,23.5,0.0065,,
0.0895,14,-74.9,23.5,0.007,,
0.0975,15,-74.1,23.5,0.008,,
0.1055,16,-73.2,23.5,0.0075,,
0.114,17,-72.2,23.5,0.0075,,
0.1225,18,-71.3,23.5,0.0075,,
0.131,19,-70.1,23.5,0.0075,,
0.1395,20,-69,23.5,0.0075,,
0.147,21,-67.9,23.5,0.007,,
0.1555,22,-66.7,23.5,0.0075,,
0.164,23,-65.3,23.5,0.0075,,
0.1725,24,-64,23.5,0.0075,,
0.1805,25,-62.6,23.5,0.0075,,
0.189,26,-61.1,23.5,0.0075,,
0.1975,27,-59.7,23.5,0.0085,,
0.205,28,-58.3,23.5,0.007,,
0.2135,29,-56.6,23.5,0.0075,,
0.222,30,-55,23.5,0.0075,,
0.2305,31,-53.4,23.5,0.0075,,
0.239,32,-51.8,23.5,0.0075,,
0.2475,33,-50.3,23.5,0.0085,,
0.255,34,-48.8,23.5,0.007,,
0.2635,35,-47.3,23.5,0.0075,,
0.2715,36,-45.7,23.5,0.0075,,
0.28,37,-44.3,23.5,0.0075,,
0.2885,38,-42.9,23.5,0.0075,,
0.297,39,-41.6,23.5,0.0075,,
0.3045,40,-40.4,23.5,0.007,,
0.313,41,-39.1,23.5,0.0075,,
0.3215,42,-37.9,23.5,0.0075,,
0.33,43,-36.6,23.5,0.0075,,
0.338,44,-35.4,23.5,0.0075,,
0.3465,45,-34.4,23.5,0.0075,,
0.354,46,-33.4,23.5,0.007,,
0.3625,47,-32.3,23.5,0.0075,,
0.371,48,-31.2,23.5,0.0075,,
0.3795,49,-30.2,23.5,0.0075,,
0.388,50,-29.2,23.5,0.0075,,
0.3965,51,-28.1,23.5,0.0075,,
0.404,52,-27.3,23.5,0.007,,
0.4125,53,-26.3,23.5,0.0075,,
0.421,54,-25.3,23.5,0.0075,,
0.429,55,-24.4,23.5,0.0075,,
0.4375,56,-23.5,23.5,0.0075,,
0.446,57,-22.5,23.5,0.0075,,
0.4535,58,-21.7,23.5,0.007,,
0.462,59,-20.9,23.5,0.0075,,
0.4705,60,-20,23.5,0.0075,,
0.479,61,-19.1,23.6,0.0075,,
0.4875,62,-18.2,23.5,0.0075,,
0.4955,63,-17.4,23.5,0.0075,,
0.504,64,-16.7,23.5,0.0085,,
0.512,65,-15.8,23.6,0.0075,,
0.52,66,-14.9,23.6,0.0075,,
0.5285,67,-14.2,23.6,0.0075,,
0.537,68,-13.3,23.6,0.0075,,
0.5455,69,-12.5,23.6,0.0075,,
0.553,70,-11.8,23.6,0.0075,,
0.5615,71,-11.1,23.6,0.0075,,
0.57,72,-10.3,23.6,0.0075,,
0.5785,73,-9.5,23.6,0.0075,,
0.5865,74,-8.8,23.6,0.0075,,
0.595,75,-8,23.6,0.0075,,
0.6035,76,-7.4,23.6,0.0085,,
0.611,77,-6.6,23.6,0.007,,
0.6195,78,-5.9,23.6,0.0075,,
0.628,79,-5.1,23.6,0.0075,,
0.6365,80,-4.2,23.6,0.0075,,
0.645,81,-3.4,23.6,0.0075,,
0.6535,82,-2.7,23.6,0.0085,,
0.661,83,-1.8,23.6,0.007,,
0.6695,84,-0.9,23.6,0.0075,,
0.678,85,-0.1,23.6,0.0075,,
0.686,86,0.2,23.6,0.0075,,
0.6945,87,0.7,23.6,0.0075,,
0.703,88,1.4,23.6,0.0085,,
0.7105,89,2.1,23.6,0.007,,
0.719,90,3.5,23.6,0.0075,,
0.7275,91,3.8,23.6,0.0075,,
0.736,92,4.6,23.6,0.0075,,
0.7445,93,5.3,23.6,0.0075,,
0.7525,94,5.9,23.6,0.008,,
0.7605,95,6.5,23.6,0.0075,,
0.769,96,7.1,23.6,0.0075,,
0.777,97,7.9,23.6,0.0075,,
0.7855,98,8.8,23.6,0.0075,,
0.794,99,9.6,23.6,0.0075,,
0.8025,100,10.6,23.6,0.0075,,
0.81,101,11.4,23.6,0.007,,
0.8185,102,12.3,23.6,0.0075,,
0.827,103,13.1,23.6,0.0075,,
0.8355,104,14,23.6,0.0075,,
0.8435,105,14.8,23.6,0.0075,,
0.852,106,15.6,23.6,0.0085,,
0.86,107,16.4,23.6,0.0075,,
0.868,108,17.3,23.6,0.0075,,
0.8765,109,18.1,23.6,0.0075,,
0.885,110,19,23.6,0.0075,,
0.8935,111,19.9,23.6,0.0075,,
0.902,112,20.7,23.6,0.0085,,
0.9095,113,21.5,23.6,0.007,,
0.918,114,22.5,23.6,0.0075,,
0.9265,115,23.4,23.6,0.0075,,
0.9345,116,24.3,23.6,0.0075,,
0.943,117,25.2,23.6,0.0075,,
0.9515,118,26.2,23.6,0.0075,,
0.959,119,27,23.6,0.007,,
0.9675,120,27.9,23.6,0.0075,,
0.976,121,29,23.6,0.0075,,
0.9845,122,30,23.6,0.0075,,
0.993,123,31,23.6,0.0075,,
1.0015,124,32,23.6,0.0075,,
1.009,125,33,23.6,0.007,,
1.0175,126,34.1,23.6,0.0075,,
1.0255,127,35.2,23.6,0.0075,,
1.034,128,36.3,23.6,0.0075,,
1.0425,129,37.4,23.6,0.0075,,
1.051,130,38.5,23.6,0.0075,,
1.0585,131,39.6,23.6,0.007,,
1.067,132,40.8,23.6,0.0075,,
1.0755,133,42,23.6,0.0075,,
1.084,134,43.2,23.6,0.0075,,
1.0925,135,44.5,23.6,0.0075,,
1.1005,136,45.8,23.6,0.0075,,
1.1085,137,47,23.6,0.0075,,
1.1165,138,48.4,23.6,0.0075,,
1.125,139,49.9,23.6,0.0075,,
1.1335,140,51.3,23.6,0.0075,,
1.142,141,52.8,23.6,0.0075,,
1.1505,142,54.4,23.6,0.0075,,
1.158,143,55.8,23.6,0.007,,
1.1665,144,57.4,23.6,0.0075,,
1.175,145,59.2,23.6,0.0075,,
1.1835,146,61,23.6,0.0075,,
1.1915,147,62.9,23.6,0.0075,,
1.2,148,64.8,23.6,0.0075,,
1.2075,149,66.7,23.6,0.007,,
1.216,150,68.8,23.6,0.0075,,
1.2245,151,71.2,23.6,0.0075,,
1.233,152,73.7,23.6,0.0075,,
1.2415,153,76.2,23.6,0.0075,,
1.25,154,78.9,23.6,0.0075,,
1.2575,155,81.5,23.6,0.007,,
1.266,156,84.7,23.6,0.0075,,
1.2745,157,88.1,23.6,0.0075,,
1.2825,158,91.8,23.6,0.0075,,
1.291,159,95.9,23.6,0.0075,,
1.2995,160,100.2,23.6,0.0075,,
1.307,161,104.4,23.6,0.007,,
1.3155,162,109.6,23.6,0.0075,,
1.324,163,115.2,23.6,0.0075,,
1.3325,164,120.9,23.6,0.0075,,
1.341,165,126.7,23.6,0.0075,,
1.349,166,132.5,23.6,0.0075,,
1.3575,167,138.6,23.6,0.0075,,
1.365,168,143.5,23.6,0.007,,
1.3735,169,148.9,23.6,0.0075,,
1.382,170,153.9,23.6,0.0075,,
1.3905,171,158.1,23.6,0.0075,,
1.399,172,162.2,23.6,0.0075,,
1.4075,173,165.4,23.6,0.0075,,
1.415,174,168.1,23.6,0.007,,
1.4235,175,170.6,23.6,0.0075,,
1.432,176,173,23.6,0.0075,,
1.44,177,175,23.6,0.0075,,
1.4485,178,176.7,23.6,0.0075,,
1.457,179,178.4,23.6,0.007,,
1.4645,180,179.9,23.6,0.007,,
1.473,181,181.3,23.6,0.0075,,
1.4815,182,182.7,23.6,0.0075,,
1.49,183,184,23.6,0.0075,,
1.4985,184,185,23.6,0.0075,,
1.4985,424,187.6,23.7,0,,
1.499,425,187.6,23.7,0.0005,,
1.5005,426,187.6,23.7,0.001,,
1.503,427,187.6,23.7,0.002,,
1.507,428,187.8,23.7,0.003,,
1.5135,429,188.1,23.7,0.005,,
1.522,430,188.8,23.7,0.0065,,
1.5295,431,189.7,23.7,0.006,,
1.538,432,190.6,23.7,0.007,,
1.5465,433,191.6,23.7,0.007,,
1.555,434,192.4,23.7,0.0065,,
1.563,435,193.2,23.7,0.006,,
1.5715,436,194.1,23.7,0.0065,,
1.579,437,194.9,23.7,0.006,,
1.5875,438,195.6,23.7,0.007,,
1.596,439,196.5,23.7,0.007,,
1.6045,440,197.3,23.7,0.0065,,
1.613,441,197.9,23.7,0.0065,,
1.6215,442,198.7,23.7,0.0065,,
1.6295,443,199.3,23.7,0.006,,
1.6375,444,199.9,23.7,0.0065,,
1.6455,445,200.5,23.7,0.0065,,
1.654,446,201.2,23.7,0.0065,,
1.6625,447,201.8,23.7,0.0065,,
1.671,448,202.4,23.7,0.0065,,
1.6795,449,203,23.7,0.007,,
1.687,450,203.5,23.7,0.006,,
1.6955,451,204.1,23.7,0.007,,
1.704,452,204.7,23.7,0.0065,,
1.7125,453,205.2,23.7,0.0065,,
1.7205,454,205.8,23.7,0.006,,
1.7285,455,206.3,23.7,0.0065,,
1.737,456,206.7,23.7,0.007,,
1.745,457,207.2,23.7,0.0065,,
1.7535,458,207.7,23.7,0.0065,,
1.762,459,208.2,23.7,0.0065,,
1.7705,460,208.7,23.7,0.0065,,
1.778,461,209.1,23.7,0.006,,
1.7865,462,209.5,23.7,0.007,,
1.795,463,210,23.7,0.007,,
1.8035,464,210.5,23.7,0.0065,,
1.812,465,210.8,23.7,0.0065,,
1.82,466,211.3,23.7,0.006,,
1.828,467,211.7,23.7,0.0065,,
1.836,468,212,23.7,0.0065,,
1.8445,469,212.5,23.7,0.007,,
1.853,470,212.9,23.7,0.0065,,
1.8615,471,213.2,23.7,0.0065,,
1.87,472,213.7,23.7,0.0065,,
1.8775,473,214,23.7,0.006,,
1.886,474,214.3,23.7,0.007,,
1.8945,475,214.8,23.7,0.007,,
1.903,476,215.1,23.7,0.0065,,
1.911,477,215.5,23.7,0.006,,
1.9195,478,215.9,23.7,0.0065,,
1.927,479,216.2,23.7,0.006,,
1.9355,480,216.5,23.7,0.007,,
1.944,481,216.9,23.7,0.007,,
1.9525,482,217.3,23.7,0.0065,,
1.961,483,217.5,23.7,0.0065,,
1.9695,484,217.9,23.7,0.0065,,
1.977,485,218.2,23.7,0.006,,
1.9855,486,218.4,23.7,0.007,,
1.994,487,218.9,23.7,0.007,,
2.002,488,219.1,23.7,0.006,,
2.0105,489,219.4,23.7,0.0065,,
2.019,490,219.8,23.7,0.0065,,
2.0265,491,220.1,23.7,0.006,,
2.035,492,220.3,23.7,0.007,,
2.0435,493,220.6,23.7,0.007,,
2.052,494,220.9,23.7,0.0065,,
2.0605,495,221.2,23.7,0.0065,,
2.0685,496,221.4,23.7,0.006,,
2.077,497,221.7,23.7,0.0065,,
2.0845,498,222,23.7,0.006,,
2.093,499,222.2,23.7,0.007,,
2.1015,500,222.5,23.7,0.007,,
2.11,501,222.8,23.7,0.0065,,
2.1185,502,223,23.7,0.0065,,
2.127,503,223.4,23.7,0.0065,,
2.1345,504,223.6,23.7,0.006,,
2.143,505,223.8,23.7,0.007,,
2.1515,506,224.1,23.7,0.007,,
2.1595,507,224.4,23.7,0.006,,
2.168,508,224.6,23.7,0.0065,,
2.1765,509,224.8,23.7,0.0065,,
2.184,510,225.1,23.7,0.006,,
2.1925,511,225.3,23.7,0.007,,
2.201,512,225.6,23.7,0.007,,
2.2095,513,225.8,23.7,0.0065,,
2.218,514,226,23.7,0.0065,,
2.226,515,226.3,23.7,0.006,,
2.2345,516,226.5,23.7,0.007,,
2.242,517,226.7,23.7,0.006,,
2.2505,518,226.9,23.7,0.007,,
2.259,519,227.2,23.7,0.0065,,
2.2675,520,227.4,23.7,0.0065,,
2.276,521,227.6,23.7,0.0065,,
2.2835,522,227.8,23.7,0.006,,
2.292,523,228,23.7,0.007,,
2.3005,524,228.3,23.7,0.007,,
2.309,525,228.4,23.7,0.0065,,
2.3175,526,228.6,23.7,0.0065,,
2.3255,527,228.9,23.7,0.006,,
2.3335,528,229.1,23.7,0.0065,,
2.3415,529,229.2,23.7,0.0065,,
2.35,530,229.5,23.7,0.007,,
2.3585,531,229.7,23.7,0.0065,,
2.367,532,229.9,23.7,0.0065,,
2.3755,533,230.1,23.7,0.0065,,
2.383,534,230.3,23.7,0.006,,
2.3915,535,230.4,23.7,0.007,,
2.4,536,230.7,23.7,0.007,,
2.4085,537,230.9,23.7,0.0065,,
2.4165,538,231,23.7,0.006,,
2.425,539,231.3,23.7,0.0065,,
2.4335,540,231.5,23.7,0.007,,
2.441,541,231.6,23.7,0.006,,
2.4495,542,231.9,23.7,0.007,,
2.458,543,232,23.7,0.0065,,
2.4665,544,232.2,23.7,0.0065,,
2.475,545,232.4,23.7,0.0065,,
2.483,546,232.6,23.7,0.0065,,
2.491,547,232.7,23.7,0.0065,,
2.499,548,232.9,23.7,0.0065,,
2.5075,549,233.1,23.7,0.0065,,
2.516,550,233.2,23.7,0.0065,,
2.5245,551,233.4,23.7,0.0065,,
2.533,552,233.6,23.7,0.0065,,
2.5405,553,233.7,23.7,0.006,,
2.549,554,233.9,23.7,0.007,,
2.5575,555,234.1,23.7,0.007,,
2.566,556,234.2,23.7,0.0065,,
2.573,557,234.4,23.7,0.0055,,
2.576,558,234.5,23.7,0.0025,,
2.5775,559,234.5,23.7,0.001,,
2.5805,560,234.6,23.7,0.0025,,
2.5845,561,234.7,23.7,0.003,,
2.59,562,234.8,23.7,0.004,,
2.5965,563,234.9,23.7,0.005,,
2.6005,564,235,23.7,0.0045,,
Scope 1/1, Sample 5/6 (--),,,,,
Result,TitrationEP1,,,,,
V,t,E,T,dV/dt,E acc. stat.,Volume acc. stat.
0,0,-78.9,23.6,NaN,,
0.001,1,-78.9,23.6,0.001,,
0.0025,2,-78.9,23.6,0.0015,,
0.005,3,-78.8,23.6,0.0025,,
0.009,4,-78.9,23.6,0.0035,,
0.015,5,-78.8,23.6,0.0055,,
0.0235,6,-78.7,23.6,0.0075,,
0.032,7,-78.4,23.6,0.0075,,
0.0405,8,-78.1,23.6,0.0075,,
0.049,9,-77.7,23.6,0.0075,,
0.0565,10,-77.2,23.6,0.007,,
0.065,11,-76.6,23.6,0.0075,,
0.0735,12,-76,23.6,0.0075,,
0.082,13,-75.3,23.6,0.0075,,
0.09,14,-74.5,23.6,0.0075,,
0.0985,15,-73.7,23.6,0.0075,,
0.1065,16,-72.9,23.6,0.0075,,
0.1145,17,-71.9,23.6,0.0075,,
0.123,18,-70.8,23.6,0.0075,,
0.1315,19,-69.7,23.6,0.0075,,
0.14,20,-68.6,23.6,0.0075,,
0.1485,21,-67.5,23.6,0.0085,,
0.156,22,-66.3,23.6,0.007,,
0.1645,23,-64.9,23.6,0.0075,,
0.173,24,-63.5,23.6,0.0075,,
0.1815,25,-62,23.6,0.0075,,
0.1895,26,-60.5,23.6,0.0075,,
0.198,27,-59.2,23.6,0.0075,,
0.2055,28,-57.6,23.6,0.007,,
0.214,29,-56,23.6,0.0075,,
0.2225,30,-54.3,23.6,0.0075,,
0.231,31,-52.7,23.6,0.0075,,
0.2395,32,-51,23.6,0.0075,,
0.248,33,-49.6,23.6,0.0075,,
0.2555,34,-48.1,23.6,0.007,,
0.264,35,-46.5,23.6,0.0075,,
0.2725,36,-45.1,23.6,0.0075,,
0.2805,37,-43.7,23.6,0.0075,,
0.289,38,-42.3,23.6,0.0075,,
0.2975,39,-41.1,23.6,0.0075,,
0.305,40,-39.8,23.6,0.007,,
0.3135,41,-38.5,23.6,0.0075,,
0.322,42,-37.3,23.6,0.0075,,
0.3305,43,-36.1,23.6,0.0075,,
0.339,44,-35,23.6,0.0075,,
0.347,45,-33.8,23.6,0.0075,,
0.355,46,-32.9,23.6,0.0075,,
0.363,47,-31.8,23.6,0.0075,,
0.3715,48,-30.7,23.6,0.0075,,
0.38,49,-29.7,23.6,0.0075,,
0.3885,50,-28.7,23.6,0.0075,,
0.397,51,-27.7,23.6,0.0075,,
0.4045,52,-26.9,23.6,0.007,,
0.413,53,-25.9,23.6,0.0075,,
0.4215,54,-25,23.6,0.0075,,
0.43,55,-24.1,23.6,0.0075,,
0.438,56,-23.2,23.6,0.0075,,
0.4465,57,-22.3,23.6,0.0075,,
0.454,58,-21.4,23.6,0.007,,
0.4625,59,-20.6,23.6,0.0075,,
0.471,60,-19.8,23.6,0.0075,,
0.4795,61,-18.9,23.6,0.0075,,
0.488,62,-18.1,23.6,0.0075,,
0.4965,63,-17.3,23.6,0.0075,,
0.504,64,-16.5,23.6,0.007,,
0.5125,65,-15.7,23.6,0.0075,,
0.521,66,-14.9,23.6,0.0075,,
0.529,67,-14.1,23.6,0.0075,,
0.5375,68,-13.3,23.6,0.0075,,
0.546,69,-12.5,23.6,0.0075,,
0.5535,70,-11.8,23.6,0.007,,
0.562,71,-11,23.6,0.0075,,
0.5705,72,-10.2,23.6,0.0075,,
0.579,73,-9.5,23.6,0.0075,,
0.5875,74,-8.7,23.6,0.0075,,
0.596,75,-8,23.6,0.0075,,
0.6035,76,-7.4,23.6,0.007,,
0.612,77,-6.7,23.6,0.0075,,
0.6205,78,-5.9,23.6,0.0075,,
0.6285,79,-5.1,23.6,0.0075,,
0.637,80,-4.3,23.6,0.0075,,
0.6455,81,-3.4,23.6,0.0075,,
0.653,82,-2.6,23.6,0.007,,
0.6615,83,-1.8,23.7,0.0075,,
0.67,84,-0.9,23.7,0.0075,,
0.6785,85,0,23.7,0.0075,,
0.687,86,0.4,23.7,0.0075,,
0.695,87,0.6,23.7,0.0075,,
0.703,88,1.3,23.7,0.0075,,
0.711,89,2.2,23.7,0.0075,,
0.7195,90,3.5,23.7,0.0075,,
0.728,91,3.8,23.7,0.0075,,
0.7365,92,4.6,23.7,0.0075,,
0.745,93,5.2,23.7,0.0075,,
0.7525,94,5.8,23.7,0.007,,
0.761,95,6.5,23.7,0.0075,,
0.7695,96,7.1,23.7,0.0075,,
0.778,97,7.8,23.7,0.0075,,
0.786,98,8.7,23.7,0.0075,,
0.7945,99,9.6,23.7,0.0075,,
0.802,100,10.4,23.7,0.007,,
0.8105,101,11.3,23.7,0.0075,,
0.819,102,12.2,23.7,0.0075,,
0.8275,103,13.1,23.7,0.0075,,
0.836,104,14,23.7,0.0075,,
0.8445,105,14.8,23.7,0.0075,,
0.853,106,15.5,23.7,0.0085,,
0.8605,107,16.3,23.7,0.007,,
0.8685,108,17.2,23.7,0.0075,,
0.877,109,18,23.7,0.0075,,
0.8855,110,18.9,23.7,0.0075,,
0.894,111,19.8,23.7,0.0075,,
0.9025,112,20.6,23.7,0.0075,,
0.91,113,21.5,23.7,0.007,,
0.9185,114,22.4,23.7,0.0075,,
0.927,115,23.3,23.7,0.0075,,
0.9355,116,24.2,23.7,0.0075,,
0.9435,117,25.2,23.7,0.0075,,
0.952,118,26.1,23.7,0.0075,,
0.9595,119,27,23.7,0.007,,
0.968,120,28,23.7,0.0075,,
0.9765,121,28.9,23.7,0.0075,,
0.985,122,29.9,23.7,0.0075,,
0.9935,123,31,23.7,0.0075,,
1.002,124,32,23.7,0.0075,,
1.0095,125,33,23.7,0.007,,
1.018,126,34,23.7,0.0075,,
1.0265,127,35.1,23.7,0.0075,,
1.035,128,36.3,23.7,0.0075,,
1.043,129,37.4,23.7,0.0075,,
1.0515,130,38.5,23.7,0.0085,,
1.059,131,39.7,23.7,0.007,,
1.0675,132,40.9,23.7,0.0075,,
1.076,133,42.2,23.7,0.0075,,
1.0845,134,43.5,23.7,0.0075,,
1.093,135,44.8,23.7,0.0075,,
1.1015,136,45.9,23.7,0.0075,,
1.109,137,47.3,23.7,0.007,,
1.1175,138,48.7,23.7,0.0075,,
1.126,139,50.2,23.7,0.0075,,
1.134,140,51.8,23.7,0.0075,,
1.1425,141,53.3,23.7,0.0075,,
1.151,142,54.7,23.7,0.0085,,
1.1585,143,56.4,23.7,0.007,,
1.167,144,58.2,23.7,0.0075,,
1.1755,145,59.9,23.7,0.0075,,
1.184,146,61.8,23.7,0.0075,,
1.1925,147,63.7,23.7,0.0075,,
1.201,148,65.5,23.7,0.0075,,
1.2085,149,67.7,23.7,0.007,,
1.217,150,70,23.7,0.0075,,
1.2255,151,72.4,23.7,0.0075,,
1.2335,152,75,23.7,0.0075,,
1.242,153,77.8,23.7,0.0075,,
1.2505,154,80.4,23.7,0.0075,,
1.258,155,83.6,23.7,0.007,,
1.2665,156,86.9,23.7,0.0075,,
1.275,157,90.5,23.7,0.0075,,
1.2835,158,94.5,23.7,0.0075,,
1.292,159,99,23.7,0.0075,,
1.3005,160,103.2,23.7,0.0075,,
1.308,161,108.2,23.7,0.007,,
1.3165,162,113.7,23.7,0.0075,,
1.3245,163,119.5,23.7,0.0075,,
1.333,164,125.6,23.7,0.0075,,
1.3415,165,131.7,23.7,0.0075,,
1.35,166,137.6,23.7,0.0075,,
1.3575,167,142.8,23.7,0.007,,
1.366,168,148.2,23.7,0.0075,,
1.3745,169,153.2,23.7,0.0075,,
1.383,170,157.7,23.7,0.0075,,
1.391,171,161.7,23.7,0.0075,,
1.3995,172,165.2,23.7,0.0075,,
1.407,173,167.9,23.7,0.007,,
1.4155,174,170.6,23.7,0.0075,,
1.424,175,172.9,23.7,0.0075,,
1.4325,176,174.9,23.7,0.0075,,
1.441,177,176.8,23.7,0.0075,,
1.4495,178,178.5,23.7,0.0075,,
1.457,179,179.8,23.7,0.007,,
1.4655,180,181.2,23.7,0.0075,,
1.474,181,182.6,23.7,0.0075,,
1.482,182,183.9,23.7,0.0075,,
1.4915,183,185,23.7,0.008,,
1.4915,423,187.8,23.8,0,,
1.492,424,187.7,23.8,0.0005,,
1.4935,425,187.7,23.8,0.001,,
1.496,426,187.8,23.8,0.002,,
1.5,428,187.9,23.8,0.0025,,
1.506,428,188.2,23.8,0.012,,
1.5145,430,188.9,23.8,0.0055,,
1.522,430,189.7,23.8,0.0185,,
1.5305,431,190.7,23.8,0.006,,
1.539,432,191.7,23.8,0.006,,
1.5475,434,192.5,23.8,0.0055,,
1.5555,434,193.3,23.8,0.016,,
1.564,436,194.2,23.8,0.0055,,
1.5715,436,195,23.8,0.0185,,
1.58,437,195.8,23.8,0.006,,
1.5885,438,196.5,23.8,0.006,,
1.597,440,197.2,23.8,0.0055,,
1.6055,440,198,23.8,0.017,,
1.614,442,198.7,23.8,0.0055,,
1.6215,442,199.4,23.8,0.0185,,
1.63,443,200.1,23.8,0.006,,
1.6385,444,200.7,23.8,0.0055,,
1.6465,446,201.3,23.8,0.0055,,
1.655,446,202,23.8,0.017,,
1.6635,448,202.6,23.8,0.0055,,
1.671,448,203.1,23.8,0.019,,
1.6795,449,203.7,23.8,0.006,,
1.688,450,204.2,23.8,0.006,,
1.6965,452,204.8,23.8,0.0055,,
1.705,452,205.3,23.8,0.017,,
1.7135,454,205.9,23.8,0.0055,,
1.721,454,206.3,23.8,0.0185,,
1.7295,455,206.8,23.8,0.006,,
1.7375,456,207.4,23.8,0.0055,,
1.746,458,207.9,23.8,0.0055,,
1.7545,458,208.3,23.8,0.017,,
1.763,460,208.8,23.8,0.0055,,
1.7715,460,209.2,23.8,0.021,,
1.779,461,209.7,23.8,0.0055,,
1.7875,462,210.1,23.8,0.006,,
1.796,464,210.6,23.8,0.0055,,
1.8045,464,211,23.8,0.017,,
1.8125,466,211.4,23.8,0.0055,,
1.8205,466,211.8,23.8,0.02,,
1.8285,467,212.2,23.8,0.0055,,
1.837,468,212.6,23.8,0.006,,
1.8455,470,213,23.8,0.0055,,
1.854,470,213.4,23.8,0.017,,
1.8625,472,213.8,23.8,0.0055,,
1.871,472,214.1,23.8,0.021,,
1.8785,473,214.5,23.8,0.0055,,
1.887,474,214.9,23.8,0.006,,
1.8955,476,215.3,23.8,0.0055,,
1.9035,476,215.6,23.8,0.016,,
1.912,478,215.9,23.8,0.0055,,
1.9205,478,216.3,23.8,0.021,,
1.928,479,216.6,23.8,0.0055,,
1.9365,480,216.9,23.8,0.006,,
1.945,482,217.3,23.8,0.0055,,
1.9535,482,217.7,23.8,0.017,,
1.962,484,217.9,23.8,0.0055,,
1.97,484,218.2,23.8,0.02,,
1.978,485,218.5,23.8,0.0055,,
1.986,486,218.9,23.8,0.0055,,
1.9945,488,219.2,23.8,0.0055,,
2.003,488,219.5,23.8,0.017,,
2.0115,490,219.8,23.8,0.0055,,
2.02,490,220.1,23.8,0.017,,
2.0275,491,220.3,23.8,0.0055,,
2.036,492,220.7,23.8,0.006,,
2.0445,493,221,23.8,0.006,,
2.053,494,221.3,23.8,0.0055,,
2.061,496,221.5,23.8,0.0055,,
2.0695,496,221.9,23.8,0.017,,
2.077,497,222.1,23.8,0.0055,,
2.0855,498,222.4,23.8,0.006,,
2.094,499,222.6,23.8,0.006,,
2.1025,500,222.9,23.8,0.0055,,
2.111,502,223.2,23.8,0.0055,,
2.1195,502,223.5,23.8,0.017,,
2.127,503,223.7,23.8,0.0055,,
2.1355,504,223.9,23.8,0.006,,
2.144,505,224.2,23.8,0.006,,
2.152,506,224.5,23.8,0.0055,,
2.1605,508,224.7,23.8,0.0055,,
2.169,508,225,23.8,0.017,,
2.1765,509,225.2,23.8,0.0055,,
2.185,510,225.4,23.8,0.006,,
2.1935,511,225.7,23.8,0.006,,
2.202,512,225.9,23.8,0.0055,,
2.2105,514,226.1,23.8,0.0055,,
2.219,514,226.4,23.8,0.017,,
2.2265,515,226.6,23.8,0.0055,,
2.235,516,226.8,23.8,0.006,,
2.2435,517,227,23.8,0.006,,
2.2515,518,227.3,23.8,0.0055,,
2.26,520,227.5,23.8,0.0055,,
2.2685,520,227.7,23.8,0.017,,
2.276,521,227.9,23.8,0.0055,,
2.2845,522,228.1,23.8,0.0055,,
2.293,523,228.3,23.8,0.006,,
2.3015,524,228.7,23.8,0.0055,,
2.31,526,228.8,23.8,0.0055,,
2.318,526,229,23.8,0.016,,
2.326,527,229.2,23.8,0.0055,,
2.334,528,229.4,23.8,0.0055,,
2.3425,529,229.6,23.8,0.006,,
2.351,530,229.8,23.8,0.0055,,
2.3595,532,230,23.8,0.0055,,
2.368,532,230.2,23.8,0.017,,
2.3755,533,230.3,23.8,0.0055,,
2.384,534,230.5,23.8,0.006,,
2.3925,535,230.7,23.8,0.006,,
2.401,536,230.9,23.8,0.0055,,
2.409,538,231.2,23.8,0.0055,,
2.4175,538,231.4,23.8,0.017,,
2.426,539,231.6,23.8,0.006,,
2.4335,540,231.8,23.8,0.0055,,
2.442,541,232,23.8,0.006,,
2.4505,542,232.1,23.8,0.0055,,
2.459,544,232.3,23.8,0.0055,,
2.4675,544,232.5,23.8,0.017,,
2.4755,546,232.7,23.8,0.0055,,
2.4835,546,232.9,23.8,0.02,,
2.4915,547,233,23.8,0.0055,,
2.5,548,233.2,23.8,0.0055,,
2.5085,550,233.4,23.8,0.0055,,
2.517,550,233.6,23.8,0.017,,
2.5255,551,233.7,23.8,0.006,,
2.533,552,233.9,23.8,0.0055,,
2.5415,553,234,23.8,0.006,,
2.55,554,234.2,23.8,0.0055,,
2.557,556,234.4,23.8,0.0045,,
2.564,556,234.5,23.8,0.014,,
2.5695,557,234.6,23.8,0.004,,
2.5735,558,234.7,23.8,0.003,,
2.5775,559,234.8,23.8,0.003,,
2.5825,560,235,23.8,0.0035,,
2.5895,562,235,23.8,0.004,,
Scope 1/1, Sample 6/6 (--),,,,,
Result,TitrationEP1,,,,,
V,t,E,T,dV/dt,E acc. stat.,Volume acc. stat.
0,0,-78.8,23.8,NaN,,
0.001,1,-78.8,23.8,0.001,,
0.0025,2,-78.7,23.8,0.0015,,
0.005,3,-78.8,23.8,0.0025,,
0.009,4,-78.8,23.8,0.0035,,
0.015,5,-78.7,23.8,0.0055,,
0.0235,6,-78.6,23.8,0.0075,,
0.032,7,-78.4,23.8,0.0075,,
0.0405,8,-78.1,23.8,0.0075,,
0.049,9,-77.6,23.8,0.0075,,
0.0565,10,-77.2,23.8,0.007,,
0.065,11,-76.7,23.8,0.0075,,
0.073,12,-76.2,23.8,0.0075,,
0.0815,13,-75.4,23.8,0.0075,,
0.09,14,-74.6,23.8,0.0075,,
0.0985,15,-73.8,23.8,0.0075,,
0.106,16,-73,23.8,0.007,,
0.1145,17,-72,23.8,0.0075,,
0.123,18,-71,23.8,0.0075,,
0.1315,19,-70,23.8,0.0075,,
0.14,20,-68.8,23.8,0.0075,,
0.1485,21,-67.5,23.8,0.0075,,
0.156,22,-66.4,23.8,0.007,,
0.1645,23,-65.1,23.8,0.0075,,
0.1725,24,-63.7,23.8,0.0075,,
0.181,25,-62.2,23.8,0.0075,,
0.1895,26,-60.8,23.8,0.0075,,
0.198,27,-59.4,23.8,0.0075,,
0.2055,28,-57.9,23.8,0.007,,
0.214,29,-56.3,23.8,0.0075,,
0.2225,30,-54.7,23.8,0.0075,,
0.231,31,-53.2,23.8,0.0075,,
0.2395,32,-51.4,23.8,0.0075,,
0.248,33,-49.8,23.8,0.007,,
0.2555,34,-48.4,23.8,0.007,,
0.264,35,-47,23.8,0.0075,,
0.272,36,-45.6,23.8,0.0075,,
0.2805,37,-44.1,23.8,0.0075,,
0.289,38,-42.8,23.8,0.0075,,
0.2975,39,-41.5,23.8,0.007,,
0.305,40,-40.4,23.8,0.007,,
0.3135,41,-39.1,23.8,0.0075,,
0.322,42,-37.9,23.8,0.0075,,
0.3305,43,-36.8,23.8,0.0075,,
0.339,44,-35.6,23.8,0.0075,,
0.347,45,-34.5,23.8,0.0065,,
0.355,46,-33.5,23.8,0.0075,,
0.363,47,-32.4,23.8,0.0075,,
0.3715,48,-31.4,23.8,0.0075,,
0.38,49,-30.4,23.8,0.0075,,
0.3885,50,-29.4,23.8,0.0075,,
0.397,51,-28.3,23.8,0.007,,
0.4045,52,-27.5,23.8,0.007,,
0.413,53,-26.6,23.8,0.0075,,
0.4215,54,-25.6,23.8,0.0075,,
0.43,55,-24.7,23.8,0.0075,,
0.438,56,-23.8,23.8,0.0075,,
0.4465,57,-22.9,23.8,0.007,,
0.454,58,-22.1,23.8,0.007,,
0.4625,59,-21.2,23.8,0.0075,,
0.471,60,-20.3,23.8,0.0075,,
0.4795,61,-19.5,23.8,0.0075,,
0.488,62,-18.7,23.8,0.0075,,
0.4965,63,-17.9,23.8,0.0075,,
0.504,64,-17.2,23.8,0.007,,
0.5125,65,-16.3,23.8,0.0075,,
0.5205,66,-15.5,23.8,0.0075,,
0.529,67,-14.7,23.8,0.0075,,
0.5375,68,-14,23.9,0.0075,,
0.546,69,-13.1,23.8,0.0075,,
0.5545,70,-12.4,23.8,0.0075,,
0.562,71,-11.6,23.8,0.007,,
0.5705,72,-10.9,23.8,0.0075,,
0.579,73,-10.1,23.8,0.0075,,
0.587,74,-9.3,23.9,0.0075,,
0.5955,75,-8.6,23.9,0.0075,,
0.604,76,-7.9,23.9,0.0075,,
0.6115,77,-7.3,23.9,0.007,,
0.62,78,-6.6,23.9,0.0075,,
0.6285,79,-5.8,23.8,0.0075,,
0.637,80,-5,23.9,0.0075,,
0.6455,81,-4.1,23.9,0.0075,,
0.654,82,-3.4,23.9,0.007,,
0.6615,83,-2.6,23.9,0.007,,
0.67,84,-1.7,23.9,0.0075,,
0.678,85,-0.8,23.9,0.0075,,
0.6865,86,-0.1,23.9,0.0075,,
0.695,87,0.2,23.9,0.0075,,
0.7035,88,0.7,23.9,0.007,,
0.711,89,1.3,23.9,0.007,,
0.7195,90,2.2,23.9,0.0075,,
0.728,91,3.4,23.9,0.0075,,
0.7365,92,3.7,23.9,0.0075,,
0.745,93,4.6,23.9,0.0075,,
0.753,94,5.3,23.9,0.0075,,
0.761,95,5.8,23.9,0.0075,,
0.769,96,6.4,23.9,0.0075,,
0.7775,97,7.1,23.9,0.0075,,
0.786,98,7.9,23.9,0.0075,,
0.7945,99,8.8,23.9,0.0075,,
0.803,100,9.6,23.9,0.0075,,
0.8105,101,10.4,23.9,0.007,,
0.819,102,11.4,23.9,0.0075,,
0.8275,103,12.3,23.9,0.0075,,
0.836,104,13.1,23.9,0.0075,,
0.8445,105,13.9,23.9,0.0075,,
0.8525,106,14.8,23.9,0.0065,,
0.8605,107,15.5,23.9,0.0075,,
0.8685,108,16.4,23.9,0.0075,,
0.877,109,17.2,23.9,0.0075,,
0.8855,110,18,23.9,0.0075,,
0.894,111,18.9,23.9,0.0075,,
0.9025,112,19.8,23.9,0.007,,
0.91,113,20.6,23.9,0.007,,
0.9185,114,21.4,23.9,0.0075,,
0.927,115,22.3,23.9,0.0075,,
0.9355,116,23.2,23.9,0.0075,,
0.9435,117,24.1,23.9,0.0075,,
0.952,118,25,23.9,0.007,,
0.9595,119,25.9,23.9,0.007,,
0.968,120,26.9,23.9,0.0075,,
0.9765,121,27.9,23.9,0.0075,,
0.985,122,28.8,23.9,0.0075,,
0.9935,123,29.8,23.9,0.0075,,
1.002,124,30.9,23.9,0.0075,,
1.0095,125,31.9,23.9,0.007,,
1.018,126,32.9,23.9,0.0075,,
1.026,127,33.9,23.9,0.0075,,
1.0345,128,35.1,23.9,0.0075,,
1.043,129,36.2,23.9,0.0075,,
1.0515,130,37.4,23.9,0.0075,,
1.059,131,38.5,23.9,0.007,,
1.0675,132,39.6,23.9,0.0075,,
1.076,133,40.9,23.9,0.0075,,
1.0845,134,42.1,23.9,0.0075,,
1.093,135,43.4,23.9,0.0075,,
1.101,136,44.7,23.9,0.0075,,
1.1095,137,45.9,23.9,0.0075,,
1.117,138,47.3,23.9,0.007,,
1.1255,139,48.7,23.9,0.0075,,
1.134,140,50.2,23.9,0.0075,,
1.1425,141,51.7,23.9,0.0075,,
1.151,142,53.3,23.9,0.0075,,
1.1595,143,54.9,23.9,0.007,,
1.167,144,56.4,23.9,0.007,,
1.1755,145,58,23.9,0.0075,,
1.184,146,59.9,23.9,0.0075,,
1.192,147,61.8,23.9,0.0075,,
1.2005,148,63.7,23.9,0.0075,,
1.209,149,65.6,23.9,0.0075,,
1.2165,150,67.6,23.9,0.007,,
1.225,151,69.9,23.9,0.0075,,
1.2335,152,72.3,23.9,0.0075,,
1.242,153,74.9,23.9,0.0075,,
1.2505,154,77.7,23.9,0.0075,,
1.259,155,80.3,23.9,0.0075,,
1.2665,156,83.5,23.9,0.007,,
1.275,157,86.8,23.9,0.0075,,
1.283,158,90.6,23.9,0.0075,,
1.2915,159,94.6,23.9,0.0075,,
1.3,160,99,23.9,0.0075,,
1.3085,161,103.8,23.9,0.007,,
1.316,162,108.5,23.9,0.007,,
1.3245,163,114.3,23.9,0.0075,,
1.333,164,120.1,23.9,0.0075,,
1.3415,165,126.3,23.9,0.0075,,
1.35,166,132.4,23.9,0.0075,,
1.358,167,138,23.9,0.0075,,
1.366,168,143.9,23.9,0.0075,,
1.374,169,149.3,23.9,0.0075,,
1.3825,170,154.2,23.9,0.0075,,
1.391,171,158.5,23.9,0.0075,,
1.3995,172,162.4,23.9,0.0075,,
1.408,173,165.5,23.9,0.0075,,
1.4155,174,168.5,23.9,0.007,,
1.424,175,171.2,23.9,0.0075,,
1.4325,176,173.4,23.9,0.0075,,
1.441,177,175.4,23.9,0.0075,,
1.449,178,177.2,23.9,0.0075,,
1.4575,179,178.7,23.9,0.007,,
1.465,180,180.1,23.9,0.007,,
1.4735,181,181.6,23.9,0.0075,,
1.482,182,183,23.9,0.0075,,
1.4905,183,184.2,23.9,0.0075,,
1.4985,184,185.1,23.9,0.0075,,
1.4985,424,187.9,24,0,,
1.499,425,188,24,0.0005,,
1.5005,426,188,24,0.001,,
1.503,427,188,24,0.002,,
1.507,428,188.1,24,0.003,,
1.513,429,188.5,24,0.0045,,
1.5215,430,189.2,24,0.0065,,
1.529,431,189.9,24,0.006,,
1.5375,432,190.7,24,0.007,,
1.546,433,191.6,24,0.007,,
1.5545,434,192.5,24,0.0065,,
1.5625,435,193.3,24,0.006,,
1.571,436,194.2,24,0.0065,,
1.5785,437,195,24,0.006,,
1.587,438,195.7,24,0.007,,
1.5955,439,196.5,24,0.007,,
1.604,440,197.2,24,0.0065,,
1.6125,441,198,24,0.0065,,
1.621,442,198.9,24,0.0065,,
1.629,443,199.5,24,0.006,,
1.637,444,200,24,0.0065,,
1.645,445,200.7,24,0.0065,,
1.6535,446,201.4,24,0.007,,
1.662,447,201.9,24,0.0065,,
1.6705,448,202.6,24,0.0065,,
1.679,449,203.1,24,0.0065,,
1.6865,450,203.6,24,0.006,,
1.695,451,204.2,24,0.007,,
1.7035,452,204.8,24,0.007,,
1.7115,453,205.2,24,0.006,,
1.72,454,205.9,24,0.0065,,
1.7285,455,206.4,24,0.0065,,
1.736,456,206.9,24,0.006,,
1.7445,457,207.3,24,0.007,,
1.753,458,207.8,24,0.007,,
1.7615,459,208.3,24,0.0065,,
1.77,460,208.8,24,0.0065,,
1.7785,461,209.2,24,0.0065,,
1.786,462,209.6,24,0.0065,,
1.7945,463,210.1,24,0.007,,
1.803,464,210.6,24,0.007,,
1.811,465,211,24,0.006,,
1.8195,466,211.5,24,0.0065,,
1.828,467,211.9,24,0.0065,,
1.8355,468,212.2,24,0.0065,,
1.844,469,212.6,24,0.007,,
1.8525,470,213,24,0.007,,
1.861,471,213.5,24,0.0065,,
1.8695,472,213.8,24,0.0065,,
1.8775,473,214.1,24,0.006,,
1.8855,474,214.5,24,0.0065,,
1.894,475,214.9,24,0.007,,
1.902,476,215.3,24,0.0065,,
1.9105,477,215.6,24,0.0065,,
1.919,478,216,24,0.0065,,
1.9275,479,216.4,24,0.0065,,
1.936,480,216.7,24,0.007,,
1.9435,481,217,24,0.006,,
1.952,482,217.4,24,0.007,,
1.9605,483,217.7,24,0.0065,,
1.9685,484,218,24,0.006,,
1.977,485,218.3,24,0.0065,,
1.9855,486,218.6,24,0.007,,
1.993,487,219,24,0.006,,
2.0015,488,219.3,24,0.007,,
2.01,489,219.5,24,0.0065,,
2.0185,490,219.9,24,0.0065,,
2.027,491,220.2,24,0.0065,,
2.0355,492,220.5,24,0.007,,
2.043,493,220.8,24,0.006,,
2.051,494,221,24,0.0065,,
2.0595,495,221.3,24,0.007,,
2.068,496,221.6,24,0.0065,,
2.0765,497,221.8,24,0.0065,,
2.085,498,222.1,24,0.0065,,
2.0925,499,222.4,24,0.006,,
2.101,500,222.7,24,0.007,,
2.1095,501,222.9,24,0.007,,
2.118,502,223.2,24,0.0065,,
2.126,503,223.5,24,0.006,,
2.1345,504,223.8,24,0.0065,,
2.142,505,224,24,0.006,,
2.1505,506,224.1,24,0.007,,
2.159,507,224.5,24,0.007,,
2.1675,508,224.7,24,0.0065,,
2.176,509,225,24,0.0065,,
2.1845,510,225.3,24,0.0065,,
2.192,511,225.5,24,0.006,,
2.2005,512,225.7,24,0.007,,
2.209,513,225.9,24,0.007,,
2.217,514,226.1,24,0.006,,
2.2255,515,226.4,24,0.0065,,
2.234,516,226.6,24,0.0065,,
2.2415,517,226.8,24,0.006,,
2.25,518,227,24,0.007,,
2.2585,519,227.3,24,0.007,,
2.267,520,227.5,24,0.0065,,
2.2755,521,227.7,24,0.0065,,
2.284,522,228,24,0.0065,,
2.292,523,228.1,24,0.0065,,
2.2995,524,228.4,24,0.006,,
2.308,525,228.5,24,0.007,,
2.3165,526,228.8,24,0.0065,,
2.325,527,229,24,0.0065,,
2.3335,528,229.2,24,0.0065,,
2.341,529,229.4,24,0.006,,
2.3495,530,229.6,24,0.007,,
2.358,531,229.9,24,0.007,,
2.3665,532,230,24,0.0065,,
2.3745,533,230.2,24,0.006,,
2.383,534,230.4,24,0.0065,,
2.3915,535,230.7,24,0.007,,
2.399,536,230.8,24,0.006,,
2.4075,537,231,24,0.007,,
2.416,538,231.2,24,0.0065,,
2.4245,539,231.4,24,0.0065,,
2.433,540,231.5,24,0.0065,,
2.4415,541,231.8,24,0.0065,,
2.449,542,231.9,24,0.006,,
2.4575,543,232.2,24,0.007,,
2.4655,544,232.3,24,0.006,,
2.474,545,232.4,24,0.0065,,
2.4825,546,232.7,24,0.0065,,
2.491,547,232.9,24,0.0065,,
2.4985,548,233,24,0.006,,
2.507,549,233.2,24,0.007,,
2.5155,550,233.4,24,0.007,,
2.524,551,233.6,24,0.0065,,
2.5325,552,233.7,24,0.0065,,
2.5405,553,233.9,24,0.006,,
2.5485,554,234.1,24,0.0065,,
2.557,555,234.2,24,0.007,,
2.565,556,234.4,24,0.006,,
2.568,557,234.5,24,0.0025,,
2.5705,558,234.7,24,0.002,,
2.573,559,234.7,24,0.002,,
2.5765,560,234.7,24,0.003,,
2.5815,561,234.8,24,0.004,,
2.591,563,235,24,0.006,,
