Task,T4949
Scope 1/1, Sample 1/5 (1)
Result,TitrationEP1
V,t,E,T,dV/dt,E acc. stat.,Volume acc. stat.
0.0000,0,-61.4,22.7,NaN,,
0.0005,1,-61.4,22.7,0.0005,,
0.0025,2,-61.4,22.7,0.0020,,
0.0050,3,-61.5,22.7,0.0025,,
0.0090,4,-61.6,22.7,0.0035,,
0.0150,5,-61.6,22.7,0.0055,,
0.0235,6,-61.5,22.7,0.0085,,
0.0315,7,-61.5,22.7,0.0080,,
0.0395,8,-61.4,22.7,0.0080,,
0.0480,9,-61.2,22.7,0.0075,,
0.0565,10,-60.9,22.7,0.0075,,
0.0650,11,-60.5,22.7,0.0075,,
0.0725,12,-60.0,22.7,0.0075,,
0.0810,13,-59.5,22.7,0.0085,,
0.0895,14,-58.8,22.7,0.0085,,
0.0980,15,-58.1,22.7,0.0075,,
0.1065,16,-57.4,22.7,0.0075,,
0.1145,17,-56.6,22.7,0.0075,,
0.1230,18,-55.8,22.7,0.0085,,
0.1305,19,-55.0,22.7,0.0075,,
0.1390,20,-54.2,22.7,0.0085,,
0.1475,21,-53.3,22.8,0.0075,,
0.1560,22,-52.3,22.7,0.0075,,
0.1645,23,-51.3,22.7,0.0075,,
0.1730,24,-50.3,22.7,0.0075,,
0.1805,25,-49.3,22.7,0.0075,,
0.1890,26,-48.1,22.8,0.0085,,
0.1975,27,-47.1,22.8,0.0075,,
0.2055,28,-46.0,22.8,0.0075,,
0.2140,29,-45.0,22.8,0.0075,,
0.2225,30,-44.0,22.8,0.0085,,
0.2300,31,-43.1,22.8,0.0075,,
0.2385,32,-42.1,22.8,0.0085,,
0.2470,33,-41.2,22.8,0.0085,,
0.2555,34,-40.4,22.8,0.0075,,
0.2640,35,-39.4,22.8,0.0075,,
0.2725,36,-38.5,22.8,0.0075,,
0.2800,37,-37.8,22.8,0.0075,,
0.2885,38,-37.0,22.8,0.0085,,
0.2965,39,-36.1,22.8,0.0075,,
0.3050,40,-35.3,22.8,0.0075,,
0.3135,41,-34.6,22.8,0.0075,,
0.3220,42,-33.8,22.8,0.0075,,
0.3295,43,-33.2,22.8,0.0075,,
0.3380,44,-32.5,22.8,0.0085,,
0.3465,45,-31.7,22.8,0.0075,,
0.3550,46,-31.0,22.8,0.0075,,
0.3635,47,-30.4,22.8,0.0075,,
0.3715,48,-29.8,22.8,0.0075,,
0.3795,49,-29.3,22.8,0.0080,,
0.3875,50,-28.6,22.8,0.0080,,
0.3960,51,-27.9,22.8,0.0075,,
0.4045,52,-27.2,22.8,0.0075,,
0.4130,53,-26.5,22.8,0.0075,,
0.4215,54,-25.9,22.8,0.0085,,
0.4290,55,-25.3,22.8,0.0075,,
0.4375,56,-24.8,22.8,0.0085,,
0.4460,57,-24.2,22.8,0.0075,,
0.4545,58,-23.7,22.8,0.0075,,
0.4625,59,-23.1,22.8,0.0075,,
0.4710,60,-22.6,22.8,0.0075,,
0.4785,61,-22.0,22.8,0.0075,,
0.4870,62,-21.5,22.8,0.0085,,
0.4955,63,-20.9,22.8,0.0075,,
0.5040,64,-20.3,22.8,0.0075,,
0.5125,65,-19.8,22.8,0.0075,,
0.5210,66,-19.3,22.8,0.0085,,
0.5285,67,-18.8,22.8,0.0075,,
0.5370,68,-18.2,22.8,0.0085,,
0.5455,69,-17.6,22.8,0.0075,,
0.5540,70,-17.1,22.8,0.0075,,
0.5620,71,-16.5,22.8,0.0075,,
0.5705,72,-16.1,22.8,0.0085,,
0.5780,73,-15.6,22.8,0.0075,,
0.5865,74,-15.0,22.8,0.0085,,
0.5950,75,-14.5,22.8,0.0075,,
0.6035,76,-14.0,22.8,0.0075,,
0.6120,77,-13.4,22.8,0.0075,,
0.6205,78,-12.9,22.8,0.0075,,
0.6280,79,-12.4,22.8,0.0075,,
0.6365,80,-11.9,22.8,0.0085,,
0.6450,81,-11.4,22.8,0.0075,,
0.6530,82,-10.7,22.8,0.0075,,
0.6615,83,-10.1,22.8,0.0075,,
0.6700,84,-9.6,22.8,0.0075,,
0.6775,85,-9.2,22.8,0.0075,,
0.6860,86,-8.7,22.8,0.0085,,
0.6945,87,-8.2,22.8,0.0085,,
0.7030,88,-7.7,22.8,0.0075,,
0.7115,89,-7.2,22.8,0.0075,,
0.7195,90,-6.6,22.8,0.0075,,
0.7275,91,-6.3,22.8,0.0080,,
0.7355,92,-5.7,22.8,0.0080,,
0.7440,93,-5.1,22.8,0.0085,,
0.7525,94,-4.5,22.8,0.0075,,
0.7610,95,-3.9,22.8,0.0075,,
0.7695,96,-3.3,22.8,0.0075,,
0.7770,97,-2.8,22.8,0.0075,,
0.7855,98,-2.2,22.8,0.0085,,
0.7940,99,-1.5,22.8,0.0085,,
0.8025,100,-0.8,22.8,0.0075,,
0.8105,101,-0.3,22.8,0.0075,,
0.8190,102,0.0,22.8,0.0075,,
0.8265,103,0.0,22.8,0.0075,,
0.8350,104,0.6,22.8,0.0085,,
0.8435,105,1.2,22.8,0.0085,,
0.8520,106,1.8,22.8,0.0075,,
0.8605,107,2.7,22.8,0.0075,,
0.8690,108,3.7,22.8,0.0075,,
0.8765,109,3.4,22.8,0.0075,,
0.8850,110,4.3,22.8,0.0085,,
0.8935,111,4.9,22.8,0.0085,,
0.9015,112,5.4,22.8,0.0075,,
0.9100,113,5.9,22.8,0.0075,,
0.9185,114,6.4,22.8,0.0075,,
0.9260,115,6.9,22.8,0.0075,,
0.9345,116,7.5,22.8,0.0085,,
0.9430,117,8.2,22.8,0.0085,,
0.9515,118,9.0,22.8,0.0075,,
0.9600,119,9.9,22.8,0.0075,,
0.9685,120,10.7,22.8,0.0075,,
0.9760,121,11.4,22.8,0.0075,,
0.9845,122,12.2,22.8,0.0085,,
0.9930,123,13.0,22.8,0.0085,,
1.0010,124,13.8,22.8,0.0075,,
1.0095,125,14.5,22.8,0.0075,,
1.0180,126,15.3,22.8,0.0075,,
1.0265,127,15.9,22.8,0.0085,,
1.0340,128,16.8,22.8,0.0075,,
1.0425,129,17.6,22.8,0.0085,,
1.0510,130,18.5,22.8,0.0075,,
1.0595,131,19.5,22.8,0.0075,,
1.0675,132,20.5,22.8,0.0075,,
1.0760,133,21.4,22.8,0.0085,,
1.0835,134,22.5,22.8,0.0075,,
1.0920,135,23.7,22.8,0.0085,,
1.1005,136,24.8,22.8,0.0085,,
1.1090,137,26.1,22.8,0.0075,,
1.1175,138,27.2,22.8,0.0075,,
1.1260,139,28.6,22.8,0.0075,,
1.1335,140,29.8,22.8,0.0075,,
1.1420,141,31.3,22.8,0.0085,,
1.1500,142,32.9,22.8,0.0080,,
1.1585,143,34.6,22.8,0.0075,,
1.1670,144,36.4,22.8,0.0075,,
1.1755,145,38.5,22.8,0.0075,,
1.1830,146,40.6,22.8,0.0075,,
1.1915,147,43.0,22.8,0.0085,,
1.2000,148,45.8,22.8,0.0085,,
1.2085,149,48.9,22.8,0.0075,,
1.2170,150,52.3,22.8,0.0075,,
1.2250,151,56.2,22.8,0.0075,,
1.2330,152,60.1,22.8,0.0080,,
1.2410,153,65.0,22.8,0.0080,,
1.2495,154,70.6,22.8,0.0085,,
1.2580,155,77.0,22.8,0.0075,,
1.2665,156,83.7,22.8,0.0075,,
1.2750,157,90.7,22.8,0.0075,,
1.2835,158,97.4,22.8,0.0085,,
1.2910,159,105.0,22.8,0.0075,,
1.2995,160,113.1,22.8,0.0085,,
1.3075,161,121.2,22.8,0.0075,,
1.3160,162,129.1,22.8,0.0075,,
1.3245,163,137.1,22.8,0.0075,,
1.3330,164,144.2,22.8,0.0085,,
1.3405,165,151.5,22.8,0.0075,,
1.3490,166,158.2,22.8,0.0085,,
1.3575,167,164.3,22.8,0.0075,,
1.3660,168,169.6,22.8,0.0075,,
1.3745,169,174.2,22.8,0.0075,,
1.3825,170,178.1,22.8,0.0075,,
1.3905,171,181.1,22.8,0.0080,,
1.3985,172,184.0,22.8,0.0080,,
1.4040,173,185.2,22.8,0.0080,,
1.4040,413,194.0,22.9,0.0000,,
1.4045,414,194.0,22.9,0.0005,,
1.4060,415,194.1,22.9,0.0020,,
1.4085,416,194.1,22.9,0.0030,,
1.4125,417,194.2,22.9,0.0045,,
1.4185,418,194.3,22.9,0.0065,,
1.4270,419,194.8,22.9,0.0095,,
1.4345,420,195.2,22.9,0.0095,,
1.4430,421,196.1,22.9,0.0105,,
1.4515,422,196.9,22.9,0.0105,,
1.4595,423,197.7,22.9,0.0090,,
1.4680,424,198.8,22.9,0.0095,,
1.4765,425,199.6,22.9,0.0095,,
1.4840,426,200.3,22.9,0.0095,,
1.4925,427,201.2,22.9,0.0105,,
1.5010,428,202.0,22.9,0.0105,,
1.5095,429,202.9,22.9,0.0095,,
1.5180,430,203.6,22.9,0.0095,,
1.5265,431,204.3,22.9,0.0095,,
1.5345,432,205.0,22.9,0.0090,,
1.5425,433,205.6,22.9,0.0100,,
1.5505,434,206.3,22.9,0.0100,,
1.5590,435,206.9,22.9,0.0105,,
1.5675,436,207.5,22.9,0.0095,,
1.5760,437,208.2,22.9,0.0095,,
1.5845,438,208.8,22.9,0.0095,,
1.5920,439,209.2,22.9,0.0095,,
1.6005,440,209.8,22.9,0.0105,,
1.6090,441,210.3,22.9,0.0105,,
1.6170,442,211.0,22.9,0.0090,,
1.6255,443,211.5,22.9,0.0095,,
1.6340,444,212.0,22.9,0.0095,,
1.6415,445,212.5,22.9,0.0095,,
1.6500,446,213.0,22.9,0.0105,,
1.6585,447,213.4,22.9,0.0105,,
1.6670,448,213.9,22.9,0.0095,,
1.6755,449,214.4,22.9,0.0095,,
1.6840,450,214.8,22.9,0.0095,,
1.6915,451,215.2,22.9,0.0095,,
1.7000,452,215.7,22.9,0.0105,,
1.7085,453,216.2,22.9,0.0105,,
1.7165,454,216.7,22.9,0.0090,,
1.7250,455,217.1,22.9,0.0095,,
1.7335,456,217.5,22.9,0.0095,,
1.7410,457,217.8,22.9,0.0095,,
1.7495,458,218.3,22.9,0.0105,,
1.7580,459,218.7,22.9,0.0105,,
1.7665,460,219.2,22.9,0.0095,,
1.7750,461,219.6,22.9,0.0095,,
1.7835,462,220.0,22.9,0.0095,,
1.7910,463,220.2,22.9,0.0095,,
1.7995,464,220.5,22.9,0.0105,,
1.8075,465,220.9,22.9,0.0100,,
1.8160,466,221.2,22.9,0.0095,,
1.8245,467,221.8,22.9,0.0095,,
1.8330,468,222.1,22.9,0.0105,,
1.8405,469,222.5,22.9,0.0095,,
1.8490,470,222.8,22.9,0.0105,,
1.8575,471,223.1,22.9,0.0095,,
1.8660,472,223.4,22.9,0.0095,,
1.8745,473,223.6,22.9,0.0095,,
1.8825,474,223.9,22.9,0.0090,,
1.8905,475,224.2,22.9,0.0100,,
1.8985,476,224.5,22.9,0.0100,,
1.9070,477,224.9,22.9,0.0095,,
1.9155,478,225.1,22.9,0.0095,,
1.9240,479,225.5,22.9,0.0095,,
1.9325,480,225.7,22.9,0.0095,,
1.9400,481,226.0,22.9,0.0095,,
1.9485,482,226.5,22.9,0.0105,,
1.9570,483,226.7,22.9,0.0105,,
1.9655,484,227.1,22.9,0.0095,,
1.9735,485,227.4,22.9,0.0090,,
1.9820,486,227.7,22.9,0.0095,,
1.9895,487,227.9,22.9,0.0095,,
1.9980,488,228.2,22.9,0.0105,,
2.0065,489,228.4,22.9,0.0105,,
2.0150,490,228.7,22.9,0.0095,,
2.0235,491,229.0,22.9,0.0095,,
2.0320,492,229.2,22.9,0.0095,,
2.0395,493,229.4,22.9,0.0095,,
2.0480,494,229.6,22.9,0.0105,,
2.0565,495,229.9,22.9,0.0105,,
2.0645,496,230.2,22.9,0.0090,,
2.0730,497,230.5,22.9,0.0095,,
2.0815,498,230.7,22.9,0.0095,,
2.0900,499,230.9,22.9,0.0105,,
2.0975,500,231.1,22.9,0.0095,,
2.1060,501,231.4,22.9,0.0105,,
2.1145,502,231.6,22.9,0.0095,,
2.1230,503,231.9,22.9,0.0095,,
2.1310,504,232.1,22.9,0.0090,,
2.1395,505,232.4,22.9,0.0105,,
2.1475,506,232.6,22.9,0.0100,,
2.1555,507,232.8,22.9,0.0100,,
2.1640,508,233.0,22.9,0.0095,,
2.1725,509,233.3,22.9,0.0095,,
2.1810,510,233.5,22.9,0.0095,,
2.1895,511,233.7,22.9,0.0105,,
2.1970,512,234.0,22.9,0.0095,,
2.2045,513,234.2,22.9,0.0095,,
2.2080,514,234.4,22.9,0.0040,,
2.2085,515,234.5,22.9,0.0005,,
2.2090,516,234.5,22.9,0.0005,,
2.2095,517,234.6,22.9,0.0005,,
2.2105,518,234.5,22.9,0.0010,,
2.2125,519,234.6,22.9,0.0025,,
2.2145,520,234.6,22.9,0.0020,,
2.2180,521,234.7,22.9,0.0040,,
2.2225,522,234.8,22.9,0.0050,,
2.2260,523,235.0,22.9,0.0050,,
Scope 1/1, Sample 2/5 (Junk2_083123)
Result,TitrationEP1
V,t,E,T,dV/dt,E acc. stat.,Volume acc. stat.
0.0000,0,-45.0,22.8,NaN,,
0.0005,1,-46.4,22.8,0.0005,,
0.0025,2,-46.6,22.8,0.0020,,
0.0050,3,-46.9,22.8,0.0025,,
0.0090,4,-47.2,22.8,0.0035,,
0.0150,5,-47.4,22.8,0.0055,,
0.0235,6,-47.6,22.8,0.0075,,
0.0310,7,-47.9,22.8,0.0075,,
0.0395,8,-47.9,22.8,0.0085,,
0.0480,9,-47.9,22.8,0.0085,,
0.0565,10,-47.7,22.8,0.0075,,
0.0650,11,-47.4,22.8,0.0075,,
0.0735,12,-47.2,22.8,0.0075,,
0.0810,13,-46.9,22.8,0.0075,,
0.0895,14,-46.5,22.8,0.0085,,
0.0980,15,-46.0,22.8,0.0085,,
0.1060,16,-45.4,22.8,0.0075,,
0.1145,17,-44.8,22.8,0.0075,,
0.1230,18,-44.1,22.8,0.0075,,
0.1305,19,-43.4,22.8,0.0075,,
0.1390,20,-42.7,22.8,0.0085,,
0.1475,21,-42.0,22.8,0.0085,,
0.1560,22,-41.2,22.8,0.0075,,
0.1645,23,-40.4,22.8,0.0075,,
0.1730,24,-39.4,22.8,0.0075,,
0.1810,25,-38.8,22.8,0.0080,,
0.1890,26,-37.8,22.8,0.0080,,
0.1970,27,-37.0,22.8,0.0075,,
0.2055,28,-36.1,22.8,0.0075,,
0.2140,29,-35.4,22.8,0.0075,,
0.2225,30,-34.7,22.8,0.0075,,
0.2310,31,-34.0,22.8,0.0075,,
0.2385,32,-33.4,22.8,0.0075,,
0.2470,33,-32.6,22.8,0.0085,,
0.2555,34,-31.9,22.8,0.0075,,
0.2635,35,-31.3,22.8,0.0075,,
0.2720,36,-30.6,22.8,0.0075,,
0.2805,37,-29.9,22.8,0.0075,,
0.2880,38,-29.3,22.8,0.0075,,
0.2965,39,-28.5,22.8,0.0085,,
0.3050,40,-27.8,22.8,0.0085,,
0.3135,41,-27.2,22.8,0.0075,,
0.3220,42,-26.6,22.8,0.0075,,
0.3305,43,-26.0,22.8,0.0075,,
0.3380,44,-25.4,22.8,0.0075,,
0.3465,45,-24.8,22.8,0.0085,,
0.3545,46,-24.2,22.8,0.0080,,
0.3630,47,-23.7,22.8,0.0075,,
0.3715,48,-23.1,22.8,0.0075,,
0.3800,49,-22.5,22.8,0.0075,,
0.3875,50,-22.0,22.8,0.0075,,
0.3960,51,-21.5,22.8,0.0085,,
0.4045,52,-20.9,22.8,0.0075,,
0.4130,53,-20.3,22.8,0.0075,,
0.4215,54,-19.8,22.8,0.0075,,
0.4295,55,-19.2,22.8,0.0075,,
0.4375,56,-18.9,22.8,0.0080,,
0.4455,57,-18.5,22.8,0.0080,,
0.4540,58,-17.9,22.8,0.0085,,
0.4625,59,-17.4,22.8,0.0075,,
0.4710,60,-16.9,22.8,0.0075,,
0.4795,61,-16.3,22.8,0.0075,,
0.4870,62,-15.9,22.8,0.0075,,
0.4955,63,-15.3,22.8,0.0085,,
0.5040,64,-14.9,22.8,0.0085,,
0.5125,65,-14.4,22.8,0.0075,,
0.5205,66,-13.9,22.8,0.0075,,
0.5290,67,-13.4,22.8,0.0075,,
0.5375,68,-12.9,22.8,0.0085,,
0.5450,69,-12.4,22.8,0.0075,,
0.5535,70,-11.9,22.8,0.0085,,
0.5620,71,-11.5,22.8,0.0075,,
0.5705,72,-11.0,22.8,0.0075,,
0.5790,73,-10.5,22.8,0.0075,,
0.5875,74,-10.0,22.8,0.0085,,
0.5950,75,-9.5,22.8,0.0075,,
0.6035,76,-9.1,22.8,0.0085,,
0.6115,77,-8.6,22.8,0.0075,,
0.6200,78,-8.1,22.8,0.0075,,
0.6285,79,-7.5,22.8,0.0075,,
0.6360,80,-7.1,22.8,0.0075,,
0.6445,81,-6.6,22.8,0.0085,,
0.6530,82,-6.0,22.8,0.0075,,
0.6615,83,-5.5,22.8,0.0075,,
0.6700,84,-5.0,22.8,0.0075,,
0.6785,85,-4.5,22.8,0.0075,,
0.6860,86,-3.9,22.8,0.0075,,
0.6945,87,-3.3,22.8,0.0085,,
0.7030,88,-2.8,22.8,0.0075,,
0.7115,89,-2.3,22.8,0.0075,,
0.7195,90,-1.7,22.8,0.0075,,
0.7280,91,-1.0,22.8,0.0075,,
0.7355,92,-0.5,22.8,0.0075,,
0.7440,93,0.0,22.8,0.0085,,
0.7525,94,0.0,22.8,0.0075,,
0.7610,95,0.3,22.8,0.0075,,
0.7695,96,0.8,22.8,0.0075,,
0.7780,97,1.3,22.8,0.0075,,
0.7855,98,1.9,22.8,0.0075,,
0.7940,99,2.7,22.8,0.0085,,
0.8020,100,3.4,22.8,0.0080,,
0.8105,101,3.4,22.8,0.0075,,
0.8190,102,3.9,22.8,0.0075,,
0.8275,103,4.7,22.8,0.0075,,
0.8350,104,5.1,22.8,0.0075,,
0.8435,105,5.6,22.8,0.0085,,
0.8520,106,6.0,22.8,0.0085,,
0.8605,107,6.6,22.8,0.0075,,
0.8685,108,7.2,22.8,0.0075,,
0.8770,109,7.7,22.8,0.0075,,
0.8855,110,8.3,22.8,0.0075,,
0.8930,111,9.1,22.8,0.0075,,
0.9015,112,9.8,22.8,0.0085,,
0.9100,113,10.5,22.8,0.0075,,
0.9185,114,11.3,22.8,0.0075,,
0.9270,115,12.1,22.8,0.0075,,
0.9355,116,12.8,22.8,0.0075,,
0.9430,117,13.4,22.8,0.0075,,
0.9515,118,14.0,22.8,0.0085,,
0.9595,119,14.7,22.8,0.0075,,
0.9680,120,15.3,22.8,0.0075,,
0.9765,121,16.2,22.8,0.0075,,
0.9850,122,16.9,22.8,0.0075,,
0.9925,123,17.6,22.8,0.0075,,
1.0010,124,18.5,22.8,0.0085,,
1.0095,125,19.3,22.8,0.0075,,
1.0180,126,20.1,22.8,0.0075,,
1.0260,127,21.1,22.8,0.0075,,
1.0345,128,22.1,22.8,0.0075,,
1.0430,129,23.0,22.8,0.0085,,
1.0505,130,23.9,22.8,0.0075,,
1.0590,131,24.9,22.8,0.0085,,
1.0675,132,26.1,22.8,0.0075,,
1.0760,133,27.2,22.8,0.0075,,
1.0845,134,28.4,22.8,0.0075,,
1.0930,135,29.7,22.8,0.0075,,
1.1005,136,30.8,22.8,0.0075,,
1.1090,137,32.2,22.8,0.0085,,
1.1170,138,33.6,22.8,0.0075,,
1.1255,139,35.2,22.8,0.0075,,
1.1340,140,36.9,22.8,0.0075,,
1.1425,141,38.4,22.8,0.0085,,
1.1500,142,40.3,22.8,0.0075,,
1.1585,143,42.4,22.8,0.0085,,
1.1670,144,44.7,22.8,0.0075,,
1.1755,145,47.3,22.8,0.0075,,
1.1840,146,50.3,22.8,0.0075,,
1.1920,147,53.5,22.8,0.0075,,
1.2000,148,56.5,22.8,0.0080,,
1.2080,149,60.7,22.8,0.0080,,
1.2165,150,65.3,22.8,0.0075,,
1.2250,151,70.2,22.8,0.0075,,
1.2335,152,75.7,22.8,0.0075,,
1.2420,153,81.0,22.8,0.0085,,
1.2495,154,87.6,22.8,0.0075,,
1.2580,155,94.7,22.8,0.0085,,
1.2665,156,102.5,22.8,0.0075,,
1.2750,157,110.4,22.8,0.0075,,
1.2830,158,118.6,22.8,0.0075,,
1.2915,159,126.0,22.8,0.0085,,
1.2990,160,134.0,22.8,0.0075,,
1.3075,161,141.6,22.8,0.0085,,
1.3160,162,148.9,22.8,0.0075,,
1.3245,163,155.7,22.8,0.0075,,
1.3330,164,162.0,22.8,0.0075,,
1.3415,165,167.7,22.8,0.0075,,
1.3490,166,172.2,22.8,0.0075,,
1.3575,167,176.1,22.8,0.0085,,
1.3660,168,179.7,22.8,0.0075,,
1.3740,169,182.6,22.8,0.0075,,
1.3845,170,185.1,22.8,0.0080,,
1.3845,410,193.0,22.9,0.0000,,
1.3850,411,193.0,22.9,0.0005,,
1.3865,412,192.9,22.9,0.0010,,
1.3890,414,193.0,22.9,0.0015,,
1.3935,414,193.2,22.9,0.0090,,
1.3995,416,193.4,22.9,0.0040,,
1.4080,416,193.7,22.9,0.0210,,
1.4155,417,194.4,22.9,0.0055,,
1.4240,418,195.2,22.9,0.0060,,
1.4325,420,196.0,22.9,0.0055,,
1.4410,420,196.8,22.9,0.0170,,
1.4495,422,197.7,22.9,0.0055,,
1.4575,422,198.6,22.9,0.0160,,
1.4655,423,199.3,22.9,0.0055,,
1.4735,424,200.1,22.9,0.0055,,
1.4820,426,201.0,22.9,0.0055,,
1.4905,426,201.7,22.9,0.0170,,
1.4990,428,202.4,22.9,0.0055,,
1.5075,428,203.0,22.9,0.0170,,
1.5150,429,203.7,22.9,0.0055,,
1.5235,430,204.4,22.9,0.0060,,
1.5320,432,205.0,22.9,0.0055,,
1.5405,432,205.7,22.9,0.0170,,
1.5485,434,206.4,22.9,0.0055,,
1.5570,434,207.0,22.9,0.0170,,
1.5645,435,207.5,22.9,0.0055,,
1.5730,436,208.0,22.9,0.0060,,
1.5815,437,208.6,22.9,0.0060,,
1.5900,438,209.2,22.9,0.0055,,
1.5985,440,209.7,22.9,0.0055,,
1.6070,440,210.2,22.9,0.0170,,
1.6145,441,210.7,22.9,0.0055,,
1.6230,442,211.3,22.9,0.0060,,
1.6315,443,211.8,22.9,0.0060,,
1.6395,444,212.2,22.9,0.0055,,
1.6480,446,212.8,22.9,0.0055,,
1.6565,446,213.2,22.9,0.0170,,
1.6640,447,213.7,22.9,0.0055,,
1.6725,448,214.1,22.9,0.0060,,
1.6810,449,214.5,22.9,0.0060,,
1.6895,450,215.0,22.9,0.0055,,
1.6980,452,215.4,22.9,0.0055,,
1.7065,452,215.8,22.9,0.0170,,
1.7140,453,216.4,22.9,0.0055,,
1.7220,454,216.9,22.9,0.0055,,
1.7305,455,217.3,22.9,0.0060,,
1.7390,456,217.7,22.9,0.0055,,
1.7475,458,218.1,22.9,0.0055,,
1.7560,458,218.4,22.9,0.0170,,
1.7645,459,218.8,22.9,0.0060,,
1.7720,460,219.1,22.9,0.0055,,
1.7805,461,219.6,22.9,0.0060,,
1.7890,462,219.9,22.9,0.0055,,
1.7970,464,220.2,22.9,0.0055,,
1.8055,464,220.6,22.9,0.0170,,
1.8140,465,221.0,22.9,0.0060,,
1.8215,466,221.3,22.9,0.0055,,
1.8300,467,221.6,22.9,0.0060,,
1.8385,468,221.8,22.9,0.0055,,
1.8470,470,222.1,22.9,0.0055,,
1.8555,470,222.5,22.9,0.0170,,
1.8640,471,222.8,22.9,0.0060,,
1.8715,472,223.1,22.9,0.0055,,
1.8800,473,223.5,22.9,0.0060,,
1.8885,474,223.7,22.9,0.0055,,
1.8965,476,224.0,22.9,0.0055,,
1.9050,476,224.3,22.9,0.0170,,
1.9135,477,224.6,22.9,0.0060,,
1.9210,478,224.9,22.9,0.0055,,
1.9295,479,225.2,22.9,0.0060,,
1.9380,480,225.5,22.9,0.0055,,
1.9465,482,225.9,22.9,0.0055,,
1.9550,482,226.1,22.9,0.0170,,
1.9635,483,226.3,22.9,0.0060,,
1.9710,484,226.6,22.9,0.0055,,
1.9795,485,227.0,22.9,0.0060,,
1.9875,486,227.3,22.9,0.0055,,
1.9960,488,227.6,22.9,0.0055,,
2.0045,488,227.8,22.9,0.0170,,
2.0130,489,228.0,22.9,0.0060,,
2.0205,490,228.3,22.9,0.0055,,
2.0290,491,228.5,22.9,0.0060,,
2.0375,492,228.7,22.9,0.0055,,
2.0460,494,229.0,22.9,0.0055,,
2.0540,494,229.4,22.9,0.0160,,
2.0625,495,229.6,22.9,0.0060,,
2.0705,496,229.8,22.9,0.0055,,
2.0785,497,230.0,22.9,0.0055,,
2.0870,498,230.2,22.9,0.0060,,
2.0955,500,230.5,22.9,0.0055,,
2.1040,500,230.8,22.9,0.0170,,
2.1125,502,231.1,22.9,0.0055,,
2.1200,502,231.2,22.9,0.0185,,
2.1285,503,231.6,22.9,0.0060,,
2.1370,504,231.7,22.9,0.0060,,
2.1450,506,232.0,22.9,0.0055,,
2.1535,506,232.2,22.9,0.0170,,
2.1620,508,232.4,22.9,0.0055,,
2.1695,508,232.6,22.9,0.0185,,
2.1780,509,232.8,22.9,0.0060,,
2.1865,510,233.1,22.9,0.0060,,
2.1950,512,233.4,22.9,0.0055,,
2.2035,512,233.6,22.9,0.0170,,
2.2120,514,233.8,22.9,0.0055,,
2.2190,514,234.0,22.9,0.0175,,
2.2265,515,234.1,22.9,0.0055,,
2.2310,516,234.3,22.9,0.0030,,
2.2315,518,234.5,22.9,0.0005,,
2.2320,518,234.6,22.9,0.0010,,
2.2330,520,234.7,22.9,0.0005,,
2.2350,520,234.7,22.9,0.0050,,
2.2380,521,234.6,22.9,0.0020,,
2.2420,522,234.7,22.9,0.0030,,
2.2460,524,234.9,22.9,0.0025,,
2.2495,524,234.9,22.9,0.0070,,
2.2525,526,235.1,22.9,0.0020,,
Scope 1/1, Sample 3/5 (Junk3_083123)
Result,TitrationEP1
V,t,E,T,dV/dt,E acc. stat.,Volume acc. stat.
0.0000,0,-44.3,22.9,NaN,,
0.0010,1,-45.5,22.9,0.0010,,
0.0025,2,-45.8,22.9,0.0015,,
0.0050,3,-46.2,22.9,0.0025,,
0.0085,4,-46.5,22.9,0.0030,,
0.0145,5,-46.7,22.9,0.0055,,
0.0230,6,-47.0,22.9,0.0075,,
0.0315,7,-47.1,22.9,0.0075,,
0.0400,8,-47.0,22.9,0.0085,,
0.0475,9,-46.9,22.9,0.0075,,
0.0560,10,-46.9,22.9,0.0075,,
0.0645,11,-46.8,22.9,0.0075,,
0.0725,12,-46.5,22.9,0.0075,,
0.0810,13,-46.3,22.9,0.0075,,
0.0895,14,-45.9,22.9,0.0085,,
0.0970,15,-45.4,22.9,0.0075,,
0.1055,16,-44.9,22.9,0.0075,,
0.1140,17,-44.3,22.9,0.0075,,
0.1225,18,-43.6,22.9,0.0075,,
0.1310,19,-42.9,22.9,0.0075,,
0.1395,20,-42.3,22.9,0.0085,,
0.1470,21,-41.5,22.9,0.0075,,
0.1555,22,-40.7,22.9,0.0075,,
0.1640,23,-39.9,22.9,0.0075,,
0.1720,24,-39.1,22.9,0.0075,,
0.1805,25,-38.3,22.9,0.0075,,
0.1890,26,-37.5,22.9,0.0075,,
0.1965,27,-36.6,22.9,0.0075,,
0.2050,28,-35.8,22.9,0.0075,,
0.2135,29,-35.1,22.9,0.0075,,
0.2220,30,-34.3,22.9,0.0075,,
0.2305,31,-33.5,22.9,0.0075,,
0.2385,32,-32.8,22.9,0.0075,,
0.2465,33,-32.1,22.9,0.0080,,
0.2545,34,-31.5,22.9,0.0075,,
0.2630,35,-30.8,22.9,0.0075,,
0.2715,36,-30.1,22.9,0.0075,,
0.2800,37,-29.4,22.9,0.0075,,
0.2885,38,-28.8,22.9,0.0075,,
0.2960,39,-28.2,22.9,0.0075,,
0.3045,40,-27.5,22.9,0.0075,,
0.3130,41,-26.9,22.9,0.0075,,
0.3215,42,-26.3,22.9,0.0075,,
0.3295,43,-25.7,22.9,0.0075,,
0.3380,44,-25.1,22.9,0.0075,,
0.3455,45,-24.7,22.9,0.0075,,
0.3540,46,-24.1,22.9,0.0075,,
0.3625,47,-23.6,22.9,0.0075,,
0.3710,48,-23.0,22.9,0.0075,,
0.3795,49,-22.4,22.9,0.0075,,
0.3880,50,-21.8,22.9,0.0075,,
0.3955,51,-21.4,22.9,0.0075,,
0.4040,52,-20.9,22.9,0.0075,,
0.4125,53,-20.3,22.9,0.0075,,
0.4210,54,-19.8,22.9,0.0075,,
0.4290,55,-19.4,22.9,0.0075,,
0.4375,56,-18.8,22.9,0.0075,,
0.4450,57,-18.4,22.9,0.0075,,
0.4535,58,-17.9,22.9,0.0075,,
0.4620,59,-17.4,22.9,0.0075,,
0.4705,60,-16.9,22.9,0.0075,,
0.4790,61,-16.4,22.9,0.0075,,
0.4875,62,-15.9,22.9,0.0075,,
0.4950,63,-15.6,23.0,0.0075,,
0.5035,64,-15.1,22.9,0.0075,,
0.5115,65,-14.7,23.0,0.0075,,
0.5200,66,-14.2,23.0,0.0075,,
0.5285,67,-13.6,23.0,0.0075,,
0.5370,68,-13.3,23.0,0.0075,,
0.5445,69,-12.9,23.0,0.0075,,
0.5530,70,-12.4,23.0,0.0075,,
0.5615,71,-12.0,23.0,0.0075,,
0.5700,72,-11.5,23.0,0.0075,,
0.5785,73,-11.0,23.0,0.0075,,
0.5865,74,-10.6,23.0,0.0075,,
0.5950,75,-10.2,23.0,0.0085,,
0.6025,76,-9.7,23.0,0.0075,,
0.6110,77,-9.2,23.0,0.0075,,
0.6195,78,-8.7,23.0,0.0075,,
0.6280,79,-8.2,23.0,0.0075,,
0.6365,80,-7.8,23.0,0.0075,,
0.6450,81,-7.4,23.0,0.0075,,
0.6525,82,-7.0,23.0,0.0075,,
0.6605,83,-6.7,23.0,0.0075,,
0.6690,84,-6.2,23.0,0.0075,,
0.6775,85,-5.7,23.0,0.0075,,
0.6860,86,-5.2,23.0,0.0075,,
0.6945,87,-4.8,23.0,0.0075,,
0.7020,88,-4.2,23.0,0.0075,,
0.7105,89,-3.7,23.0,0.0075,,
0.7190,90,-3.2,23.0,0.0075,,
0.7275,91,-2.6,23.0,0.0075,,
0.7360,92,-2.1,23.0,0.0075,,
0.7440,93,-1.6,23.0,0.0075,,
0.7520,94,-1.0,23.0,0.0080,,
0.7600,95,-0.5,23.0,0.0075,,
0.7685,96,-0.2,23.0,0.0075,,
0.7770,97,0.1,23.0,0.0075,,
0.7855,98,0.1,23.0,0.0075,,
0.7940,99,0.5,23.0,0.0075,,
0.8020,100,0.9,23.0,0.0075,,
0.8100,101,1.3,23.0,0.0080,,
0.8180,102,1.8,23.0,0.0075,,
0.8265,103,2.6,23.0,0.0075,,
0.8350,104,3.5,23.0,0.0075,,
0.8435,105,3.7,23.0,0.0075,,
0.8520,106,4.2,23.0,0.0075,,
0.8595,107,4.8,23.0,0.0075,,
0.8680,108,5.3,23.0,0.0075,,
0.8765,109,5.7,23.0,0.0075,,
0.8850,110,6.3,23.0,0.0075,,
0.8935,111,6.8,23.0,0.0075,,
0.9020,112,7.2,23.0,0.0085,,
0.9095,113,7.7,23.0,0.0075,,
0.9180,114,8.3,23.0,0.0075,,
0.9260,115,9.1,23.0,0.0075,,
0.9345,116,9.9,23.0,0.0075,,
0.9430,117,10.6,23.0,0.0075,,
0.9515,118,11.3,23.0,0.0075,,
0.9590,119,12.0,23.0,0.0075,,
0.9675,120,12.7,23.0,0.0075,,
0.9760,121,13.5,23.0,0.0075,,
0.9845,122,14.2,23.0,0.0075,,
0.9925,123,15.0,23.0,0.0075,,
1.0010,124,15.8,23.0,0.0075,,
1.0085,125,16.5,23.0,0.0075,,
1.0170,126,17.3,23.0,0.0075,,
1.0255,127,18.1,23.0,0.0075,,
1.0340,128,19.0,23.0,0.0075,,
1.0425,129,20.0,23.0,0.0075,,
1.0510,130,21.0,23.0,0.0075,,
1.0585,131,21.8,23.0,0.0075,,
1.0670,132,22.8,23.0,0.0075,,
1.0755,133,24.0,23.0,0.0075,,
1.0835,134,25.2,23.0,0.0075,,
1.0920,135,26.5,23.0,0.0075,,
1.1005,136,27.9,23.0,0.0075,,
1.1080,137,29.3,23.0,0.0075,,
1.1165,138,30.9,23.0,0.0075,,
1.1250,139,32.6,23.0,0.0075,,
1.1335,140,34.4,23.0,0.0075,,
1.1420,141,36.5,23.0,0.0075,,
1.1505,142,38.8,23.0,0.0075,,
1.1580,143,41.1,23.0,0.0075,,
1.1665,144,44.0,23.0,0.0075,,
1.1745,145,47.2,23.0,0.0075,,
1.1830,146,51.0,23.0,0.0075,,
1.1915,147,55.2,23.0,0.0075,,
1.2000,148,60.0,23.0,0.0075,,
1.2085,149,64.9,23.0,0.0085,,
1.2160,150,70.8,23.0,0.0075,,
1.2245,151,77.3,23.0,0.0075,,
1.2330,152,84.7,23.0,0.0075,,
1.2410,153,92.2,23.0,0.0075,,
1.2495,154,100.6,23.0,0.0075,,
1.2580,155,108.8,23.0,0.0075,,
1.2655,156,116.7,23.0,0.0075,,
1.2740,157,125.3,23.0,0.0075,,
1.2825,158,133.4,23.0,0.0075,,
1.2910,159,141.7,23.0,0.0075,,
1.2995,160,149.4,23.0,0.0075,,
1.3080,161,156.2,23.0,0.0085,,
1.3155,162,162.8,23.0,0.0075,,
1.3240,163,168.9,23.0,0.0075,,
1.3325,164,174.3,23.0,0.0075,,
1.3410,165,178.8,23.0,0.0075,,
1.3490,166,182.1,23.0,0.0075,,
1.3565,167,184.7,23.0,0.0075,,
1.3605,168,185.3,23.0,0.0065,,
1.3605,408,194.4,23.0,0.0000,,
1.3610,409,194.3,23.0,0.0005,,
1.3630,410,194.3,23.0,0.0035,,
1.3650,411,194.3,23.0,0.0035,,
1.3690,412,194.4,23.0,0.0065,,
1.3750,413,194.6,23.0,0.0085,,
1.3835,414,194.9,23.0,0.0120,,
1.3920,415,195.7,23.0,0.0120,,
1.4005,416,196.4,23.0,0.0140,,
1.4080,417,197.3,23.0,0.0125,,
1.4165,418,198.1,23.0,0.0140,,
1.4250,419,199.0,23.0,0.0120,,
1.4335,420,199.8,23.0,0.0120,,
1.4415,421,200.7,23.0,0.0115,,
1.4500,422,201.6,23.0,0.0140,,
1.4575,423,202.2,23.0,0.0125,,
1.4660,424,203.1,23.0,0.0140,,
1.4745,425,203.8,23.0,0.0120,,
1.4830,426,204.5,23.0,0.0120,,
1.4915,427,205.3,23.0,0.0120,,
1.5000,428,205.9,23.0,0.0140,,
1.5075,429,206.4,23.0,0.0125,,
1.5160,430,207.2,23.0,0.0140,,
1.5245,431,207.8,23.0,0.0120,,
1.5325,432,208.5,23.0,0.0115,,
1.5410,433,209.1,23.1,0.0120,,
1.5495,434,209.7,23.0,0.0120,,
1.5570,435,210.2,23.1,0.0125,,
1.5655,436,210.7,23.1,0.0140,,
1.5740,437,211.2,23.1,0.0140,,
1.5825,438,211.8,23.1,0.0120,,
1.5910,439,212.2,23.1,0.0120,,
1.5990,440,212.7,23.1,0.0115,,
1.6070,441,213.1,23.0,0.0135,,
1.6150,442,213.6,23.1,0.0135,,
1.6235,443,214.1,23.1,0.0140,,
1.6320,444,214.5,23.1,0.0120,,
1.6405,445,215.0,23.1,0.0120,,
1.6490,446,215.5,23.1,0.0120,,
1.6565,447,215.9,23.1,0.0125,,
1.6650,448,216.3,23.1,0.0140,,
1.6735,449,216.8,23.1,0.0140,,
1.6820,450,217.2,23.1,0.0120,,
1.6900,451,217.6,23.1,0.0115,,
1.6985,452,218.1,23.1,0.0120,,
1.7060,453,218.4,23.1,0.0125,,
1.7145,454,218.9,23.1,0.0140,,
1.7230,455,219.4,23.1,0.0140,,
1.7315,456,219.6,23.1,0.0120,,
1.7400,457,220.0,23.1,0.0120,,
1.7485,458,220.4,23.1,0.0120,,
1.7570,459,220.8,23.1,0.0140,,
1.7645,460,221.2,23.1,0.0125,,
1.7730,461,221.5,23.1,0.0120,,
1.7810,462,221.8,23.1,0.0115,,
1.7895,463,222.2,23.1,0.0120,,
1.7980,464,222.5,23.1,0.0120,,
1.8065,465,222.8,23.1,0.0140,,
1.8140,466,223.2,23.1,0.0125,,
1.8225,467,223.5,23.1,0.0140,,
1.8310,468,224.0,23.1,0.0120,,
1.8395,469,224.2,23.1,0.0120,,
1.8480,470,224.5,23.1,0.0120,,
1.8560,471,224.8,23.1,0.0115,,
1.8640,472,225.2,23.1,0.0135,,
1.8720,473,225.5,23.1,0.0135,,
1.8805,474,225.7,23.1,0.0120,,
1.8890,475,226.1,23.1,0.0120,,
1.8975,476,226.5,23.1,0.0120,,
1.9060,477,226.9,23.1,0.0120,,
1.9135,478,227.1,23.1,0.0125,,
1.9220,479,227.4,23.1,0.0140,,
1.9305,480,227.7,23.1,0.0140,,
1.9385,481,228.0,23.1,0.0115,,
1.9470,482,228.2,23.1,0.0120,,
1.9555,483,228.5,23.1,0.0120,,
1.9630,484,228.8,23.1,0.0125,,
1.9715,485,229.1,23.1,0.0140,,
1.9800,486,229.3,23.1,0.0140,,
1.9885,487,229.5,23.1,0.0120,,
1.9970,488,229.8,23.1,0.0120,,
2.0055,489,230.1,23.1,0.0120,,
2.0130,490,230.3,23.1,0.0125,,
2.0215,491,230.6,23.1,0.0140,,
2.0300,492,230.9,23.1,0.0140,,
2.0380,493,231.1,23.1,0.0115,,
2.0465,494,231.3,23.1,0.0120,,
2.0550,495,231.6,23.1,0.0120,,
2.0635,496,231.7,23.1,0.0140,,
2.0710,497,232.0,23.1,0.0125,,
2.0795,498,232.3,23.1,0.0140,,
2.0880,499,232.5,23.1,0.0120,,
2.0965,500,232.8,23.1,0.0120,,
2.1045,501,233.0,23.1,0.0115,,
2.1130,502,233.2,23.1,0.0140,,
2.1205,503,233.5,23.1,0.0125,,
2.1290,504,233.7,23.1,0.0140,,
2.1375,505,233.9,23.1,0.0120,,
2.1455,506,234.2,23.1,0.0115,,
2.1520,507,234.4,23.1,0.0095,,
2.1550,508,234.5,23.1,0.0050,,
2.1550,509,234.7,23.1,0.0000,,
2.1555,510,234.7,23.1,0.0010,,
2.1565,511,234.8,23.1,0.0015,,
2.1575,512,234.8,23.1,0.0015,,
2.1595,513,234.8,23.1,0.0030,,
2.1610,514,234.8,23.1,0.0025,,
2.1635,515,234.9,23.1,0.0040,,
2.1670,516,235.0,23.1,0.0060,,
2.1725,517,235.0,23.1,0.0070,,
Scope 1/1, Sample 4/5 (CRM1)
Result,TitrationEP1
V,t,E,T,dV/dt,E acc. stat.,Volume acc. stat.
0.0000,0,-41.3,23.2,NaN,,
0.0005,1,-42.8,23.2,0.0005,,
0.0025,2,-43.2,23.2,0.0020,,
0.0050,3,-43.6,23.2,0.0025,,
0.0085,4,-44.0,23.2,0.0030,,
0.0150,5,-44.4,23.2,0.0060,,
0.0230,6,-44.7,23.2,0.0075,,
0.0305,7,-44.9,23.2,0.0075,,
0.0390,8,-45.1,23.2,0.0085,,
0.0475,9,-45.2,23.2,0.0085,,
0.0560,10,-45.3,23.2,0.0075,,
0.0645,11,-45.2,23.2,0.0075,,
0.0730,12,-45.1,23.2,0.0075,,
0.0805,13,-44.9,23.2,0.0075,,
0.0890,14,-44.7,23.2,0.0085,,
0.0975,15,-44.4,23.2,0.0085,,
0.1055,16,-44.1,23.2,0.0075,,
0.1140,17,-43.6,23.2,0.0075,,
0.1225,18,-43.1,23.2,0.0075,,
0.1300,19,-42.7,23.2,0.0075,,
0.1385,20,-42.0,23.2,0.0085,,
0.1470,21,-41.4,23.2,0.0085,,
0.1555,22,-40.6,23.2,0.0075,,
0.1640,23,-39.9,23.2,0.0075,,
0.1720,24,-39.1,23.2,0.0075,,
0.1805,25,-38.3,23.2,0.0075,,
0.1880,26,-37.6,23.2,0.0075,,
0.1965,27,-36.9,23.2,0.0085,,
0.2050,28,-36.3,23.2,0.0075,,
0.2135,29,-35.6,23.2,0.0075,,
0.2220,30,-34.9,23.2,0.0075,,
0.2305,31,-34.2,23.2,0.0085,,
0.2380,32,-33.5,23.2,0.0075,,
0.2465,33,-32.9,23.2,0.0085,,
0.2550,34,-32.3,23.2,0.0075,,
0.2635,35,-31.7,23.2,0.0075,,
0.2715,36,-31.1,23.2,0.0075,,
0.2800,37,-30.5,23.2,0.0085,,
0.2875,38,-30.0,23.2,0.0075,,
0.2960,39,-29.2,23.2,0.0085,,
0.3045,40,-28.6,23.2,0.0075,,
0.3130,41,-28.0,23.2,0.0075,,
0.3215,42,-27.4,23.2,0.0075,,
0.3300,43,-26.9,23.2,0.0075,,
0.3375,44,-26.3,23.2,0.0075,,
0.3460,45,-25.8,23.2,0.0085,,
0.3545,46,-25.3,23.2,0.0075,,
0.3625,47,-24.8,23.2,0.0075,,
0.3710,48,-24.2,23.2,0.0075,,
0.3795,49,-23.6,23.2,0.0075,,
0.3870,50,-23.1,23.2,0.0075,,
0.3955,51,-22.6,23.2,0.0085,,
0.4040,52,-22.1,23.2,0.0075,,
0.4125,53,-21.5,23.2,0.0075,,
0.4210,54,-21.0,23.2,0.0075,,
0.4290,55,-20.5,23.2,0.0075,,
0.4370,56,-20.1,23.2,0.0080,,
0.4450,57,-19.7,23.2,0.0080,,
0.4535,58,-19.2,23.2,0.0085,,
0.4620,59,-18.8,23.2,0.0075,,
0.4705,60,-18.3,23.2,0.0075,,
0.4790,61,-17.8,23.2,0.0075,,
0.4875,62,-17.4,23.2,0.0085,,
0.4950,63,-16.8,23.2,0.0075,,
0.5035,64,-16.4,23.3,0.0085,,
0.5120,65,-15.9,23.3,0.0075,,
0.5200,66,-15.4,23.3,0.0075,,
0.5285,67,-14.9,23.3,0.0075,,
0.5370,68,-14.4,23.3,0.0085,,
0.5445,69,-14.0,23.2,0.0075,,
0.5530,70,-13.5,23.3,0.0085,,
0.5615,71,-13.0,23.3,0.0075,,
0.5700,72,-12.6,23.3,0.0075,,
0.5785,73,-12.1,23.3,0.0075,,
0.5865,74,-11.7,23.3,0.0075,,
0.5945,75,-11.3,23.3,0.0080,,
0.6025,76,-10.7,23.3,0.0080,,
0.6110,77,-10.3,23.3,0.0075,,
0.6195,78,-9.8,23.3,0.0075,,
0.6280,79,-9.4,23.3,0.0075,,
0.6365,80,-9.0,23.3,0.0075,,
0.6440,81,-8.6,23.3,0.0075,,
0.6525,82,-8.1,23.3,0.0085,,
0.6610,83,-7.7,23.3,0.0075,,
0.6695,84,-7.2,23.3,0.0075,,
0.6780,85,-6.8,23.3,0.0075,,
0.6860,86,-6.4,23.3,0.0080,,
0.6940,87,-5.9,23.3,0.0080,,
0.7020,88,-5.5,23.3,0.0080,,
0.7105,89,-4.9,23.3,0.0075,,
0.7190,90,-4.2,23.3,0.0075,,
0.7275,91,-3.8,23.3,0.0075,,
0.7360,92,-3.3,23.3,0.0075,,
0.7435,93,-2.8,23.3,0.0075,,
0.7520,94,-2.2,23.3,0.0085,,
0.7605,95,-1.6,23.3,0.0075,,
0.7685,96,-0.9,23.3,0.0075,,
0.7770,97,-0.5,23.3,0.0075,,
0.7855,98,0.1,23.3,0.0075,,
0.7930,99,0.6,23.3,0.0075,,
0.8015,100,0.5,23.3,0.0085,,
0.8100,101,0.8,23.3,0.0075,,
0.8185,102,1.3,23.3,0.0075,,
0.8270,103,1.9,23.3,0.0075,,
0.8355,104,2.7,23.3,0.0075,,
0.8430,105,3.5,23.3,0.0075,,
0.8515,106,3.7,23.3,0.0085,,
0.8595,107,4.2,23.3,0.0075,,
0.8680,108,4.7,23.3,0.0075,,
0.8765,109,5.2,23.3,0.0075,,
0.8850,110,5.5,23.3,0.0075,,
0.8935,111,5.9,23.3,0.0085,,
0.9010,112,6.4,23.3,0.0075,,
0.9095,113,6.8,23.3,0.0085,,
0.9180,114,7.3,23.3,0.0075,,
0.9265,115,7.9,23.3,0.0075,,
0.9345,116,8.4,23.3,0.0075,,
0.9430,117,9.1,23.3,0.0085,,
0.9505,118,9.8,23.3,0.0075,,
0.9590,119,10.4,23.3,0.0085,,
0.9675,120,11.2,23.3,0.0075,,
0.9760,121,11.9,23.3,0.0075,,
0.9845,122,12.6,23.3,0.0075,,
0.9930,123,13.2,23.3,0.0085,,
1.0005,124,13.9,23.3,0.0075,,
1.0090,125,14.6,23.3,0.0085,,
1.0175,126,15.3,23.3,0.0075,,
1.0255,127,16.0,23.3,0.0075,,
1.0340,128,16.7,23.3,0.0075,,
1.0425,129,17.6,23.3,0.0075,,
1.0500,130,18.3,23.3,0.0075,,
1.0585,131,19.0,23.3,0.0085,,
1.0670,132,19.7,23.3,0.0075,,
1.0755,133,20.5,23.3,0.0075,,
1.0840,134,21.2,23.3,0.0075,,
1.0925,135,22.1,23.3,0.0085,,
1.1000,136,23.0,23.3,0.0075,,
1.1085,137,23.9,23.3,0.0085,,
1.1165,138,24.8,23.3,0.0075,,
1.1250,139,25.8,23.3,0.0075,,
1.1335,140,26.6,23.3,0.0075,,
1.1420,141,27.6,23.3,0.0085,,
1.1495,142,28.6,23.3,0.0075,,
1.1580,143,29.8,23.3,0.0085,,
1.1665,144,31.0,23.3,0.0075,,
1.1750,145,32.3,23.3,0.0075,,
1.1835,146,33.5,23.3,0.0075,,
1.1915,147,34.9,23.3,0.0075,,
1.1995,148,36.3,23.3,0.0080,,
1.2075,149,37.8,23.3,0.0080,,
1.2160,150,39.5,23.3,0.0075,,
1.2245,151,41.2,23.3,0.0075,,
1.2330,152,43.2,23.3,0.0075,,
1.2415,153,45.2,23.3,0.0085,,
1.2490,154,47.5,23.3,0.0075,,
1.2575,155,50.0,23.3,0.0085,,
1.2660,156,52.8,23.3,0.0075,,
1.2745,157,55.9,23.3,0.0075,,
1.2825,158,59.3,23.3,0.0075,,
1.2910,159,63.2,23.3,0.0075,,
1.2985,160,67.1,23.3,0.0075,,
1.3070,161,71.8,23.3,0.0085,,
1.3155,162,76.9,23.3,0.0075,,
1.3240,163,82.7,23.3,0.0075,,
1.3325,164,89.0,23.3,0.0075,,
1.3410,165,95.9,23.3,0.0075,,
1.3490,166,102.4,23.3,0.0080,,
1.3570,167,109.8,23.3,0.0080,,
1.3650,168,117.8,23.3,0.0080,,
1.3735,169,125.4,23.3,0.0075,,
1.3820,170,132.6,23.3,0.0075,,
1.3905,171,139.9,23.3,0.0075,,
1.3990,172,146.1,23.3,0.0085,,
1.4065,173,152.8,23.3,0.0075,,
1.4150,174,158.9,23.3,0.0085,,
1.4235,175,164.4,23.3,0.0075,,
1.4320,176,169.5,23.3,0.0075,,
1.4400,177,173.8,23.3,0.0075,,
1.4485,178,177.3,23.3,0.0085,,
1.4560,179,180.9,23.3,0.0075,,
1.4645,180,183.6,23.3,0.0085,,
1.4735,181,185.2,23.3,0.0075,,
1.4735,421,192.8,23.3,0.0000,,
1.4740,422,192.7,23.3,0.0005,,
1.4760,423,192.7,23.3,0.0015,,
1.4780,424,192.8,23.3,0.0015,,
1.4820,425,192.9,23.3,0.0035,,
1.4880,426,193.2,23.3,0.0050,,
1.4965,427,193.6,23.3,0.0065,,
1.5050,428,194.2,23.3,0.0065,,
1.5135,429,195.0,23.3,0.0065,,
1.5210,430,195.7,23.3,0.0060,,
1.5295,431,196.6,23.3,0.0070,,
1.5375,432,197.5,23.3,0.0065,,
1.5460,433,198.3,23.3,0.0065,,
1.5545,434,199.1,23.3,0.0065,,
1.5630,435,200.0,23.3,0.0065,,
1.5705,436,200.7,23.3,0.0060,,
1.5790,437,201.3,23.3,0.0070,,
1.5875,438,201.9,23.3,0.0070,,
1.5960,439,202.7,23.3,0.0065,,
1.6045,440,203.4,23.3,0.0065,,
1.6125,441,204.1,23.3,0.0060,,
1.6205,442,204.7,23.3,0.0065,,
1.6285,443,205.3,23.3,0.0065,,
1.6370,444,205.9,23.3,0.0070,,
1.6455,445,206.4,23.3,0.0065,,
1.6540,446,207.0,23.3,0.0065,,
1.6625,447,207.6,23.3,0.0065,,
1.6710,448,208.1,23.3,0.0065,,
1.6785,449,208.6,23.3,0.0060,,
1.6870,450,209.2,23.3,0.0070,,
1.6950,451,209.7,23.3,0.0060,,
1.7035,452,210.2,23.3,0.0065,,
1.7120,453,210.7,23.3,0.0065,,
1.7205,454,211.3,23.3,0.0065,,
1.7280,455,211.7,23.3,0.0060,,
1.7365,456,212.3,23.3,0.0070,,
1.7450,457,212.7,23.3,0.0070,,
1.7535,458,213.0,23.3,0.0065,,
1.7620,459,213.4,23.3,0.0065,,
1.7700,460,213.9,23.3,0.0060,,
1.7780,461,214.4,23.3,0.0065,,
1.7860,462,214.8,23.3,0.0065,,
1.7945,463,215.2,23.3,0.0070,,
1.8030,464,215.7,23.3,0.0065,,
1.8115,465,216.1,23.3,0.0065,,
1.8200,466,216.4,23.3,0.0065,,
1.8275,467,216.9,23.3,0.0060,,
1.8360,468,217.3,23.3,0.0070,,
1.8445,469,217.6,23.3,0.0070,,
1.8530,470,218.2,23.3,0.0065,,
1.8610,471,218.6,23.3,0.0060,,
1.8695,472,218.9,23.3,0.0065,,
1.8770,473,219.3,23.3,0.0060,,
1.8855,474,219.6,23.3,0.0070,,
1.8940,475,220.0,23.3,0.0070,,
1.9025,476,220.3,23.3,0.0065,,
1.9110,477,220.7,23.3,0.0065,,
1.9195,478,221.0,23.3,0.0065,,
1.9270,479,221.3,23.3,0.0060,,
1.9355,480,221.7,23.3,0.0070,,
1.9440,481,222.0,23.3,0.0070,,
1.9520,482,222.3,23.3,0.0060,,
1.9605,483,222.6,23.3,0.0065,,
1.9690,484,222.9,23.3,0.0065,,
1.9765,485,223.2,23.3,0.0060,,
1.9850,486,223.5,23.3,0.0070,,
1.9935,487,223.8,23.3,0.0070,,
2.0020,488,224.1,23.3,0.0065,,
2.0105,489,224.3,23.3,0.0065,,
2.0190,490,224.5,23.3,0.0065,,
2.0270,491,224.8,23.3,0.0065,,
2.0350,492,225.1,23.3,0.0065,,
2.0430,493,225.3,23.3,0.0065,,
2.0515,494,225.6,23.3,0.0065,,
2.0600,495,225.9,23.3,0.0065,,
2.0685,496,226.2,23.3,0.0065,,
2.0760,497,226.5,23.3,0.0060,,
2.0845,498,226.8,23.3,0.0070,,
2.0930,499,227.0,23.3,0.0070,,
2.1015,500,227.3,23.3,0.0065,,
2.1100,501,227.6,23.3,0.0065,,
2.1180,502,227.8,23.3,0.0060,,
2.1265,503,228.1,23.3,0.0070,,
2.1340,504,228.3,23.3,0.0060,,
2.1425,505,228.5,23.3,0.0070,,
2.1510,506,228.8,23.3,0.0065,,
2.1595,507,229.1,23.3,0.0065,,
2.1680,508,229.3,23.3,0.0065,,
2.1765,509,229.6,23.3,0.0070,,
2.1840,510,229.8,23.3,0.0060,,
2.1925,511,230.0,23.3,0.0070,,
2.2010,512,230.2,23.3,0.0065,,
2.2090,513,230.5,23.3,0.0060,,
2.2175,514,230.7,23.3,0.0065,,
2.2260,515,231.0,23.3,0.0070,,
2.2335,516,231.2,23.3,0.0060,,
2.2420,517,231.5,23.3,0.0070,,
2.2505,518,231.7,23.3,0.0065,,
2.2590,519,231.9,23.3,0.0065,,
2.2675,520,232.1,23.3,0.0065,,
2.2760,521,232.3,23.3,0.0070,,
2.2835,522,232.6,23.3,0.0060,,
2.2920,523,232.8,23.3,0.0070,,
2.3000,524,233.0,23.3,0.0065,,
2.3085,525,233.2,23.3,0.0065,,
2.3170,526,233.4,23.3,0.0065,,
2.3255,527,233.6,23.3,0.0065,,
2.3330,528,233.7,23.3,0.0060,,
2.3415,529,234.0,23.3,0.0070,,
2.3490,530,234.2,23.3,0.0060,,
2.3555,531,234.2,23.3,0.0050,,
2.3590,532,234.4,23.3,0.0025,,
2.3590,533,234.5,23.3,0.0000,,
2.3600,534,234.5,23.3,0.0010,,
2.3615,535,234.6,23.3,0.0010,,
2.3630,536,234.7,23.3,0.0010,,
2.3655,537,234.6,23.3,0.0020,,
2.3680,538,234.7,23.3,0.0020,,
2.3700,539,234.7,23.3,0.0015,,
2.3720,540,235.0,23.3,0.0020,,
Scope 1/1, Sample 5/5 (CRM2)
Result,TitrationEP1
V,t,E,T,dV/dt,E acc. stat.,Volume acc. stat.
0.0000,0,-38.2,23.2,NaN,,
0.0005,1,-39.9,23.2,0.0005,,
0.0025,2,-40.3,23.2,0.0020,,
0.0050,3,-40.7,23.2,0.0025,,
0.0090,4,-41.1,23.2,0.0035,,
0.0150,5,-41.5,23.2,0.0055,,
0.0235,6,-41.8,23.2,0.0075,,
0.0310,7,-42.0,23.2,0.0075,,
0.0395,8,-42.3,23.2,0.0085,,
0.0480,9,-42.4,23.2,0.0085,,
0.0565,10,-42.5,23.2,0.0075,,
0.0650,11,-42.6,23.2,0.0075,,
0.0735,12,-42.6,23.2,0.0075,,
0.0810,13,-42.5,23.2,0.0075,,
0.0895,14,-42.3,23.2,0.0085,,
0.0975,15,-42.1,23.2,0.0080,,
0.1060,16,-41.8,23.2,0.0075,,
0.1145,17,-41.5,23.2,0.0075,,
0.1230,18,-41.0,23.2,0.0075,,
0.1305,19,-40.6,23.2,0.0075,,
0.1390,20,-40.2,23.2,0.0085,,
0.1475,21,-39.7,23.2,0.0085,,
0.1560,22,-39.2,23.2,0.0075,,
0.1645,23,-38.4,23.2,0.0075,,
0.1725,24,-37.8,23.2,0.0075,,
0.1805,25,-37.3,23.2,0.0080,,
0.1885,26,-36.7,23.2,0.0080,,
0.1970,27,-36.2,23.2,0.0085,,
0.2055,28,-35.6,23.2,0.0075,,
0.2140,29,-34.9,23.2,0.0075,,
0.2225,30,-34.1,23.2,0.0075,,
0.2310,31,-33.4,23.2,0.0075,,
0.2385,32,-32.8,23.2,0.0075,,
0.2470,33,-32.3,23.2,0.0085,,
0.2550,34,-31.6,23.2,0.0080,,
0.2635,35,-31.1,23.2,0.0075,,
0.2720,36,-30.5,23.2,0.0075,,
0.2805,37,-29.9,23.2,0.0075,,
0.2880,38,-29.5,23.2,0.0075,,
0.2965,39,-28.9,23.2,0.0085,,
0.3050,40,-28.4,23.2,0.0085,,
0.3135,41,-27.8,23.2,0.0075,,
0.3215,42,-27.3,23.2,0.0075,,
0.3300,43,-26.7,23.2,0.0075,,
0.3380,44,-26.3,23.2,0.0080,,
0.3460,45,-25.7,23.2,0.0080,,
0.3545,46,-25.2,23.2,0.0085,,
0.3630,47,-24.7,23.2,0.0075,,
0.3715,48,-24.2,23.2,0.0075,,
0.3800,49,-23.7,23.2,0.0075,,
0.3875,50,-23.2,23.2,0.0075,,
0.3960,51,-22.8,23.2,0.0085,,
0.4045,52,-22.3,23.2,0.0085,,
0.4130,53,-21.9,23.2,0.0075,,
0.4210,54,-21.3,23.3,0.0075,,
0.4295,55,-20.9,23.2,0.0075,,
0.4370,56,-20.3,23.2,0.0075,,
0.4455,57,-19.8,23.3,0.0085,,
0.4540,58,-19.3,23.3,0.0085,,
0.4625,59,-18.9,23.2,0.0075,,
0.4710,60,-18.5,23.3,0.0075,,
0.4795,61,-18.0,23.3,0.0075,,
0.4870,62,-17.6,23.2,0.0075,,
0.4955,63,-17.0,23.3,0.0085,,
0.5035,64,-16.6,23.3,0.0080,,
0.5120,65,-16.3,23.3,0.0075,,
0.5205,66,-15.9,23.3,0.0075,,
0.5290,67,-15.5,23.3,0.0075,,
0.5375,68,-15.0,23.3,0.0075,,
0.5450,69,-14.6,23.3,0.0075,,
0.5535,70,-14.0,23.3,0.0085,,
0.5620,71,-13.5,23.3,0.0075,,
0.5705,72,-13.1,23.3,0.0075,,
0.5785,73,-12.6,23.3,0.0075,,
0.5870,74,-12.2,23.3,0.0075,,
0.5945,75,-11.8,23.3,0.0075,,
0.6030,76,-11.4,23.3,0.0085,,
0.6115,77,-10.8,23.3,0.0075,,
0.6200,78,-10.3,23.3,0.0075,,
0.6285,79,-9.9,23.3,0.0075,,
0.6370,80,-9.4,23.3,0.0075,,
0.6445,81,-9.1,23.3,0.0075,,
0.6530,82,-8.7,23.3,0.0085,,
0.6615,83,-8.2,23.3,0.0085,,
0.6695,84,-7.8,23.3,0.0075,,
0.6780,85,-7.3,23.3,0.0075,,
0.6865,86,-6.8,23.3,0.0075,,
0.6940,87,-6.5,23.3,0.0075,,
0.7025,88,-5.9,23.3,0.0085,,
0.7110,89,-5.5,23.3,0.0085,,
0.7195,90,-5.1,23.3,0.0075,,
0.7280,91,-4.7,23.3,0.0075,,
0.7365,92,-4.1,23.3,0.0075,,
0.7440,93,-3.7,23.3,0.0075,,
0.7525,94,-3.1,23.3,0.0085,,
0.7605,95,-2.6,23.3,0.0080,,
0.7690,96,-2.0,23.3,0.0075,,
0.7775,97,-1.5,23.3,0.0075,,
0.7860,98,-0.9,23.3,0.0075,,
0.7945,99,-0.2,23.3,0.0085,,
0.8020,100,0.0,23.3,0.0075,,
0.8105,101,0.0,23.3,0.0085,,
0.8190,102,0.4,23.3,0.0075,,
0.8270,103,1.0,23.3,0.0075,,
0.8355,104,1.5,23.3,0.0075,,
0.8440,105,1.9,23.3,0.0085,,
0.8515,106,2.6,23.3,0.0075,,
0.8600,107,3.3,23.3,0.0085,,
0.8685,108,3.6,23.3,0.0075,,
0.8770,109,3.9,23.3,0.0075,,
0.8855,110,4.5,23.3,0.0075,,
0.8935,111,5.0,23.3,0.0075,,
0.9015,112,5.4,23.3,0.0080,,
0.9100,113,5.9,23.3,0.0085,,
0.9180,114,6.4,23.3,0.0075,,
0.9265,115,6.9,23.3,0.0075,,
0.9350,116,7.4,23.3,0.0075,,
0.9435,117,7.9,23.3,0.0075,,
0.9510,118,8.4,23.3,0.0075,,
0.9595,119,8.9,23.3,0.0085,,
0.9680,120,9.6,23.3,0.0085,,
0.9765,121,10.2,23.3,0.0075,,
0.9850,122,11.0,23.3,0.0075,,
0.9930,123,11.8,23.3,0.0075,,
1.0010,124,12.4,23.3,0.0080,,
1.0090,125,13.1,23.3,0.0080,,
1.0175,126,13.7,23.3,0.0075,,
1.0260,127,14.4,23.3,0.0075,,
1.0345,128,15.1,23.3,0.0075,,
1.0430,129,15.8,23.3,0.0075,,
1.0505,130,16.4,23.3,0.0075,,
1.0590,131,17.1,23.3,0.0085,,
1.0675,132,17.9,23.3,0.0075,,
1.0760,133,18.6,23.3,0.0075,,
1.0840,134,19.3,23.3,0.0075,,
1.0925,135,20.0,23.3,0.0075,,
1.1000,136,20.8,23.3,0.0075,,
1.1085,137,21.6,23.3,0.0085,,
1.1170,138,22.4,23.3,0.0085,,
1.1255,139,23.3,23.3,0.0075,,
1.1340,140,24.2,23.3,0.0075,,
1.1425,141,25.2,23.3,0.0075,,
1.1500,142,26.0,23.3,0.0075,,
1.1585,143,27.0,23.3,0.0085,,
1.1670,144,28.1,23.3,0.0085,,
1.1750,145,29.1,23.3,0.0075,,
1.1835,146,30.2,23.3,0.0075,,
1.1920,147,31.5,23.3,0.0075,,
1.1995,148,32.7,23.3,0.0075,,
1.2080,149,34.1,23.3,0.0085,,
1.2165,150,35.5,23.3,0.0085,,
1.2250,151,37.0,23.3,0.0075,,
1.2335,152,38.6,23.3,0.0075,,
1.2420,153,40.3,23.3,0.0075,,
1.2495,154,42.0,23.3,0.0075,,
1.2575,155,43.9,23.3,0.0080,,
1.2660,156,46.2,23.3,0.0085,,
1.2745,157,48.9,23.3,0.0075,,
1.2830,158,51.7,23.3,0.0075,,
1.2915,159,54.9,23.3,0.0075,,
1.3000,160,58.0,23.3,0.0085,,
1.3075,161,61.7,23.3,0.0075,,
1.3160,162,66.1,23.3,0.0085,,
1.3245,163,70.9,23.3,0.0075,,
1.3325,164,76.2,23.3,0.0075,,
1.3410,165,82.0,23.3,0.0075,,
1.3495,166,87.7,23.3,0.0085,,
1.3570,167,94.4,23.3,0.0075,,
1.3655,168,101.6,23.3,0.0085,,
1.3740,169,108.9,23.3,0.0075,,
1.3825,170,116.2,23.3,0.0075,,
1.3910,171,123.3,23.3,0.0075,,
1.3995,172,130.4,23.3,0.0075,,
1.4070,173,136.9,23.3,0.0075,,
1.4155,174,144.0,23.3,0.0085,,
1.4235,175,150.8,23.3,0.0075,,
1.4320,176,157.3,23.3,0.0075,,
1.4405,177,163.7,23.3,0.0075,,
1.4490,178,168.5,23.3,0.0085,,
1.4565,179,173.5,23.3,0.0075,,
1.4650,180,177.3,23.3,0.0085,,
1.4735,181,180.8,23.3,0.0075,,
1.4820,182,183.5,23.3,0.0075,,
1.4905,183,185.2,23.3,0.0075,,
1.4905,423,193.1,23.3,0.0000,,
1.4910,424,193.2,23.3,0.0005,,
1.4925,425,193.2,23.3,0.0015,,
1.4950,426,193.1,23.3,0.0025,,
1.4990,427,193.2,23.3,0.0035,,
1.5055,428,193.2,23.3,0.0055,,
1.5140,429,193.4,23.3,0.0075,,
1.5215,430,194.0,23.3,0.0070,,
1.5300,431,194.8,23.3,0.0075,,
1.5385,432,195.6,23.3,0.0075,,
1.5470,433,196.4,23.3,0.0070,,
1.5550,434,197.2,23.3,0.0065,,
1.5635,435,198.0,23.3,0.0070,,
1.5710,436,198.8,23.3,0.0070,,
1.5795,437,199.4,23.3,0.0075,,
1.5880,438,200.2,23.3,0.0075,,
1.5965,439,200.9,23.3,0.0070,,
1.6050,440,201.6,23.3,0.0070,,
1.6135,441,202.3,23.3,0.0070,,
1.6210,442,202.9,23.3,0.0070,,
1.6295,443,203.6,23.3,0.0075,,
1.6380,444,204.2,23.3,0.0075,,
1.6460,445,204.9,23.3,0.0065,,
1.6545,446,205.5,23.3,0.0070,,
1.6630,447,206.1,23.3,0.0070,,
1.6705,448,206.6,23.3,0.0070,,
1.6790,449,207.1,23.3,0.0075,,
1.6875,450,207.7,23.3,0.0075,,
1.6960,451,208.3,23.3,0.0070,,
1.7045,452,208.9,23.3,0.0070,,
1.7130,453,209.5,23.3,0.0070,,
1.7205,454,209.9,23.3,0.0070,,
1.7290,455,210.5,23.3,0.0075,,
1.7370,456,210.9,23.3,0.0075,,
1.7455,457,211.4,23.3,0.0070,,
1.7540,458,211.8,23.3,0.0070,,
1.7625,459,212.3,23.3,0.0070,,
1.7700,460,212.6,23.3,0.0070,,
1.7785,461,213.1,23.3,0.0075,,
1.7870,462,213.5,23.3,0.0075,,
1.7955,463,213.9,23.3,0.0070,,
1.8040,464,214.4,23.3,0.0070,,
1.8120,465,214.9,23.3,0.0065,,
1.8200,466,215.1,23.3,0.0075,,
1.8280,467,215.5,23.3,0.0075,,
1.8365,468,215.9,23.3,0.0075,,
1.8450,469,216.3,23.3,0.0070,,
1.8535,470,216.7,23.3,0.0070,,
1.8620,471,217.1,23.3,0.0070,,
1.8695,472,217.5,23.3,0.0070,,
1.8780,473,217.8,23.3,0.0075,,
1.8865,474,218.3,23.3,0.0075,,
1.8945,475,218.8,23.3,0.0065,,
1.9030,476,219.1,23.3,0.0070,,
1.9115,477,219.4,23.3,0.0070,,
1.9200,478,219.8,23.3,0.0075,,
1.9275,479,220.1,23.3,0.0070,,
1.9360,480,220.5,23.3,0.0075,,
1.9445,481,220.8,23.3,0.0070,,
1.9530,482,221.1,23.3,0.0070,,
1.9615,483,221.4,23.3,0.0070,,
1.9695,484,221.7,23.3,0.0075,,
1.9775,485,222.0,23.3,0.0075,,
1.9860,486,222.3,23.3,0.0075,,
1.9940,487,222.6,23.3,0.0065,,
2.0025,488,222.9,23.3,0.0070,,
2.0110,489,223.1,23.3,0.0070,,
2.0185,490,223.4,23.3,0.0070,,
2.0270,491,223.9,23.3,0.0075,,
2.0355,492,224.1,23.3,0.0075,,
2.0440,493,224.4,23.3,0.0070,,
2.0525,494,224.7,23.3,0.0070,,
2.0610,495,224.9,23.3,0.0070,,
2.0685,496,225.2,23.3,0.0070,,
2.0770,497,225.3,23.3,0.0075,,
2.0855,498,225.6,23.3,0.0075,,
2.0935,499,225.8,23.3,0.0065,,
2.1020,500,226.1,23.3,0.0070,,
2.1105,501,226.4,23.3,0.0070,,
2.1180,502,226.7,23.3,0.0070,,
2.1265,503,226.9,23.3,0.0075,,
2.1350,504,227.2,23.3,0.0075,,
2.1435,505,227.3,23.3,0.0070,,
2.1520,506,227.6,23.3,0.0070,,
2.1605,507,227.9,23.3,0.0070,,
2.1680,508,228.1,23.3,0.0070,,
2.1765,509,228.3,23.3,0.0075,,
2.1845,510,228.6,23.3,0.0075,,
2.1930,511,228.8,23.3,0.0070,,
2.2015,512,229.1,23.3,0.0070,,
2.2100,513,229.3,23.3,0.0070,,
2.2185,514,229.5,23.3,0.0075,,
2.2260,515,229.8,23.3,0.0070,,
2.2345,516,230.0,23.3,0.0075,,
2.2430,517,230.3,23.3,0.0070,,
2.2515,518,230.6,23.3,0.0070,,
2.2595,519,230.9,23.3,0.0065,,
2.2680,520,230.9,23.3,0.0075,,
2.2755,521,231.2,23.3,0.0060,,
2.2840,522,231.4,23.3,0.0075,,
2.2925,523,231.7,23.3,0.0070,,
2.3010,524,231.9,23.3,0.0070,,
2.3095,525,232.1,23.3,0.0070,,
2.3180,526,232.1,23.3,0.0070,,
2.3255,527,232.3,23.3,0.0070,,
2.3340,528,232.6,23.3,0.0075,,
2.3420,529,232.8,23.3,0.0075,,
2.3505,530,232.9,23.3,0.0070,,
2.3590,531,233.2,23.3,0.0070,,
2.3675,532,233.4,23.3,0.0070,,
2.3750,533,233.5,23.3,0.0070,,
2.3835,534,233.8,23.3,0.0075,,
2.3920,535,233.9,23.3,0.0075,,
2.3975,536,234.2,23.3,0.0045,,
2.3980,537,234.3,23.3,0.0005,,
2.3985,538,234.4,23.3,0.0005,,
2.3990,539,234.4,23.3,0.0005,,
2.4005,540,234.5,23.3,0.0015,,
2.4030,541,234.5,23.4,0.0025,,
2.4065,542,234.6,23.3,0.0030,,
2.4110,543,234.6,23.3,0.0035,,
2.4165,544,234.7,23.3,0.0045,,
2.4190,545,235.0,23.4,0.0025,,
