Task,T5607
Scope 1/1, Sample 1/7 (junk1)
Result,TitrationEP1
V,t,E,T,dV/dt,E acc. stat.,Volume acc. stat.
0.0000,0,-58.8,21.6,NaN,,
0.0010,1,-60.0,21.6,0.0010,,
0.0025,2,-60.3,21.6,0.0015,,
0.0050,3,-60.6,21.6,0.0020,,
0.0090,4,-60.8,21.6,0.0035,,
0.0150,5,-61.1,21.6,0.0055,,
0.0235,6,-61.2,21.6,0.0075,,
0.0320,7,-61.4,21.6,0.0075,,
0.0405,8,-61.6,21.6,0.0075,,
0.0490,9,-61.6,21.6,0.0075,,
0.0565,10,-61.7,21.6,0.0070,,
0.0650,11,-61.6,21.6,0.0075,,
0.0735,12,-61.5,21.6,0.0075,,
0.0820,13,-61.4,21.6,0.0075,,
0.0905,14,-61.2,21.6,0.0075,,
0.0985,15,-60.9,21.6,0.0075,,
0.1065,16,-60.6,21.6,0.0075,,
0.1145,17,-60.3,21.6,0.0075,,
0.1230,18,-59.9,21.6,0.0075,,
0.1315,19,-59.4,21.6,0.0075,,
0.1400,20,-59.0,21.6,0.0075,,
0.1475,21,-58.5,21.6,0.0070,,
0.1560,22,-58.0,21.6,0.0075,,
0.1645,23,-57.4,21.6,0.0075,,
0.1730,24,-56.8,21.6,0.0075,,
0.1815,25,-56.2,21.6,0.0075,,
0.1900,26,-55.5,21.6,0.0075,,
0.1975,27,-54.8,21.7,0.0070,,
0.2060,28,-54.1,21.7,0.0075,,
0.2140,29,-53.4,21.6,0.0075,,
0.2225,30,-52.7,21.6,0.0075,,
0.2310,31,-51.9,21.7,0.0075,,
0.2395,32,-51.2,21.7,0.0070,,
0.2470,33,-50.5,21.7,0.0070,,
0.2555,34,-49.7,21.7,0.0075,,
0.2640,35,-48.9,21.7,0.0075,,
0.2725,36,-48.1,21.7,0.0075,,
0.2810,37,-47.4,21.7,0.0075,,
0.2895,38,-46.8,21.7,0.0075,,
0.2970,39,-46.0,21.7,0.0070,,
0.3055,40,-45.3,21.7,0.0075,,
0.3140,41,-44.7,21.7,0.0075,,
0.3220,42,-44.0,21.7,0.0075,,
0.3305,43,-43.3,21.7,0.0075,,
0.3380,44,-42.7,21.7,0.0070,,
0.3465,45,-42.1,21.7,0.0075,,
0.3550,46,-41.5,21.7,0.0075,,
0.3635,47,-40.8,21.7,0.0075,,
0.3720,48,-40.3,21.7,0.0075,,
0.3805,49,-39.7,21.7,0.0070,,
0.3880,50,-39.2,21.7,0.0070,,
0.3965,51,-38.6,21.7,0.0075,,
0.4050,52,-38.1,21.7,0.0075,,
0.4135,53,-37.5,21.7,0.0075,,
0.4220,54,-36.9,21.7,0.0075,,
0.4300,55,-36.4,21.7,0.0075,,
0.4380,56,-36.0,21.7,0.0075,,
0.4460,57,-35.4,21.7,0.0075,,
0.4545,58,-34.8,21.7,0.0075,,
0.4630,59,-34.3,21.7,0.0075,,
0.4715,60,-33.9,21.7,0.0075,,
0.4800,61,-33.4,21.7,0.0075,,
0.4875,62,-32.9,21.7,0.0070,,
0.4960,63,-32.3,21.7,0.0075,,
0.5045,64,-31.8,21.7,0.0075,,
0.5130,65,-31.3,21.7,0.0075,,
0.5215,66,-30.8,21.7,0.0075,,
0.5290,67,-30.4,21.7,0.0070,,
0.5370,68,-29.9,21.7,0.0075,,
0.5455,69,-29.4,21.7,0.0075,,
0.5540,70,-28.9,21.7,0.0075,,
0.5625,71,-28.4,21.7,0.0075,,
0.5710,72,-28.0,21.7,0.0070,,
0.5785,73,-27.6,21.7,0.0070,,
0.5870,74,-27.1,21.7,0.0075,,
0.5955,75,-26.6,21.7,0.0075,,
0.6040,76,-26.2,21.7,0.0075,,
0.6125,77,-25.7,21.7,0.0075,,
0.6210,78,-25.3,21.7,0.0075,,
0.6285,79,-24.8,21.7,0.0070,,
0.6370,80,-24.4,21.7,0.0075,,
0.6455,81,-23.9,21.7,0.0075,,
0.6535,82,-23.4,21.7,0.0075,,
0.6620,83,-23.0,21.7,0.0070,,
0.6700,84,-22.6,21.7,0.0075,,
0.6780,85,-22.1,21.7,0.0075,,
0.6865,86,-21.6,21.7,0.0075,,
0.6950,87,-21.2,21.7,0.0075,,
0.7035,88,-20.8,21.7,0.0075,,
0.7120,89,-20.3,21.7,0.0070,,
0.7195,90,-20.0,21.7,0.0070,,
0.7280,91,-19.5,21.7,0.0075,,
0.7365,92,-19.0,21.7,0.0075,,
0.7450,93,-18.5,21.7,0.0075,,
0.7530,94,-18.1,21.7,0.0075,,
0.7615,95,-17.7,21.7,0.0070,,
0.7690,96,-17.3,21.7,0.0070,,
0.7775,97,-16.9,21.7,0.0075,,
0.7860,98,-16.4,21.7,0.0075,,
0.7945,99,-15.9,21.7,0.0075,,
0.8030,100,-15.5,21.7,0.0075,,
0.8105,101,-15.0,21.7,0.0070,,
0.8190,102,-14.6,21.7,0.0075,,
0.8275,103,-14.2,21.7,0.0075,,
0.8360,104,-13.7,21.7,0.0075,,
0.8445,105,-13.2,21.7,0.0075,,
0.8530,106,-12.8,21.7,0.0070,,
0.8605,107,-12.3,21.7,0.0070,,
0.8690,108,-11.9,21.7,0.0075,,
0.8770,109,-11.4,21.7,0.0075,,
0.8855,110,-11.0,21.7,0.0075,,
0.8940,111,-10.5,21.7,0.0075,,
0.9025,112,-10.1,21.7,0.0075,,
0.9100,113,-9.6,21.7,0.0070,,
0.9185,114,-9.1,21.7,0.0075,,
0.9270,115,-8.7,21.7,0.0075,,
0.9355,116,-8.2,21.7,0.0075,,
0.9440,117,-7.7,21.7,0.0075,,
0.9515,118,-7.3,21.7,0.0070,,
0.9600,119,-6.8,21.7,0.0075,,
0.9685,120,-6.4,21.7,0.0075,,
0.9770,121,-5.9,21.7,0.0075,,
0.9850,122,-5.4,21.7,0.0075,,
0.9935,123,-4.9,21.7,0.0075,,
1.0010,124,-4.3,21.7,0.0070,,
1.0095,125,-3.7,21.7,0.0075,,
1.0180,126,-3.1,21.7,0.0075,,
1.0265,127,-2.5,21.7,0.0075,,
1.0350,128,-1.8,21.7,0.0075,,
1.0435,129,-1.2,21.7,0.0070,,
1.0510,130,-0.6,21.7,0.0070,,
1.0595,131,0.0,21.7,0.0075,,
1.0680,132,0.4,21.7,0.0075,,
1.0765,133,0.3,21.7,0.0075,,
1.0850,134,0.8,21.7,0.0075,,
1.0925,135,1.4,21.7,0.0070,,
1.1010,136,2.0,21.7,0.0075,,
1.1095,137,2.9,21.7,0.0075,,
1.1175,138,3.9,21.7,0.0075,,
1.1260,139,4.1,21.7,0.0075,,
1.1345,140,4.7,21.7,0.0075,,
1.1420,141,5.3,21.7,0.0070,,
1.1505,142,5.8,21.7,0.0075,,
1.1590,143,6.4,21.7,0.0075,,
1.1675,144,7.1,21.7,0.0075,,
1.1760,145,7.7,21.7,0.0075,,
1.1845,146,8.5,21.7,0.0070,,
1.1920,147,9.3,21.7,0.0070,,
1.2005,148,10.2,21.7,0.0075,,
1.2090,149,11.1,21.7,0.0075,,
1.2170,150,12.1,21.7,0.0075,,
1.2255,151,13.1,21.7,0.0075,,
1.2340,152,14.0,21.7,0.0075,,
1.2415,153,15.0,21.7,0.0070,,
1.2500,154,16.1,21.7,0.0075,,
1.2585,155,17.2,21.7,0.0075,,
1.2670,156,18.5,21.7,0.0075,,
1.2755,157,19.8,21.7,0.0075,,
1.2840,158,21.1,21.7,0.0075,,
1.2915,159,22.6,21.7,0.0070,,
1.3000,160,24.3,21.7,0.0075,,
1.3085,161,26.2,21.7,0.0075,,
1.3165,162,28.2,21.7,0.0075,,
1.3250,163,30.4,21.7,0.0075,,
1.3325,164,32.7,21.7,0.0070,,
1.3410,165,35.6,21.7,0.0075,,
1.3495,166,38.6,21.7,0.0075,,
1.3580,167,42.0,21.7,0.0075,,
1.3665,168,45.7,21.7,0.0075,,
1.3750,169,49.9,21.7,0.0070,,
1.3825,170,54.3,21.7,0.0070,,
1.3910,171,59.3,21.7,0.0075,,
1.3995,172,64.5,21.7,0.0075,,
1.4080,173,70.3,21.7,0.0075,,
1.4160,174,76.4,21.7,0.0075,,
1.4245,175,82.6,21.7,0.0070,,
1.4320,176,88.6,21.7,0.0070,,
1.4405,177,95.5,21.7,0.0075,,
1.4490,178,102.6,21.7,0.0075,,
1.4575,179,110.2,21.7,0.0075,,
1.4660,180,118.0,21.7,0.0075,,
1.4745,181,124.8,21.7,0.0075,,
1.4820,182,132.9,21.7,0.0070,,
1.4905,183,141.0,21.7,0.0075,,
1.4990,184,149.0,21.7,0.0075,,
1.5075,185,155.7,21.7,0.0075,,
1.5160,186,162.5,21.7,0.0075,,
1.5235,187,168.2,21.7,0.0070,,
1.5320,188,174.0,21.7,0.0075,,
1.5400,189,179.0,21.7,0.0075,,
1.5485,190,183.3,21.7,0.0075,,
1.5550,191,185.2,21.7,0.0070,,
1.5550,431,197.5,21.8,0.0000,,
1.5555,432,197.5,21.8,0.0005,,
1.5570,433,197.5,21.8,0.0015,,
1.5595,434,197.5,21.8,0.0025,,
1.5635,435,197.6,21.8,0.0035,,
1.5700,436,197.6,21.8,0.0055,,
1.5785,437,197.9,21.8,0.0070,,
1.5860,438,198.1,21.8,0.0070,,
1.5945,439,198.7,21.8,0.0075,,
1.6030,440,199.3,21.8,0.0075,,
1.6115,441,200.1,21.8,0.0070,,
1.6195,442,200.8,21.8,0.0065,,
1.6280,443,201.5,21.8,0.0070,,
1.6355,444,202.2,21.8,0.0070,,
1.6440,445,202.9,21.8,0.0075,,
1.6525,446,203.7,21.8,0.0075,,
1.6610,447,204.3,21.8,0.0070,,
1.6695,448,205.1,21.8,0.0070,,
1.6780,449,205.6,21.8,0.0070,,
1.6860,450,206.3,21.8,0.0075,,
1.6940,451,207.0,21.8,0.0075,,
1.7020,452,207.5,21.8,0.0075,,
1.7105,453,208.1,21.8,0.0070,,
1.7190,454,208.7,21.8,0.0070,,
1.7275,455,209.3,21.8,0.0070,,
1.7360,456,209.8,21.8,0.0075,,
1.7435,457,210.3,21.8,0.0070,,
1.7520,458,210.8,21.8,0.0075,,
1.7605,459,211.3,21.8,0.0070,,
1.7690,460,211.7,21.8,0.0070,,
1.7770,461,212.2,21.8,0.0065,,
1.7855,462,212.7,21.8,0.0070,,
1.7930,463,213.0,21.8,0.0070,,
1.8015,464,213.6,21.8,0.0075,,
1.8100,465,214.1,21.8,0.0070,,
1.8185,466,214.5,21.8,0.0070,,
1.8270,467,215.0,21.8,0.0070,,
1.8355,468,215.4,21.8,0.0070,,
1.8430,469,215.8,21.8,0.0070,,
1.8515,470,216.2,21.8,0.0075,,
1.8600,471,216.7,21.8,0.0070,,
1.8680,472,217.1,21.8,0.0065,,
1.8765,473,217.5,21.8,0.0070,,
1.8850,474,217.9,21.8,0.0070,,
1.8925,475,218.2,21.8,0.0070,,
1.9010,476,218.5,21.8,0.0075,,
1.9095,477,218.9,21.8,0.0070,,
1.9180,478,219.3,21.8,0.0070,,
1.9265,479,219.7,21.8,0.0070,,
1.9340,480,220.0,21.8,0.0070,,
1.9425,481,220.5,21.8,0.0075,,
1.9510,482,220.8,21.8,0.0075,,
1.9595,483,221.1,21.8,0.0070,,
1.9680,484,221.5,21.8,0.0070,,
1.9760,485,221.8,21.8,0.0065,,
1.9840,486,222.1,21.8,0.0075,,
1.9920,487,222.4,21.8,0.0075,,
2.0005,488,222.7,21.8,0.0075,,
2.0090,489,223.1,21.8,0.0070,,
2.0175,490,223.4,21.8,0.0070,,
2.0260,491,223.6,21.8,0.0070,,
2.0345,492,223.9,21.8,0.0075,,
2.0420,493,224.3,21.8,0.0070,,
2.0505,494,224.7,21.8,0.0075,,
2.0585,495,225.0,21.8,0.0065,,
2.0670,496,225.3,21.8,0.0070,,
2.0755,497,225.5,21.8,0.0070,,
2.0840,498,225.8,21.8,0.0075,,
2.0915,499,226.0,21.8,0.0070,,
2.1000,500,226.3,21.8,0.0075,,
2.1085,501,226.6,21.8,0.0070,,
2.1170,502,226.9,21.8,0.0070,,
2.1255,503,227.1,21.8,0.0070,,
2.1335,504,227.5,21.8,0.0075,,
2.1415,505,227.7,21.8,0.0075,,
2.1495,506,228.0,21.8,0.0075,,
2.1580,507,228.2,21.8,0.0070,,
2.1665,508,228.5,21.8,0.0070,,
2.1750,509,228.7,21.8,0.0070,,
2.1835,510,229.0,21.8,0.0070,,
2.1910,511,229.2,21.8,0.0070,,
2.1995,512,229.4,21.8,0.0075,,
2.2080,513,229.6,21.8,0.0075,,
2.2165,514,229.8,21.8,0.0070,,
2.2245,515,230.1,21.8,0.0065,,
2.2330,516,230.4,21.8,0.0070,,
2.2405,517,230.6,21.8,0.0070,,
2.2490,518,230.8,21.8,0.0075,,
2.2575,519,231.1,21.8,0.0075,,
2.2660,520,231.3,21.8,0.0070,,
2.2745,521,231.5,21.8,0.0070,,
2.2830,522,231.8,21.8,0.0070,,
2.2905,523,231.9,21.8,0.0070,,
2.2990,524,232.2,21.8,0.0075,,
2.3075,525,232.4,21.8,0.0070,,
2.3155,526,232.6,21.8,0.0065,,
2.3240,527,232.9,21.8,0.0070,,
2.3325,528,233.1,21.8,0.0070,,
2.3400,529,233.3,21.8,0.0070,,
2.3485,530,233.5,21.8,0.0075,,
2.3570,531,233.7,21.8,0.0075,,
2.3655,532,233.8,21.8,0.0070,,
2.3740,533,234.1,21.8,0.0070,,
2.3795,534,234.3,21.8,0.0045,,
2.3830,535,234.4,21.8,0.0030,,
2.3855,536,234.6,21.8,0.0025,,
2.3860,537,234.7,21.8,0.0005,,
2.3870,538,234.8,21.8,0.0010,,
2.3880,539,234.8,21.8,0.0010,,
2.3900,540,234.8,21.8,0.0015,,
2.3925,541,234.8,21.8,0.0025,,
2.3970,542,234.9,21.8,0.0040,,
2.4030,543,234.9,21.8,0.0055,,
2.4100,544,235.0,21.8,0.0065,,
Scope 1/1, Sample 2/7 (junk2)
Result,TitrationEP1
V,t,E,T,dV/dt,E acc. stat.,Volume acc. stat.
0.0000,0,-51.8,21.7,NaN,,
0.0005,1,-53.9,21.7,0.0005,,
0.0025,2,-54.4,21.7,0.0020,,
0.0050,3,-54.9,21.7,0.0025,,
0.0090,4,-55.4,21.7,0.0035,,
0.0150,5,-55.8,21.7,0.0055,,
0.0235,6,-56.3,21.7,0.0075,,
0.0310,7,-56.7,21.7,0.0075,,
0.0395,8,-57.0,21.7,0.0085,,
0.0480,9,-57.3,21.7,0.0075,,
0.0565,10,-57.4,21.7,0.0075,,
0.0650,11,-57.5,21.7,0.0075,,
0.0735,12,-57.5,21.7,0.0075,,
0.0810,13,-57.5,21.7,0.0075,,
0.0895,14,-57.5,21.7,0.0085,,
0.0980,15,-57.3,21.7,0.0075,,
0.1065,16,-57.2,21.7,0.0075,,
0.1145,17,-56.9,21.7,0.0075,,
0.1230,18,-56.6,21.7,0.0075,,
0.1305,19,-56.4,21.7,0.0075,,
0.1390,20,-56.0,21.8,0.0085,,
0.1475,21,-55.6,21.7,0.0075,,
0.1560,22,-55.1,21.7,0.0075,,
0.1645,23,-54.6,21.7,0.0075,,
0.1730,24,-54.0,21.7,0.0075,,
0.1805,25,-53.5,21.7,0.0075,,
0.1890,26,-52.9,21.7,0.0085,,
0.1970,27,-52.2,21.8,0.0080,,
0.2055,28,-51.6,21.8,0.0075,,
0.2140,29,-50.9,21.7,0.0075,,
0.2225,30,-50.1,21.8,0.0075,,
0.2310,31,-49.5,21.8,0.0085,,
0.2385,32,-48.8,21.8,0.0075,,
0.2470,33,-48.0,21.8,0.0085,,
0.2555,34,-47.3,21.8,0.0075,,
0.2640,35,-46.5,21.8,0.0075,,
0.2720,36,-45.7,21.8,0.0075,,
0.2805,37,-45.1,21.8,0.0085,,
0.2880,38,-44.4,21.8,0.0075,,
0.2965,39,-43.7,21.8,0.0085,,
0.3050,40,-43.0,21.8,0.0075,,
0.3135,41,-42.3,21.8,0.0075,,
0.3220,42,-41.6,21.8,0.0075,,
0.3305,43,-41.0,21.8,0.0075,,
0.3380,44,-40.4,21.8,0.0075,,
0.3465,45,-39.7,21.8,0.0085,,
0.3545,46,-39.1,21.8,0.0075,,
0.3630,47,-38.5,21.8,0.0075,,
0.3715,48,-37.9,21.8,0.0075,,
0.3800,49,-37.4,21.8,0.0075,,
0.3875,50,-36.8,21.8,0.0075,,
0.3960,51,-36.3,21.8,0.0085,,
0.4045,52,-35.7,21.8,0.0085,,
0.4130,53,-35.1,21.8,0.0075,,
0.4215,54,-34.6,21.8,0.0075,,
0.4295,55,-34.1,21.8,0.0075,,
0.4375,56,-33.6,21.8,0.0080,,
0.4455,57,-33.1,21.8,0.0080,,
0.4540,58,-32.6,21.8,0.0075,,
0.4625,59,-32.1,21.8,0.0075,,
0.4710,60,-31.5,21.8,0.0075,,
0.4795,61,-31.1,21.8,0.0085,,
0.4870,62,-30.6,21.8,0.0075,,
0.4955,63,-30.1,21.8,0.0085,,
0.5040,64,-29.6,21.8,0.0085,,
0.5125,65,-29.1,21.8,0.0075,,
0.5210,66,-28.6,21.8,0.0075,,
0.5290,67,-28.1,21.8,0.0075,,
0.5370,68,-27.7,21.8,0.0080,,
0.5450,69,-27.2,21.8,0.0080,,
0.5535,70,-26.7,21.8,0.0075,,
0.5620,71,-26.3,21.8,0.0075,,
0.5705,72,-25.8,21.8,0.0075,,
0.5790,73,-25.3,21.8,0.0075,,
0.5865,74,-24.8,21.8,0.0075,,
0.5950,75,-24.4,21.8,0.0085,,
0.6035,76,-23.9,21.8,0.0075,,
0.6115,77,-23.4,21.8,0.0075,,
0.6200,78,-23.0,21.8,0.0075,,
0.6285,79,-22.5,21.8,0.0075,,
0.6360,80,-22.1,21.8,0.0075,,
0.6445,81,-21.7,21.8,0.0085,,
0.6530,82,-21.2,21.8,0.0085,,
0.6615,83,-20.8,21.8,0.0075,,
0.6700,84,-20.3,21.8,0.0075,,
0.6785,85,-19.9,21.8,0.0075,,
0.6860,86,-19.5,21.8,0.0075,,
0.6945,87,-19.0,21.8,0.0085,,
0.7030,88,-18.5,21.8,0.0085,,
0.7110,89,-18.1,21.8,0.0075,,
0.7195,90,-17.6,21.8,0.0075,,
0.7280,91,-17.1,21.8,0.0075,,
0.7355,92,-16.8,21.8,0.0075,,
0.7440,93,-16.3,21.8,0.0085,,
0.7525,94,-15.9,21.8,0.0085,,
0.7610,95,-15.4,21.8,0.0075,,
0.7695,96,-15.0,21.8,0.0075,,
0.7775,97,-14.5,21.8,0.0075,,
0.7860,98,-14.1,21.8,0.0085,,
0.7935,99,-13.7,21.8,0.0075,,
0.8020,100,-13.2,21.8,0.0085,,
0.8105,101,-12.8,21.8,0.0075,,
0.8190,102,-12.3,21.8,0.0075,,
0.8275,103,-11.9,21.8,0.0075,,
0.8350,104,-11.5,21.8,0.0075,,
0.8435,105,-11.0,21.8,0.0085,,
0.8520,106,-10.5,21.8,0.0085,,
0.8605,107,-10.1,21.8,0.0075,,
0.8685,108,-9.6,21.8,0.0075,,
0.8770,109,-9.2,21.8,0.0075,,
0.8850,110,-8.8,21.8,0.0080,,
0.8930,111,-8.3,21.8,0.0080,,
0.9015,112,-7.9,21.8,0.0085,,
0.9100,113,-7.4,21.8,0.0075,,
0.9185,114,-7.0,21.8,0.0075,,
0.9270,115,-6.6,21.8,0.0075,,
0.9345,116,-6.2,21.8,0.0075,,
0.9430,117,-5.7,21.8,0.0085,,
0.9515,118,-5.2,21.8,0.0085,,
0.9600,119,-4.6,21.8,0.0075,,
0.9680,120,-4.1,21.8,0.0075,,
0.9765,121,-3.5,21.8,0.0075,,
0.9840,122,-3.0,21.8,0.0075,,
0.9925,123,-2.4,21.8,0.0085,,
1.0010,124,-1.8,21.8,0.0085,,
1.0095,125,-1.2,21.8,0.0075,,
1.0180,126,-0.6,21.8,0.0075,,
1.0265,127,0.0,21.8,0.0075,,
1.0340,128,0.4,21.8,0.0075,,
1.0425,129,0.2,21.8,0.0085,,
1.0510,130,0.7,21.8,0.0085,,
1.0590,131,1.2,21.8,0.0075,,
1.0675,132,1.8,21.8,0.0075,,
1.0760,133,2.5,21.8,0.0075,,
1.0845,134,3.4,21.8,0.0085,,
1.0920,135,3.6,21.8,0.0075,,
1.1005,136,4.3,21.8,0.0085,,
1.1090,137,4.9,21.8,0.0075,,
1.1175,138,5.3,21.8,0.0075,,
1.1260,139,5.9,21.8,0.0075,,
1.1340,140,6.3,21.8,0.0080,,
1.1420,141,6.9,21.8,0.0080,,
1.1500,142,7.4,21.8,0.0080,,
1.1585,143,8.1,21.8,0.0075,,
1.1670,144,8.8,21.8,0.0075,,
1.1755,145,9.7,21.8,0.0075,,
1.1840,146,10.4,21.8,0.0085,,
1.1915,147,11.3,21.8,0.0075,,
1.2000,148,12.1,21.8,0.0085,,
1.2085,149,13.0,21.8,0.0075,,
1.2165,150,13.8,21.8,0.0075,,
1.2250,151,14.6,21.8,0.0075,,
1.2335,152,15.6,21.8,0.0075,,
1.2410,153,16.4,21.8,0.0075,,
1.2495,154,17.3,21.8,0.0085,,
1.2580,155,18.3,21.8,0.0075,,
1.2665,156,19.3,21.8,0.0075,,
1.2750,157,20.3,21.8,0.0075,,
1.2835,158,21.4,21.8,0.0075,,
1.2910,159,22.5,21.8,0.0075,,
1.2995,160,23.8,21.8,0.0085,,
1.3080,161,25.2,21.8,0.0075,,
1.3160,162,26.7,21.8,0.0075,,
1.3245,163,28.4,21.8,0.0075,,
1.3330,164,30.3,21.8,0.0075,,
1.3405,165,32.2,21.8,0.0075,,
1.3490,166,34.3,21.8,0.0085,,
1.3575,167,36.8,21.8,0.0085,,
1.3660,168,39.4,21.8,0.0075,,
1.3745,169,42.2,21.8,0.0075,,
1.3830,170,45.8,21.8,0.0075,,
1.3905,171,49.2,21.8,0.0075,,
1.3990,172,53.4,21.8,0.0085,,
1.4070,173,57.8,21.8,0.0075,,
1.4155,174,63.0,21.8,0.0075,,
1.4240,175,68.6,21.8,0.0075,,
1.4325,176,74.6,21.8,0.0075,,
1.4400,177,80.3,21.8,0.0075,,
1.4485,178,86.4,21.8,0.0075,,
1.4570,179,92.6,21.8,0.0075,,
1.4655,180,99.6,21.8,0.0075,,
1.4740,181,106.9,21.8,0.0075,,
1.4825,182,113.3,21.8,0.0085,,
1.4900,183,120.8,21.8,0.0075,,
1.4985,184,128.0,21.8,0.0085,,
1.5065,185,135.4,21.8,0.0075,,
1.5150,186,142.9,21.8,0.0075,,
1.5235,187,150.0,21.8,0.0075,,
1.5320,188,157.0,21.8,0.0075,,
1.5395,189,162.8,21.8,0.0075,,
1.5480,190,169.1,21.8,0.0085,,
1.5565,191,174.6,21.8,0.0075,,
1.5650,192,179.5,21.8,0.0075,,
1.5735,193,183.7,21.8,0.0075,,
1.5785,194,185.1,21.8,0.0070,,
1.5785,434,196.7,21.9,0.0000,,
1.5790,435,196.6,21.9,0.0005,,
1.5805,436,196.7,21.9,0.0020,,
1.5830,437,196.7,21.9,0.0030,,
1.5875,438,196.7,21.9,0.0050,,
1.5935,439,196.8,21.9,0.0065,,
1.6020,440,197.1,21.9,0.0095,,
1.6105,441,197.6,21.9,0.0095,,
1.6190,442,198.1,21.9,0.0105,,
1.6265,443,198.7,21.9,0.0085,,
1.6350,444,199.5,21.9,0.0095,,
1.6435,445,200.3,21.9,0.0095,,
1.6515,446,201.0,21.9,0.0090,,
1.6600,447,201.9,21.9,0.0095,,
1.6685,448,202.7,21.9,0.0095,,
1.6760,449,203.2,21.9,0.0095,,
1.6845,450,203.9,21.9,0.0095,,
1.6930,451,204.5,21.9,0.0095,,
1.7015,452,205.2,21.9,0.0095,,
1.7100,453,205.8,21.9,0.0095,,
1.7180,454,206.5,21.9,0.0090,,
1.7260,455,207.0,21.9,0.0100,,
1.7340,456,207.7,21.9,0.0090,,
1.7425,457,208.2,21.9,0.0095,,
1.7510,458,208.8,21.9,0.0095,,
1.7595,459,209.4,21.9,0.0095,,
1.7680,460,209.9,21.9,0.0095,,
1.7765,461,210.5,21.9,0.0105,,
1.7840,462,210.9,21.9,0.0095,,
1.7925,463,211.5,21.9,0.0095,,
1.8010,464,211.9,21.9,0.0095,,
1.8090,465,212.4,21.9,0.0090,,
1.8175,466,212.9,21.9,0.0095,,
1.8260,467,213.3,21.9,0.0105,,
1.8335,468,213.7,21.9,0.0095,,
1.8420,469,214.2,21.9,0.0095,,
1.8505,470,214.6,21.9,0.0095,,
1.8590,471,215.2,21.9,0.0095,,
1.8675,472,215.6,21.9,0.0095,,
1.8750,473,215.8,21.9,0.0095,,
1.8835,474,216.2,21.9,0.0095,,
1.8920,475,216.7,21.9,0.0095,,
1.9000,476,217.1,21.9,0.0090,,
1.9085,477,217.5,21.9,0.0095,,
1.9170,478,217.9,21.9,0.0095,,
1.9245,479,218.2,21.9,0.0095,,
1.9330,480,218.5,21.9,0.0095,,
1.9415,481,219.0,21.9,0.0095,,
1.9500,482,219.4,21.9,0.0095,,
1.9585,483,219.7,21.9,0.0095,,
1.9670,484,220.1,21.9,0.0095,,
1.9745,485,220.4,21.9,0.0095,,
1.9830,486,220.8,21.9,0.0095,,
1.9910,487,221.0,21.9,0.0090,,
1.9995,488,221.4,21.9,0.0095,,
2.0080,489,221.8,21.9,0.0095,,
2.0165,490,222.2,21.9,0.0095,,
2.0240,491,222.5,21.9,0.0095,,
2.0325,492,222.7,21.9,0.0095,,
2.0410,493,223.1,21.9,0.0095,,
2.0495,494,223.4,21.9,0.0095,,
2.0580,495,223.7,21.9,0.0095,,
2.0660,496,224.0,21.9,0.0090,,
2.0745,497,224.3,21.9,0.0105,,
2.0820,498,224.6,21.9,0.0085,,
2.0905,499,224.9,21.9,0.0095,,
2.0990,500,225.2,21.9,0.0095,,
2.1075,501,225.5,21.9,0.0095,,
2.1160,502,225.8,21.9,0.0095,,
2.1235,503,226.1,21.9,0.0095,,
2.1320,504,226.3,21.9,0.0095,,
2.1405,505,226.5,21.9,0.0095,,
2.1490,506,226.8,21.9,0.0095,,
2.1575,507,227.1,21.9,0.0095,,
2.1655,508,227.4,21.9,0.0090,,
2.1740,509,227.7,21.9,0.0105,,
2.1815,510,227.9,21.9,0.0095,,
2.1900,511,228.1,21.9,0.0095,,
2.1985,512,228.4,21.9,0.0095,,
2.2070,513,228.7,21.9,0.0095,,
2.2155,514,228.9,21.9,0.0095,,
2.2235,515,229.2,21.9,0.0090,,
2.2315,516,229.3,21.9,0.0100,,
2.2400,517,229.6,21.9,0.0095,,
2.2480,518,229.9,21.9,0.0090,,
2.2565,519,230.2,21.9,0.0095,,
2.2650,520,230.3,21.9,0.0095,,
2.2735,521,230.5,21.9,0.0095,,
2.2810,522,230.7,21.9,0.0095,,
2.2895,523,231.0,21.9,0.0095,,
2.2980,524,231.2,21.9,0.0095,,
2.3065,525,231.5,21.9,0.0095,,
2.3150,526,231.8,21.9,0.0095,,
2.3230,527,232.0,21.9,0.0090,,
2.3305,528,232.2,21.9,0.0095,,
2.3390,529,232.3,21.9,0.0105,,
2.3475,530,232.6,21.9,0.0095,,
2.3560,531,232.8,21.9,0.0095,,
2.3645,532,233.0,21.9,0.0095,,
2.3730,533,233.2,21.9,0.0095,,
2.3805,534,233.5,21.9,0.0095,,
2.3890,535,233.6,21.9,0.0095,,
2.3975,536,233.9,21.9,0.0095,,
2.4060,537,234.0,21.9,0.0095,,
2.4140,538,234.3,21.9,0.0090,,
2.4200,539,234.5,21.9,0.0065,,
2.4215,540,234.7,21.9,0.0020,,
2.4215,541,234.7,21.9,0.0000,,
2.4220,542,234.8,21.9,0.0005,,
2.4240,543,234.8,21.9,0.0020,,
2.4265,544,234.8,21.9,0.0030,,
2.4300,545,234.9,21.9,0.0040,,
2.4350,546,234.9,21.9,0.0060,,
2.4440,547,235.0,21.9,0.0080,,
Scope 1/1, Sample 3/7 (P3_N_2023-08-01)
Result,TitrationEP1
V,t,E,T,dV/dt,E acc. stat.,Volume acc. stat.
0.0000,0,-30.0,21.6,NaN,,
0.0005,1,-32.8,21.6,0.0005,,
0.0025,2,-33.5,21.6,0.0020,,
0.0050,3,-34.1,21.6,0.0025,,
0.0090,4,-34.8,21.6,0.0035,,
0.0150,5,-35.5,21.6,0.0055,,
0.0235,6,-36.0,21.6,0.0075,,
0.0310,7,-36.5,21.6,0.0075,,
0.0395,8,-36.9,21.6,0.0085,,
0.0480,9,-37.4,21.6,0.0085,,
0.0565,10,-37.6,21.6,0.0075,,
0.0650,11,-37.9,21.6,0.0075,,
0.0730,12,-38.1,21.6,0.0075,,
0.0815,13,-38.2,21.6,0.0085,,
0.0890,14,-38.2,21.6,0.0075,,
0.0975,15,-38.2,21.6,0.0085,,
0.1060,16,-38.1,21.6,0.0075,,
0.1145,17,-38.0,21.6,0.0075,,
0.1230,18,-37.8,21.6,0.0075,,
0.1315,19,-37.6,21.6,0.0075,,
0.1390,20,-37.3,21.6,0.0075,,
0.1475,21,-36.9,21.6,0.0085,,
0.1560,22,-36.6,21.6,0.0075,,
0.1640,23,-36.2,21.6,0.0075,,
0.1725,24,-35.7,21.6,0.0075,,
0.1810,25,-35.2,21.6,0.0075,,
0.1885,26,-34.7,21.6,0.0075,,
0.1970,27,-34.2,21.6,0.0085,,
0.2055,28,-33.7,21.6,0.0085,,
0.2140,29,-33.2,21.6,0.0075,,
0.2225,30,-32.6,21.6,0.0075,,
0.2305,31,-32.2,21.6,0.0075,,
0.2385,32,-31.7,21.6,0.0080,,
0.2470,33,-31.2,21.6,0.0085,,
0.2550,34,-30.7,21.6,0.0080,,
0.2635,35,-30.3,21.6,0.0075,,
0.2720,36,-29.8,21.6,0.0075,,
0.2805,37,-29.3,21.6,0.0075,,
0.2880,38,-28.9,21.6,0.0075,,
0.2965,39,-28.4,21.6,0.0085,,
0.3050,40,-28.0,21.6,0.0085,,
0.3135,41,-27.5,21.6,0.0075,,
0.3220,42,-27.1,21.6,0.0075,,
0.3300,43,-26.7,21.6,0.0075,,
0.3375,44,-26.2,21.6,0.0075,,
0.3460,45,-25.8,21.6,0.0085,,
0.3545,46,-25.4,21.6,0.0085,,
0.3630,47,-25.0,21.6,0.0075,,
0.3715,48,-24.6,21.6,0.0075,,
0.3800,49,-24.1,21.6,0.0075,,
0.3875,50,-23.7,21.6,0.0075,,
0.3960,51,-23.3,21.6,0.0085,,
0.4045,52,-22.9,21.6,0.0085,,
0.4130,53,-22.5,21.6,0.0075,,
0.4210,54,-22.0,21.6,0.0075,,
0.4295,55,-21.7,21.6,0.0075,,
0.4370,56,-21.3,21.6,0.0075,,
0.4455,57,-20.9,21.6,0.0085,,
0.4540,58,-20.5,21.6,0.0085,,
0.4625,59,-20.1,21.7,0.0075,,
0.4710,60,-19.7,21.7,0.0075,,
0.4795,61,-19.2,21.7,0.0075,,
0.4870,62,-18.9,21.7,0.0075,,
0.4955,63,-18.5,21.7,0.0085,,
0.5040,64,-18.1,21.7,0.0085,,
0.5120,65,-17.7,21.7,0.0075,,
0.5205,66,-17.2,21.7,0.0075,,
0.5290,67,-16.9,21.7,0.0075,,
0.5365,68,-16.5,21.7,0.0075,,
0.5450,69,-16.1,21.7,0.0085,,
0.5535,70,-15.7,21.7,0.0085,,
0.5620,71,-15.3,21.7,0.0075,,
0.5705,72,-14.9,21.7,0.0075,,
0.5790,73,-14.6,21.7,0.0075,,
0.5865,74,-14.2,21.7,0.0075,,
0.5950,75,-13.7,21.7,0.0085,,
0.6035,76,-13.4,21.7,0.0085,,
0.6115,77,-13.0,21.7,0.0075,,
0.6200,78,-12.5,21.7,0.0075,,
0.6285,79,-12.2,21.7,0.0075,,
0.6370,80,-11.8,21.7,0.0085,,
0.6445,81,-11.4,21.7,0.0075,,
0.6530,82,-11.0,21.7,0.0085,,
0.6615,83,-10.6,21.7,0.0075,,
0.6700,84,-10.2,21.7,0.0075,,
0.6780,85,-9.8,21.7,0.0075,,
0.6860,86,-9.5,21.7,0.0080,,
0.6940,87,-9.1,21.7,0.0080,,
0.7025,88,-8.7,21.7,0.0085,,
0.7110,89,-8.3,21.7,0.0075,,
0.7195,90,-7.9,21.7,0.0075,,
0.7280,91,-7.5,21.7,0.0075,,
0.7365,92,-7.2,21.7,0.0085,,
0.7440,93,-6.7,21.7,0.0075,,
0.7525,94,-6.3,21.7,0.0085,,
0.7610,95,-6.0,21.7,0.0075,,
0.7690,96,-5.5,21.7,0.0075,,
0.7775,97,-5.1,21.7,0.0075,,
0.7860,98,-4.6,21.7,0.0085,,
0.7935,99,-4.2,21.7,0.0075,,
0.8020,100,-3.6,21.7,0.0085,,
0.8105,101,-3.2,21.7,0.0075,,
0.8190,102,-2.6,21.7,0.0075,,
0.8275,103,-2.1,21.7,0.0075,,
0.8360,104,-1.7,21.7,0.0085,,
0.8435,105,-1.1,21.7,0.0075,,
0.8520,106,-0.6,21.7,0.0085,,
0.8600,107,-0.1,21.7,0.0075,,
0.8685,108,0.3,21.7,0.0075,,
0.8770,109,0.3,21.7,0.0075,,
0.8855,110,0.4,21.7,0.0085,,
0.8930,111,0.9,21.7,0.0075,,
0.9015,112,1.3,21.7,0.0085,,
0.9100,113,1.9,21.7,0.0075,,
0.9185,114,2.5,21.7,0.0075,,
0.9270,115,3.4,21.7,0.0075,,
0.9350,116,3.7,21.7,0.0075,,
0.9430,117,4.0,21.7,0.0080,,
0.9510,118,4.6,21.7,0.0080,,
0.9595,119,5.0,21.7,0.0075,,
0.9680,120,5.5,21.7,0.0075,,
0.9765,121,5.9,21.7,0.0075,,
0.9850,122,6.3,21.7,0.0085,,
0.9925,123,6.8,21.7,0.0075,,
1.0010,124,7.3,21.7,0.0085,,
1.0095,125,7.8,21.7,0.0075,,
1.0180,126,8.4,21.7,0.0075,,
1.0265,127,9.0,21.7,0.0075,,
1.0345,128,9.7,21.7,0.0080,,
1.0425,129,10.4,21.7,0.0080,,
1.0505,130,11.1,21.7,0.0080,,
1.0590,131,11.9,21.7,0.0075,,
1.0675,132,12.6,21.7,0.0075,,
1.0760,133,13.3,21.7,0.0075,,
1.0845,134,14.1,21.7,0.0075,,
1.0920,135,14.8,21.7,0.0075,,
1.1005,136,15.6,21.7,0.0085,,
1.1090,137,16.4,21.7,0.0075,,
1.1175,138,17.2,21.7,0.0075,,
1.1255,139,18.1,21.7,0.0075,,
1.1340,140,18.9,21.7,0.0085,,
1.1415,141,19.8,21.7,0.0075,,
1.1500,142,20.8,21.7,0.0085,,
1.1585,143,21.9,21.7,0.0075,,
1.1670,144,23.0,21.7,0.0075,,
1.1755,145,24.2,21.7,0.0075,,
1.1840,146,25.4,21.7,0.0075,,
1.1915,147,26.6,21.7,0.0075,,
1.2000,148,28.0,21.7,0.0085,,
1.2080,149,29.6,21.7,0.0080,,
1.2165,150,31.3,21.7,0.0075,,
1.2250,151,33.1,21.7,0.0075,,
1.2335,152,35.0,21.7,0.0075,,
1.2410,153,37.1,21.7,0.0075,,
1.2495,154,39.8,21.7,0.0085,,
1.2580,155,42.7,21.7,0.0085,,
1.2665,156,45.8,21.7,0.0075,,
1.2750,157,49.5,21.7,0.0075,,
1.2830,158,53.4,21.7,0.0075,,
1.2910,159,57.2,21.7,0.0080,,
1.2990,160,61.9,21.7,0.0080,,
1.3075,161,67.2,21.7,0.0085,,
1.3160,162,73.1,21.7,0.0075,,
1.3245,163,79.1,21.7,0.0075,,
1.3330,164,85.1,21.7,0.0075,,
1.3405,165,91.2,21.7,0.0075,,
1.3490,166,98.4,21.7,0.0085,,
1.3575,167,105.6,21.7,0.0085,,
1.3660,168,113.2,21.7,0.0075,,
1.3740,169,120.7,21.7,0.0075,,
1.3825,170,128.0,21.7,0.0075,,
1.3900,171,135.1,21.7,0.0075,,
1.3985,172,142.9,21.7,0.0085,,
1.4070,173,150.1,21.7,0.0085,,
1.4155,174,157.1,21.7,0.0075,,
1.4240,175,163.6,21.7,0.0075,,
1.4325,176,169.4,21.7,0.0075,,
1.4400,177,174.3,21.7,0.0075,,
1.4485,178,179.2,21.7,0.0085,,
1.4570,179,183.4,21.7,0.0085,,
1.4630,180,185.2,21.7,0.0075,,
1.4630,420,196.0,21.8,0.0000,,
1.4635,421,196.0,21.8,0.0005,,
1.4650,422,196.0,21.8,0.0020,,
1.4675,423,196.0,21.8,0.0030,,
1.4715,424,196.0,21.8,0.0045,,
1.4775,425,196.1,21.8,0.0065,,
1.4860,426,196.4,21.8,0.0105,,
1.4935,427,196.9,21.8,0.0095,,
1.5020,428,197.6,21.8,0.0105,,
1.5105,429,198.4,21.8,0.0095,,
1.5185,430,199.0,21.8,0.0090,,
1.5270,431,199.8,21.8,0.0095,,
1.5355,432,200.6,21.8,0.0095,,
1.5430,433,201.2,21.8,0.0085,,
1.5515,434,202.0,21.8,0.0105,,
1.5600,435,202.8,21.8,0.0105,,
1.5685,436,203.4,21.8,0.0095,,
1.5770,437,204.1,21.8,0.0095,,
1.5855,438,204.8,21.8,0.0095,,
1.5930,439,205.3,21.8,0.0095,,
1.6015,440,205.9,21.8,0.0105,,
1.6095,441,206.5,21.8,0.0100,,
1.6180,442,207.2,21.8,0.0095,,
1.6265,443,207.8,21.8,0.0095,,
1.6350,444,208.4,21.8,0.0095,,
1.6425,445,208.9,21.8,0.0095,,
1.6510,446,209.4,21.8,0.0105,,
1.6595,447,210.0,21.8,0.0105,,
1.6680,448,210.5,21.8,0.0095,,
1.6765,449,211.0,21.8,0.0095,,
1.6845,450,211.5,21.8,0.0090,,
1.6925,451,212.0,21.8,0.0100,,
1.7005,452,212.5,21.8,0.0100,,
1.7090,453,212.9,21.8,0.0105,,
1.7175,454,213.4,21.8,0.0095,,
1.7260,455,213.8,21.8,0.0095,,
1.7345,456,214.3,21.8,0.0095,,
1.7430,457,214.7,21.8,0.0105,,
1.7505,458,215.1,21.8,0.0095,,
1.7590,459,215.7,21.8,0.0105,,
1.7675,460,216.1,21.8,0.0095,,
1.7755,461,216.4,21.8,0.0090,,
1.7840,462,216.8,21.8,0.0095,,
1.7925,463,217.2,21.8,0.0105,,
1.8000,464,217.6,21.8,0.0095,,
1.8085,465,218.0,21.8,0.0105,,
1.8170,466,218.4,21.8,0.0095,,
1.8255,467,218.8,21.8,0.0095,,
1.8340,468,219.1,21.8,0.0095,,
1.8425,469,219.5,21.8,0.0105,,
1.8500,470,219.9,21.8,0.0095,,
1.8585,471,220.2,21.8,0.0105,,
1.8665,472,220.5,21.8,0.0090,,
1.8750,473,220.9,21.8,0.0095,,
1.8835,474,221.3,21.8,0.0095,,
1.8920,475,221.6,21.8,0.0105,,
1.8995,476,221.9,21.8,0.0095,,
1.9080,477,222.2,21.8,0.0105,,
1.9165,478,222.5,21.8,0.0095,,
1.9250,479,222.9,21.8,0.0095,,
1.9335,480,223.2,21.8,0.0095,,
1.9415,481,223.4,21.8,0.0100,,
1.9495,482,223.8,21.8,0.0100,,
1.9575,483,224.1,21.8,0.0100,,
1.9660,484,224.3,21.8,0.0095,,
1.9745,485,224.6,21.8,0.0095,,
1.9830,486,224.9,21.8,0.0095,,
1.9915,487,225.3,21.8,0.0095,,
1.9990,488,225.6,21.8,0.0095,,
2.0075,489,225.9,21.8,0.0105,,
2.0160,490,226.1,21.8,0.0095,,
2.0245,491,226.3,21.8,0.0095,,
2.0325,492,226.6,21.8,0.0090,,
2.0410,493,226.9,21.8,0.0095,,
2.0485,494,227.2,21.8,0.0095,,
2.0570,495,227.5,21.8,0.0105,,
2.0655,496,227.7,21.8,0.0095,,
2.0740,497,228.0,21.8,0.0095,,
2.0825,498,228.3,21.8,0.0095,,
2.0910,499,228.5,21.8,0.0095,,
2.0985,500,228.7,21.8,0.0095,,
2.1070,501,228.9,21.8,0.0105,,
2.1155,502,229.2,21.8,0.0105,,
2.1235,503,229.5,21.8,0.0090,,
2.1320,504,229.7,21.8,0.0095,,
2.1405,505,230.0,21.8,0.0095,,
2.1480,506,230.2,21.8,0.0095,,
2.1565,507,230.4,21.8,0.0105,,
2.1650,508,230.6,21.8,0.0105,,
2.1735,509,230.9,21.8,0.0095,,
2.1820,510,231.1,21.8,0.0095,,
2.1900,511,231.4,21.8,0.0090,,
2.1980,512,231.5,21.8,0.0100,,
2.2060,513,231.8,21.8,0.0100,,
2.2145,514,232.0,21.8,0.0105,,
2.2230,515,232.2,21.8,0.0095,,
2.2315,516,232.4,21.8,0.0095,,
2.2400,517,232.7,21.8,0.0095,,
2.2475,518,232.9,21.8,0.0095,,
2.2560,519,233.1,21.8,0.0105,,
2.2645,520,233.3,21.8,0.0105,,
2.2730,521,233.5,21.8,0.0095,,
2.2810,522,233.6,21.8,0.0090,,
2.2895,523,233.9,21.8,0.0095,,
2.2980,524,234.1,21.8,0.0105,,
2.3055,525,234.3,21.8,0.0095,,
2.3095,526,234.5,21.8,0.0050,,
2.3105,527,234.7,21.8,0.0010,,
2.3110,528,234.8,21.8,0.0005,,
2.3120,529,234.8,21.8,0.0010,,
2.3135,530,234.8,21.8,0.0020,,
2.3155,531,234.8,21.8,0.0025,,
2.3195,532,234.8,21.8,0.0050,,
2.3245,533,234.9,21.8,0.0055,,
2.3315,534,235.0,21.8,0.0070,,
Scope 1/1, Sample 4/7 (OO_N_2023-08-01)
Result,TitrationEP1
V,t,E,T,dV/dt,E acc. stat.,Volume acc. stat.
0.0000,0,-41.7,21.6,NaN,,
0.0005,1,-44.2,21.7,0.0005,,
0.0025,2,-44.8,21.6,0.0020,,
0.0050,3,-45.4,21.6,0.0025,,
0.0090,4,-46.0,21.6,0.0035,,
0.0150,5,-46.5,21.6,0.0055,,
0.0235,6,-47.0,21.6,0.0075,,
0.0320,7,-47.5,21.7,0.0085,,
0.0395,8,-47.9,21.7,0.0075,,
0.0480,9,-48.2,21.6,0.0085,,
0.0565,10,-48.4,21.7,0.0075,,
0.0650,11,-48.7,21.7,0.0075,,
0.0730,12,-48.8,21.7,0.0075,,
0.0815,13,-48.9,21.7,0.0075,,
0.0890,14,-48.9,21.7,0.0075,,
0.0975,15,-48.9,21.7,0.0085,,
0.1060,16,-48.7,21.7,0.0075,,
0.1145,17,-48.5,21.7,0.0075,,
0.1230,18,-48.3,21.7,0.0075,,
0.1315,19,-48.0,21.7,0.0075,,
0.1390,20,-47.7,21.7,0.0075,,
0.1475,21,-47.3,21.7,0.0085,,
0.1560,22,-46.9,21.7,0.0085,,
0.1640,23,-46.5,21.7,0.0075,,
0.1725,24,-46.0,21.7,0.0075,,
0.1810,25,-45.5,21.7,0.0075,,
0.1885,26,-45.0,21.7,0.0075,,
0.1970,27,-44.3,21.7,0.0085,,
0.2055,28,-43.7,21.7,0.0075,,
0.2140,29,-43.1,21.7,0.0075,,
0.2225,30,-42.4,21.7,0.0075,,
0.2310,31,-41.8,21.7,0.0075,,
0.2385,32,-41.2,21.7,0.0075,,
0.2470,33,-40.6,21.7,0.0075,,
0.2550,34,-39.9,21.7,0.0080,,
0.2635,35,-39.3,21.7,0.0075,,
0.2720,36,-38.7,21.7,0.0075,,
0.2805,37,-38.1,21.7,0.0075,,
0.2880,38,-37.6,21.7,0.0075,,
0.2965,39,-37.1,21.7,0.0085,,
0.3050,40,-36.5,21.7,0.0085,,
0.3135,41,-35.9,21.7,0.0075,,
0.3220,42,-35.4,21.7,0.0075,,
0.3300,43,-34.8,21.7,0.0075,,
0.3380,44,-34.4,21.7,0.0080,,
0.3460,45,-33.8,21.7,0.0080,,
0.3545,46,-33.3,21.7,0.0085,,
0.3630,47,-32.8,21.7,0.0075,,
0.3715,48,-32.3,21.7,0.0075,,
0.3800,49,-31.8,21.7,0.0075,,
0.3875,50,-31.4,21.7,0.0075,,
0.3960,51,-30.9,21.7,0.0085,,
0.4045,52,-30.4,21.7,0.0085,,
0.4130,53,-30.0,21.7,0.0075,,
0.4210,54,-29.4,21.7,0.0075,,
0.4295,55,-29.0,21.7,0.0075,,
0.4375,56,-28.6,21.7,0.0080,,
0.4455,57,-28.1,21.7,0.0080,,
0.4540,58,-27.7,21.7,0.0085,,
0.4625,59,-27.2,21.7,0.0075,,
0.4710,60,-26.8,21.7,0.0075,,
0.4795,61,-26.3,21.7,0.0075,,
0.4870,62,-25.9,21.7,0.0075,,
0.4955,63,-25.5,21.7,0.0085,,
0.5040,64,-25.0,21.7,0.0085,,
0.5125,65,-24.5,21.7,0.0075,,
0.5205,66,-24.1,21.7,0.0075,,
0.5290,67,-23.7,21.7,0.0075,,
0.5365,68,-23.3,21.7,0.0075,,
0.5450,69,-22.8,21.7,0.0085,,
0.5535,70,-22.4,21.7,0.0075,,
0.5620,71,-21.9,21.7,0.0075,,
0.5705,72,-21.5,21.7,0.0075,,
0.5790,73,-21.1,21.7,0.0075,,
0.5865,74,-20.7,21.7,0.0075,,
0.5950,75,-20.3,21.7,0.0085,,
0.6035,76,-19.9,21.7,0.0085,,
0.6115,77,-19.4,21.7,0.0075,,
0.6200,78,-19.0,21.7,0.0075,,
0.6285,79,-18.6,21.7,0.0075,,
0.6360,80,-18.2,21.7,0.0075,,
0.6445,81,-17.7,21.7,0.0085,,
0.6530,82,-17.3,21.7,0.0075,,
0.6615,83,-16.9,21.7,0.0075,,
0.6700,84,-16.5,21.7,0.0075,,
0.6785,85,-16.1,21.7,0.0075,,
0.6860,86,-15.7,21.7,0.0075,,
0.6945,87,-15.2,21.7,0.0085,,
0.7030,88,-14.8,21.7,0.0075,,
0.7110,89,-14.3,21.7,0.0075,,
0.7195,90,-13.9,21.7,0.0075,,
0.7280,91,-13.5,21.7,0.0075,,
0.7355,92,-13.1,21.7,0.0075,,
0.7440,93,-12.7,21.7,0.0085,,
0.7525,94,-12.2,21.7,0.0085,,
0.7610,95,-11.8,21.7,0.0075,,
0.7695,96,-11.4,21.7,0.0075,,
0.7775,97,-11.0,21.7,0.0075,,
0.7855,98,-10.6,21.7,0.0080,,
0.7935,99,-10.1,21.7,0.0080,,
0.8020,100,-9.7,21.7,0.0085,,
0.8105,101,-9.3,21.7,0.0075,,
0.8190,102,-8.8,21.7,0.0075,,
0.8275,103,-8.4,21.7,0.0075,,
0.8350,104,-8.0,21.7,0.0075,,
0.8435,105,-7.6,21.7,0.0085,,
0.8520,106,-7.1,21.7,0.0085,,
0.8605,107,-6.7,21.7,0.0075,,
0.8685,108,-6.3,21.7,0.0075,,
0.8770,109,-5.8,21.7,0.0075,,
0.8855,110,-5.4,21.7,0.0085,,
0.8930,111,-4.9,21.7,0.0075,,
0.9015,112,-4.4,21.7,0.0085,,
0.9100,113,-3.8,21.7,0.0075,,
0.9185,114,-3.2,21.7,0.0075,,
0.9270,115,-2.7,21.7,0.0075,,
0.9355,116,-2.2,21.7,0.0085,,
0.9430,117,-1.6,21.7,0.0075,,
0.9515,118,-1.0,21.7,0.0085,,
0.9595,119,-0.5,21.7,0.0075,,
0.9680,120,0.1,21.7,0.0075,,
0.9765,121,0.4,21.7,0.0075,,
0.9840,122,0.3,21.7,0.0075,,
0.9925,123,0.7,21.7,0.0085,,
1.0010,124,1.2,21.7,0.0085,,
1.0095,125,1.8,21.7,0.0075,,
1.0180,126,2.6,21.7,0.0075,,
1.0265,127,3.6,21.7,0.0075,,
1.0345,128,3.6,21.7,0.0080,,
1.0425,129,4.2,21.7,0.0080,,
1.0510,130,4.8,21.7,0.0085,,
1.0590,131,5.3,21.7,0.0075,,
1.0675,132,5.8,21.7,0.0075,,
1.0760,133,6.4,21.7,0.0075,,
1.0845,134,6.8,21.7,0.0085,,
1.0920,135,7.3,21.7,0.0075,,
1.1005,136,7.9,21.7,0.0085,,
1.1090,137,8.7,21.7,0.0075,,
1.1175,138,9.5,21.7,0.0075,,
1.1255,139,10.3,21.7,0.0075,,
1.1340,140,11.0,21.7,0.0085,,
1.1420,141,11.8,21.7,0.0080,,
1.1500,142,12.7,21.7,0.0080,,
1.1585,143,13.5,21.7,0.0085,,
1.1670,144,14.3,21.7,0.0075,,
1.1755,145,15.2,21.7,0.0075,,
1.1840,146,16.1,21.7,0.0075,,
1.1915,147,17.1,21.7,0.0075,,
1.2000,148,18.0,21.7,0.0085,,
1.2085,149,19.1,21.7,0.0085,,
1.2165,150,20.2,21.7,0.0075,,
1.2250,151,21.4,21.7,0.0075,,
1.2335,152,22.6,21.7,0.0075,,
1.2410,153,23.8,21.7,0.0075,,
1.2495,154,25.2,21.7,0.0085,,
1.2580,155,26.8,21.7,0.0085,,
1.2665,156,28.6,21.7,0.0075,,
1.2750,157,30.6,21.7,0.0075,,
1.2835,158,32.8,21.7,0.0075,,
1.2910,159,34.9,21.7,0.0075,,
1.2990,160,37.6,21.7,0.0080,,
1.3075,161,40.5,21.7,0.0085,,
1.3160,162,43.7,21.7,0.0075,,
1.3245,163,47.5,21.7,0.0075,,
1.3330,164,51.7,21.7,0.0075,,
1.3415,165,56.1,21.7,0.0075,,
1.3490,166,60.5,21.7,0.0075,,
1.3575,167,66.1,21.7,0.0085,,
1.3660,168,71.7,21.7,0.0075,,
1.3740,169,77.4,21.7,0.0075,,
1.3825,170,83.8,21.7,0.0075,,
1.3910,171,90.7,21.7,0.0075,,
1.3985,172,96.8,21.7,0.0075,,
1.4070,173,103.9,21.7,0.0085,,
1.4155,174,111.3,21.7,0.0075,,
1.4240,175,119.1,21.7,0.0075,,
1.4325,176,126.6,21.7,0.0075,,
1.4410,177,133.3,21.7,0.0085,,
1.4485,178,141.2,21.7,0.0075,,
1.4570,179,148.4,21.7,0.0085,,
1.4650,180,155.3,21.7,0.0075,,
1.4735,181,161.9,21.7,0.0075,,
1.4820,182,168.0,21.7,0.0075,,
1.4905,183,173.2,21.7,0.0085,,
1.4980,184,178.0,21.7,0.0075,,
1.5065,185,182.2,21.7,0.0085,,
1.5160,186,185.1,21.7,0.0080,,
1.5160,426,197.0,21.8,0.0000,,
1.5165,427,197.0,21.8,0.0005,,
1.5180,428,197.0,21.8,0.0010,,
1.5205,429,197.0,21.8,0.0020,,
1.5245,430,197.0,21.8,0.0030,,
1.5310,431,197.2,21.8,0.0045,,
1.5395,432,197.4,21.8,0.0060,,
1.5470,433,197.8,21.8,0.0060,,
1.5555,434,198.4,21.8,0.0065,,
1.5640,435,199.2,21.8,0.0065,,
1.5720,436,199.9,21.8,0.0055,,
1.5805,437,200.6,21.8,0.0060,,
1.5890,438,201.4,21.8,0.0060,,
1.5965,439,202.1,21.8,0.0060,,
1.6050,440,202.7,21.8,0.0065,,
1.6135,441,203.5,21.8,0.0060,,
1.6220,442,204.1,21.8,0.0060,,
1.6305,443,204.8,21.8,0.0060,,
1.6390,444,205.5,21.8,0.0060,,
1.6465,445,206.1,21.8,0.0060,,
1.6550,446,206.7,21.8,0.0065,,
1.6635,447,207.4,21.8,0.0060,,
1.6720,448,207.9,21.8,0.0060,,
1.6800,449,208.5,21.8,0.0055,,
1.6885,450,209.0,21.8,0.0065,,
1.6960,451,209.5,21.8,0.0060,,
1.7045,452,210.1,21.8,0.0065,,
1.7130,453,210.6,21.8,0.0060,,
1.7215,454,211.1,21.8,0.0060,,
1.7300,455,211.7,21.8,0.0060,,
1.7385,456,212.0,21.8,0.0065,,
1.7460,457,212.5,21.8,0.0060,,
1.7545,458,212.9,21.8,0.0065,,
1.7630,459,213.5,21.8,0.0060,,
1.7710,460,213.9,21.8,0.0055,,
1.7795,461,214.4,21.8,0.0060,,
1.7880,462,214.8,21.8,0.0060,,
1.7955,463,215.1,21.8,0.0060,,
1.8040,464,215.6,21.8,0.0065,,
1.8125,465,216.1,21.8,0.0060,,
1.8210,466,216.4,21.8,0.0060,,
1.8295,467,216.8,21.8,0.0060,,
1.8380,468,217.2,21.8,0.0060,,
1.8455,469,217.5,21.8,0.0060,,
1.8540,470,218.0,21.8,0.0065,,
1.8620,471,218.4,21.8,0.0060,,
1.8705,472,218.8,21.8,0.0060,,
1.8790,473,219.1,21.8,0.0060,,
1.8875,474,219.5,21.8,0.0060,,
1.8950,475,219.9,21.8,0.0060,,
1.9035,476,220.2,21.8,0.0065,,
1.9120,477,220.5,21.8,0.0065,,
1.9205,478,220.8,21.8,0.0060,,
1.9290,479,221.3,21.8,0.0060,,
1.9370,480,221.6,21.8,0.0055,,
1.9450,481,221.8,21.8,0.0060,,
1.9530,482,222.2,21.8,0.0060,,
1.9615,483,222.5,21.8,0.0065,,
1.9700,484,222.9,21.8,0.0060,,
1.9785,485,223.2,21.8,0.0060,,
1.9870,486,223.5,21.8,0.0060,,
1.9945,487,223.8,21.8,0.0060,,
2.0030,488,224.1,21.8,0.0065,,
2.0115,489,224.4,21.8,0.0065,,
2.0200,490,224.6,21.8,0.0060,,
2.0280,491,224.9,21.8,0.0055,,
2.0365,492,225.2,21.8,0.0060,,
2.0440,493,225.5,21.8,0.0060,,
2.0525,494,225.8,21.8,0.0065,,
2.0610,495,226.1,21.8,0.0065,,
2.0695,496,226.3,21.8,0.0060,,
2.0780,497,226.6,21.8,0.0060,,
2.0865,498,226.9,21.8,0.0060,,
2.0940,499,227.1,21.8,0.0060,,
2.1025,500,227.4,21.8,0.0065,,
2.1110,501,227.7,21.8,0.0065,,
2.1190,502,228.0,21.8,0.0055,,
2.1275,503,228.2,21.8,0.0060,,
2.1360,504,228.5,21.8,0.0060,,
2.1435,505,228.7,21.8,0.0060,,
2.1520,506,229.0,21.8,0.0065,,
2.1605,507,229.1,21.8,0.0065,,
2.1690,508,229.4,21.8,0.0060,,
2.1775,509,229.6,21.8,0.0060,,
2.1860,510,229.9,21.8,0.0060,,
2.1935,511,230.1,21.8,0.0060,,
2.2020,512,230.4,21.8,0.0065,,
2.2100,513,230.6,21.8,0.0060,,
2.2185,514,230.8,21.8,0.0060,,
2.2270,515,231.0,21.8,0.0060,,
2.2355,516,231.3,21.8,0.0060,,
2.2430,517,231.5,21.8,0.0060,,
2.2515,518,231.8,21.8,0.0065,,
2.2600,519,232.0,21.8,0.0065,,
2.2685,520,232.1,21.8,0.0060,,
2.2770,521,232.4,21.8,0.0060,,
2.2850,522,232.6,21.8,0.0055,,
2.2930,523,232.8,21.8,0.0060,,
2.3010,524,233.0,21.8,0.0060,,
2.3095,525,233.3,21.8,0.0065,,
2.3180,526,233.4,21.8,0.0060,,
2.3265,527,233.7,21.8,0.0060,,
2.3350,528,233.9,21.8,0.0060,,
2.3425,529,234.1,21.8,0.0060,,
2.3510,530,234.3,21.8,0.0065,,
2.3585,531,234.4,21.8,0.0060,,
2.3635,532,234.6,21.8,0.0035,,
2.3645,533,234.7,21.8,0.0005,,
2.3645,534,234.8,21.8,0.0000,,
2.3655,535,234.9,21.8,0.0010,,
2.3665,536,234.9,21.8,0.0010,,
2.3685,537,234.9,21.8,0.0015,,
2.3720,538,234.9,21.8,0.0025,,
2.3745,539,235.0,21.8,0.0025,,
Scope 1/1, Sample 5/7 (M2-D_2023-08-02)
Result,TitrationEP1
V,t,E,T,dV/dt,E acc. stat.,Volume acc. stat.
0.0000,0,-31.3,21.6,NaN,,
0.0010,1,-34.1,21.6,0.0010,,
0.0025,2,-34.8,21.6,0.0015,,
0.0050,3,-35.4,21.6,0.0025,,
0.0090,4,-36.1,21.6,0.0035,,
0.0150,5,-36.7,21.6,0.0055,,
0.0235,6,-37.2,21.6,0.0075,,
0.0320,7,-37.8,21.6,0.0075,,
0.0405,8,-38.2,21.6,0.0075,,
0.0480,9,-38.6,21.6,0.0075,,
0.0565,10,-38.8,21.6,0.0075,,
0.0650,11,-39.1,21.6,0.0075,,
0.0735,12,-39.3,21.6,0.0075,,
0.0815,13,-39.5,21.6,0.0075,,
0.0900,14,-39.5,21.6,0.0085,,
0.0980,15,-39.5,21.7,0.0075,,
0.1060,16,-39.5,21.6,0.0075,,
0.1145,17,-39.4,21.7,0.0075,,
0.1230,18,-39.2,21.7,0.0075,,
0.1315,19,-39.0,21.6,0.0075,,
0.1390,20,-38.8,21.6,0.0075,,
0.1475,21,-38.5,21.7,0.0075,,
0.1560,22,-38.2,21.7,0.0075,,
0.1645,23,-37.8,21.7,0.0075,,
0.1730,24,-37.3,21.7,0.0075,,
0.1810,25,-36.9,21.7,0.0075,,
0.1895,26,-36.5,21.7,0.0085,,
0.1970,27,-36.0,21.7,0.0070,,
0.2055,28,-35.5,21.7,0.0075,,
0.2140,29,-35.0,21.7,0.0075,,
0.2225,30,-34.4,21.7,0.0075,,
0.2310,31,-33.9,21.7,0.0075,,
0.2385,32,-33.5,21.7,0.0075,,
0.2470,33,-33.0,21.7,0.0075,,
0.2555,34,-32.5,21.7,0.0075,,
0.2640,35,-32.0,21.7,0.0075,,
0.2720,36,-31.5,21.7,0.0075,,
0.2805,37,-31.1,21.7,0.0075,,
0.2890,38,-30.7,21.7,0.0085,,
0.2965,39,-30.2,21.7,0.0070,,
0.3050,40,-29.7,21.7,0.0075,,
0.3135,41,-29.3,21.7,0.0075,,
0.3220,42,-28.9,21.7,0.0075,,
0.3305,43,-28.4,21.7,0.0075,,
0.3390,44,-28.0,21.7,0.0075,,
0.3465,45,-27.6,21.7,0.0075,,
0.3550,46,-27.2,21.7,0.0075,,
0.3630,47,-26.7,21.7,0.0075,,
0.3715,48,-26.4,21.7,0.0075,,
0.3800,49,-26.0,21.7,0.0075,,
0.3885,50,-25.5,21.7,0.0085,,
0.3960,51,-25.2,21.7,0.0070,,
0.4045,52,-24.8,21.7,0.0075,,
0.4130,53,-24.3,21.7,0.0075,,
0.4215,54,-23.9,21.7,0.0075,,
0.4300,55,-23.5,21.7,0.0075,,
0.4380,56,-23.1,21.7,0.0075,,
0.4460,57,-22.8,21.7,0.0080,,
0.4540,58,-22.3,21.7,0.0075,,
0.4625,59,-21.9,21.7,0.0075,,
0.4710,60,-21.5,21.7,0.0075,,
0.4795,61,-21.1,21.7,0.0075,,
0.4880,62,-20.7,21.7,0.0075,,
0.4955,63,-20.3,21.7,0.0075,,
0.5040,64,-20.0,21.7,0.0075,,
0.5125,65,-19.5,21.7,0.0075,,
0.5210,66,-19.1,21.7,0.0075,,
0.5295,67,-18.7,21.7,0.0075,,
0.5375,68,-18.4,21.7,0.0080,,
0.5455,69,-18.0,21.7,0.0075,,
0.5535,70,-17.6,21.7,0.0075,,
0.5620,71,-17.2,21.7,0.0075,,
0.5705,72,-16.8,21.7,0.0075,,
0.5790,73,-16.4,21.7,0.0075,,
0.5865,74,-16.0,21.7,0.0075,,
0.5950,75,-15.7,21.7,0.0075,,
0.6035,76,-15.2,21.7,0.0075,,
0.6120,77,-14.8,21.7,0.0075,,
0.6205,78,-14.4,21.7,0.0075,,
0.6290,79,-14.0,21.7,0.0075,,
0.6365,80,-13.7,21.7,0.0075,,
0.6450,81,-13.3,21.7,0.0075,,
0.6530,82,-12.9,21.7,0.0075,,
0.6615,83,-12.4,21.7,0.0075,,
0.6700,84,-12.0,21.7,0.0075,,
0.6785,85,-11.6,21.7,0.0075,,
0.6860,86,-11.3,21.7,0.0075,,
0.6945,87,-10.9,21.7,0.0075,,
0.7030,88,-10.5,21.7,0.0075,,
0.7115,89,-10.1,21.7,0.0075,,
0.7200,90,-9.7,21.7,0.0075,,
0.7280,91,-9.3,21.7,0.0075,,
0.7360,92,-9.0,21.7,0.0080,,
0.7440,93,-8.6,21.7,0.0075,,
0.7525,94,-8.2,21.7,0.0075,,
0.7610,95,-7.8,21.7,0.0075,,
0.7695,96,-7.4,21.7,0.0075,,
0.7780,97,-7.0,21.7,0.0070,,
0.7865,98,-6.7,21.7,0.0085,,
0.7940,99,-6.3,21.7,0.0070,,
0.8025,100,-5.9,21.7,0.0075,,
0.8110,101,-5.5,21.7,0.0075,,
0.8190,102,-5.0,21.7,0.0075,,
0.8275,103,-4.6,21.7,0.0075,,
0.8360,104,-4.0,21.7,0.0085,,
0.8435,105,-3.5,21.7,0.0070,,
0.8520,106,-3.1,21.7,0.0075,,
0.8605,107,-2.5,21.7,0.0075,,
0.8690,108,-2.1,21.7,0.0075,,
0.8775,109,-1.6,21.7,0.0075,,
0.8855,110,-1.0,21.7,0.0075,,
0.8935,111,-0.6,21.7,0.0080,,
0.9015,112,-0.1,21.7,0.0075,,
0.9100,113,0.3,21.7,0.0075,,
0.9185,114,0.3,21.7,0.0075,,
0.9270,115,0.5,21.7,0.0075,,
0.9355,116,0.9,21.7,0.0075,,
0.9430,117,1.4,21.7,0.0075,,
0.9515,118,1.9,21.7,0.0075,,
0.9600,119,2.5,21.7,0.0075,,
0.9685,120,3.4,21.7,0.0075,,
0.9770,121,3.5,21.7,0.0075,,
0.9850,122,4.0,21.7,0.0075,,
0.9930,123,4.5,21.7,0.0075,,
1.0010,124,5.0,21.7,0.0075,,
1.0095,125,5.4,21.7,0.0075,,
1.0180,126,5.9,21.7,0.0075,,
1.0265,127,6.3,21.7,0.0075,,
1.0350,128,6.7,21.7,0.0085,,
1.0425,129,7.2,21.7,0.0070,,
1.0510,130,7.7,21.7,0.0075,,
1.0595,131,8.3,21.7,0.0075,,
1.0680,132,9.0,21.7,0.0075,,
1.0760,133,9.7,21.7,0.0075,,
1.0845,134,10.3,21.7,0.0085,,
1.0925,135,11.1,21.7,0.0075,,
1.1005,136,11.7,21.7,0.0075,,
1.1090,137,12.4,21.7,0.0075,,
1.1175,138,13.1,21.7,0.0075,,
1.1260,139,13.8,21.7,0.0075,,
1.1345,140,14.6,21.7,0.0070,,
1.1420,141,15.3,21.7,0.0075,,
1.1505,142,16.0,21.7,0.0075,,
1.1590,143,16.8,21.7,0.0075,,
1.1670,144,17.6,21.7,0.0075,,
1.1755,145,18.5,21.7,0.0075,,
1.1840,146,19.4,21.7,0.0075,,
1.1915,147,20.3,21.7,0.0075,,
1.2000,148,21.1,21.7,0.0075,,
1.2085,149,22.2,21.7,0.0075,,
1.2170,150,23.3,21.7,0.0075,,
1.2255,151,24.4,21.7,0.0075,,
1.2340,152,25.7,21.7,0.0075,,
1.2415,153,26.8,21.7,0.0075,,
1.2500,154,28.3,21.7,0.0075,,
1.2580,155,29.8,21.7,0.0075,,
1.2665,156,31.4,21.7,0.0075,,
1.2750,157,33.3,21.7,0.0075,,
1.2835,158,35.2,21.7,0.0075,,
1.2910,159,37.1,21.7,0.0075,,
1.2995,160,39.4,21.7,0.0075,,
1.3080,161,42.0,21.7,0.0075,,
1.3165,162,45.2,21.7,0.0075,,
1.3250,163,48.6,21.7,0.0075,,
1.3330,164,52.4,21.7,0.0075,,
1.3410,165,56.2,21.7,0.0080,,
1.3490,166,60.5,21.7,0.0075,,
1.3575,167,65.1,21.7,0.0075,,
1.3660,168,70.5,21.7,0.0075,,
1.3745,169,76.3,21.7,0.0075,,
1.3830,170,82.1,21.7,0.0075,,
1.3905,171,87.9,21.7,0.0075,,
1.3990,172,94.6,21.7,0.0075,,
1.4075,173,102.1,21.7,0.0075,,
1.4160,174,109.5,21.7,0.0075,,
1.4240,175,117.2,21.7,0.0075,,
1.4325,176,124.8,21.7,0.0075,,
1.4400,177,131.6,21.7,0.0075,,
1.4485,178,139.0,21.7,0.0075,,
1.4570,179,146.1,21.7,0.0075,,
1.4655,180,153.1,21.7,0.0075,,
1.4740,181,160.2,21.7,0.0075,,
1.4825,182,166.3,21.7,0.0075,,
1.4910,183,171.5,21.7,0.0085,,
1.4985,184,176.4,21.7,0.0070,,
1.5070,185,181.0,21.7,0.0075,,
1.5150,186,184.8,21.7,0.0075,,
1.5180,186,185.1,21.7,0.0075,,
1.5180,426,196.5,21.8,0.0000,,
1.5185,427,196.6,21.8,0.0005,,
1.5200,428,196.5,21.8,0.0010,,
1.5225,429,196.6,21.8,0.0020,,
1.5265,430,196.6,21.8,0.0025,,
1.5325,432,196.7,21.8,0.0040,,
1.5410,432,196.9,21.8,0.0170,,
1.5485,433,197.4,21.8,0.0055,,
1.5570,434,198.0,21.8,0.0060,,
1.5655,435,198.7,21.8,0.0060,,
1.5740,436,199.4,21.8,0.0055,,
1.5820,438,200.1,21.8,0.0055,,
1.5905,438,200.8,21.8,0.0170,,
1.5980,439,201.5,21.8,0.0055,,
1.6065,440,202.3,21.8,0.0060,,
1.6150,441,203.0,21.8,0.0060,,
1.6235,442,203.7,21.8,0.0055,,
1.6320,444,204.3,21.8,0.0055,,
1.6405,444,205.0,21.8,0.0170,,
1.6480,445,205.6,21.8,0.0055,,
1.6565,446,206.3,21.8,0.0060,,
1.6650,447,206.9,21.8,0.0060,,
1.6730,448,207.5,21.8,0.0055,,
1.6815,450,208.0,21.8,0.0055,,
1.6900,450,208.6,21.8,0.0170,,
1.6975,451,209.1,21.8,0.0055,,
1.7060,452,209.7,21.8,0.0060,,
1.7145,453,210.2,21.8,0.0060,,
1.7230,454,210.7,21.8,0.0055,,
1.7315,456,211.1,21.8,0.0055,,
1.7400,456,211.7,21.8,0.0170,,
1.7475,457,212.1,21.8,0.0055,,
1.7560,458,212.6,21.8,0.0060,,
1.7645,459,213.2,21.8,0.0060,,
1.7725,460,213.6,21.8,0.0055,,
1.7810,462,214.0,21.8,0.0055,,
1.7895,462,214.5,21.8,0.0170,,
1.7970,463,214.9,21.8,0.0055,,
1.8055,464,215.3,21.8,0.0055,,
1.8140,465,215.8,21.8,0.0060,,
1.8225,466,216.2,21.8,0.0055,,
1.8310,468,216.6,21.8,0.0055,,
1.8395,468,217.1,21.8,0.0170,,
1.8470,469,217.4,21.8,0.0055,,
1.8555,470,217.8,21.8,0.0060,,
1.8635,471,218.1,21.8,0.0055,,
1.8720,472,218.5,21.8,0.0055,,
1.8805,474,218.8,21.8,0.0055,,
1.8890,474,219.2,21.8,0.0170,,
1.8975,475,219.5,21.8,0.0060,,
1.9050,476,219.9,21.8,0.0055,,
1.9135,477,220.3,21.8,0.0060,,
1.9220,478,220.7,21.8,0.0055,,
1.9305,480,221.0,21.8,0.0055,,
1.9385,480,221.2,21.8,0.0160,,
1.9470,481,221.6,21.8,0.0060,,
1.9545,482,221.9,21.8,0.0055,,
1.9630,483,222.2,21.8,0.0060,,
1.9715,484,222.6,21.8,0.0055,,
1.9800,486,223.0,21.8,0.0055,,
1.9885,486,223.2,21.8,0.0170,,
1.9970,488,223.5,21.8,0.0055,,
2.0045,488,223.8,21.8,0.0185,,
2.0130,489,224.1,21.8,0.0060,,
2.0210,490,224.5,21.8,0.0055,,
2.0295,492,224.8,21.8,0.0055,,
2.0380,492,225.1,21.8,0.0170,,
2.0465,494,225.3,21.8,0.0055,,
2.0540,494,225.6,21.8,0.0185,,
2.0625,495,225.9,21.8,0.0060,,
2.0710,496,226.2,21.8,0.0060,,
2.0795,498,226.4,21.8,0.0055,,
2.0880,498,226.7,21.8,0.0170,,
2.0960,500,226.9,21.8,0.0055,,
2.1040,500,227.2,21.8,0.0200,,
2.1120,501,227.4,21.8,0.0055,,
2.1205,502,227.7,21.8,0.0060,,
2.1290,504,228.0,21.8,0.0055,,
2.1375,504,228.2,21.8,0.0170,,
2.1460,506,228.5,21.8,0.0055,,
2.1535,506,228.6,21.8,0.0185,,
2.1620,507,228.9,21.8,0.0060,,
2.1705,508,229.2,21.8,0.0060,,
2.1790,510,229.5,21.8,0.0055,,
2.1870,510,229.7,21.8,0.0160,,
2.1955,512,229.9,21.8,0.0055,,
2.2030,512,230.2,21.8,0.0185,,
2.2115,513,230.4,21.8,0.0060,,
2.2200,514,230.5,21.8,0.0060,,
2.2285,516,230.8,21.8,0.0055,,
2.2370,516,231.1,21.8,0.0170,,
2.2455,518,231.3,21.8,0.0055,,
2.2530,518,231.5,21.8,0.0185,,
2.2615,519,231.8,21.8,0.0060,,
2.2700,520,232.0,21.8,0.0060,,
2.2780,522,232.2,21.8,0.0055,,
2.2865,522,232.4,21.8,0.0170,,
2.2950,524,232.6,21.8,0.0055,,
2.3025,524,232.8,21.8,0.0185,,
2.3110,525,233.0,21.8,0.0060,,
2.3195,526,233.2,21.8,0.0060,,
2.3280,528,233.4,21.8,0.0055,,
2.3365,528,233.7,21.8,0.0170,,
2.3450,530,233.9,21.8,0.0055,,
2.3525,530,234.0,21.8,0.0185,,
2.3610,531,234.2,21.8,0.0060,,
2.3680,532,234.4,21.8,0.0050,,
2.3695,534,234.6,21.8,0.0010,,
2.3695,534,234.8,21.8,0.0000,,
2.3700,536,234.8,21.8,0.0005,,
2.3710,536,234.7,21.8,0.0025,,
2.3725,537,234.9,21.8,0.0010,,
2.3755,538,234.8,21.8,0.0020,,
2.3795,540,235.0,21.8,0.0025,,
2.3860,540,235.0,21.8,0.0130,,
Scope 1/1, Sample 6/7 (RW2_D_2023-08-02)
Result,TitrationEP1
V,t,E,T,dV/dt,E acc. stat.,Volume acc. stat.
0.0000,0,-32.8,21.7,NaN,,
0.0005,1,-35.4,21.7,0.0005,,
0.0025,2,-36.0,21.7,0.0020,,
0.0050,3,-36.7,21.7,0.0025,,
0.0085,4,-37.4,21.7,0.0030,,
0.0150,5,-38.0,21.8,0.0060,,
0.0230,6,-38.6,21.7,0.0075,,
0.0305,7,-39.0,21.8,0.0075,,
0.0390,8,-39.4,21.8,0.0085,,
0.0475,9,-39.8,21.8,0.0085,,
0.0560,10,-40.1,21.8,0.0075,,
0.0645,11,-40.4,21.8,0.0075,,
0.0730,12,-40.5,21.8,0.0075,,
0.0805,13,-40.6,21.8,0.0075,,
0.0890,14,-40.6,21.8,0.0085,,
0.0975,15,-40.6,21.8,0.0075,,
0.1055,16,-40.5,21.8,0.0075,,
0.1140,17,-40.4,21.8,0.0075,,
0.1225,18,-40.2,21.8,0.0075,,
0.1300,19,-39.9,21.8,0.0075,,
0.1385,20,-39.6,21.8,0.0085,,
0.1470,21,-39.3,21.8,0.0075,,
0.1555,22,-38.9,21.8,0.0075,,
0.1640,23,-38.5,21.8,0.0075,,
0.1725,24,-38.1,21.8,0.0075,,
0.1800,25,-37.6,21.8,0.0075,,
0.1885,26,-37.1,21.8,0.0085,,
0.1970,27,-36.6,21.8,0.0075,,
0.2050,28,-36.0,21.8,0.0075,,
0.2135,29,-35.5,21.8,0.0075,,
0.2220,30,-34.9,21.8,0.0075,,
0.2295,31,-34.4,21.8,0.0075,,
0.2380,32,-33.9,21.8,0.0085,,
0.2465,33,-33.4,21.8,0.0075,,
0.2550,34,-32.8,21.8,0.0075,,
0.2635,35,-32.3,21.8,0.0075,,
0.2720,36,-31.8,21.8,0.0075,,
0.2795,37,-31.3,21.8,0.0075,,
0.2880,38,-30.8,21.8,0.0085,,
0.2960,39,-30.3,21.8,0.0075,,
0.3045,40,-29.9,21.8,0.0075,,
0.3130,41,-29.5,21.8,0.0075,,
0.3215,42,-28.9,21.8,0.0075,,
0.3290,43,-28.5,21.8,0.0075,,
0.3375,44,-28.0,21.8,0.0085,,
0.3460,45,-27.6,21.8,0.0085,,
0.3545,46,-27.1,21.8,0.0075,,
0.3625,47,-26.7,21.8,0.0075,,
0.3710,48,-26.2,21.8,0.0075,,
0.3795,49,-25.8,21.8,0.0085,,
0.3870,50,-25.4,21.8,0.0075,,
0.3955,51,-25.0,21.8,0.0085,,
0.4040,52,-24.5,21.8,0.0075,,
0.4125,53,-24.1,21.8,0.0075,,
0.4210,54,-23.6,21.8,0.0075,,
0.4285,55,-23.3,21.8,0.0075,,
0.4370,56,-22.8,21.8,0.0085,,
0.4455,57,-22.4,21.8,0.0085,,
0.4535,58,-22.0,21.8,0.0075,,
0.4620,59,-21.6,21.8,0.0075,,
0.4705,60,-21.2,21.8,0.0075,,
0.4790,61,-20.8,21.8,0.0075,,
0.4865,62,-20.5,21.8,0.0075,,
0.4950,63,-20.1,21.8,0.0085,,
0.5035,64,-19.6,21.8,0.0075,,
0.5120,65,-19.3,21.8,0.0075,,
0.5205,66,-18.8,21.8,0.0075,,
0.5285,67,-18.5,21.8,0.0080,,
0.5365,68,-18.1,21.8,0.0080,,
0.5445,69,-17.7,21.8,0.0080,,
0.5530,70,-17.3,21.8,0.0075,,
0.5615,71,-16.8,21.8,0.0075,,
0.5700,72,-16.4,21.8,0.0075,,
0.5785,73,-16.0,21.8,0.0075,,
0.5860,74,-15.6,21.8,0.0075,,
0.5945,75,-15.2,21.8,0.0085,,
0.6030,76,-14.8,21.8,0.0075,,
0.6115,77,-14.4,21.8,0.0075,,
0.6195,78,-13.9,21.8,0.0075,,
0.6280,79,-13.6,21.8,0.0075,,
0.6355,80,-13.2,21.8,0.0075,,
0.6440,81,-12.8,21.8,0.0085,,
0.6525,82,-12.4,21.8,0.0075,,
0.6610,83,-12.0,21.8,0.0075,,
0.6695,84,-11.6,21.8,0.0075,,
0.6780,85,-11.2,21.8,0.0075,,
0.6855,86,-10.8,21.8,0.0075,,
0.6940,87,-10.5,21.8,0.0085,,
0.7025,88,-10.1,21.8,0.0075,,
0.7105,89,-9.7,21.8,0.0075,,
0.7190,90,-9.3,21.8,0.0075,,
0.7275,91,-8.9,21.8,0.0075,,
0.7350,92,-8.5,21.8,0.0075,,
0.7435,93,-8.1,21.8,0.0085,,
0.7520,94,-7.7,21.8,0.0075,,
0.7605,95,-7.4,21.8,0.0075,,
0.7690,96,-7.0,21.8,0.0075,,
0.7775,97,-6.6,21.8,0.0075,,
0.7850,98,-6.2,21.8,0.0075,,
0.7935,99,-5.8,21.8,0.0085,,
0.8020,100,-5.4,21.8,0.0075,,
0.8100,101,-4.9,21.8,0.0075,,
0.8185,102,-4.4,21.8,0.0075,,
0.8270,103,-3.9,21.8,0.0075,,
0.8345,104,-3.4,21.8,0.0075,,
0.8430,105,-2.9,21.8,0.0085,,
0.8515,106,-2.4,21.8,0.0075,,
0.8600,107,-2.0,21.8,0.0075,,
0.8685,108,-1.4,21.8,0.0075,,
0.8770,109,-0.9,21.8,0.0075,,
0.8845,110,-0.3,21.8,0.0075,,
0.8930,111,0.1,21.8,0.0085,,
0.9010,112,0.3,21.8,0.0080,,
0.9095,113,0.3,21.8,0.0075,,
0.9180,114,0.7,21.8,0.0075,,
0.9265,115,1.1,21.8,0.0075,,
0.9340,116,1.5,21.8,0.0075,,
0.9425,117,2.1,21.8,0.0085,,
0.9510,118,2.9,21.8,0.0085,,
0.9595,119,3.8,21.8,0.0075,,
0.9675,120,3.6,21.8,0.0075,,
0.9760,121,4.3,21.8,0.0075,,
0.9835,122,4.7,21.8,0.0075,,
0.9920,123,5.1,21.8,0.0085,,
1.0005,124,5.5,21.8,0.0085,,
1.0090,125,6.0,21.8,0.0075,,
1.0175,126,6.5,21.8,0.0075,,
1.0260,127,6.9,21.8,0.0075,,
1.0335,128,7.3,21.8,0.0075,,
1.0420,129,7.8,21.8,0.0085,,
1.0505,130,8.5,21.8,0.0085,,
1.0585,131,9.1,21.8,0.0075,,
1.0670,132,9.8,21.8,0.0075,,
1.0755,133,10.5,21.8,0.0075,,
1.0840,134,11.1,21.8,0.0085,,
1.0915,135,11.8,21.8,0.0075,,
1.1000,136,12.5,21.8,0.0085,,
1.1085,137,13.2,21.8,0.0075,,
1.1170,138,13.9,21.8,0.0075,,
1.1255,139,14.6,21.8,0.0075,,
1.1330,140,15.3,21.8,0.0075,,
1.1415,141,16.0,21.8,0.0085,,
1.1500,142,16.8,21.8,0.0075,,
1.1585,143,17.6,21.8,0.0075,,
1.1665,144,18.4,21.8,0.0075,,
1.1750,145,19.2,21.8,0.0075,,
1.1825,146,20.0,21.8,0.0075,,
1.1910,147,20.9,21.8,0.0085,,
1.1995,148,21.8,21.8,0.0085,,
1.2080,149,22.8,21.8,0.0075,,
1.2165,150,23.8,21.8,0.0075,,
1.2250,151,24.9,21.8,0.0075,,
1.2325,152,26.0,21.8,0.0075,,
1.2410,153,27.2,21.8,0.0085,,
1.2495,154,28.6,21.8,0.0075,,
1.2575,155,30.0,21.8,0.0075,,
1.2660,156,31.7,21.8,0.0075,,
1.2745,157,33.4,21.8,0.0075,,
1.2830,158,35.0,21.8,0.0085,,
1.2905,159,37.1,21.8,0.0075,,
1.2990,160,39.2,21.8,0.0085,,
1.3075,161,41.7,21.8,0.0075,,
1.3160,162,44.4,21.8,0.0075,,
1.3240,163,47.5,21.8,0.0075,,
1.3325,164,50.6,21.8,0.0085,,
1.3400,165,54.5,21.8,0.0075,,
1.3485,166,58.7,21.8,0.0085,,
1.3570,167,62.9,21.8,0.0075,,
1.3655,168,67.8,21.8,0.0075,,
1.3740,169,73.2,21.8,0.0075,,
1.3825,170,78.5,21.8,0.0085,,
1.3900,171,85.2,21.8,0.0075,,
1.3985,172,91.6,21.8,0.0085,,
1.4070,173,98.3,21.8,0.0075,,
1.4150,174,105.2,21.8,0.0075,,
1.4235,175,112.5,21.8,0.0075,,
1.4320,176,119.8,21.8,0.0075,,
1.4395,177,126.1,21.8,0.0075,,
1.4480,178,133.2,21.8,0.0085,,
1.4565,179,140.7,21.8,0.0075,,
1.4650,180,147.8,21.8,0.0075,,
1.4735,181,155.0,21.8,0.0075,,
1.4815,182,161.2,21.8,0.0075,,
1.4895,183,166.4,21.8,0.0080,,
1.4975,184,171.8,21.8,0.0080,,
1.5060,185,176.8,21.8,0.0085,,
1.5145,186,181.0,21.8,0.0075,,
1.5230,187,184.9,21.8,0.0075,,
1.5260,188,185.2,21.8,0.0060,,
1.5260,428,196.2,21.9,0.0000,,
1.5265,429,196.2,21.9,0.0010,,
1.5280,430,196.2,21.9,0.0025,,
1.5305,431,196.2,21.9,0.0040,,
1.5345,432,196.2,21.9,0.0055,,
1.5405,433,196.4,21.9,0.0085,,
1.5490,434,196.7,21.9,0.0120,,
1.5565,435,197.1,21.9,0.0125,,
1.5650,436,197.7,21.9,0.0140,,
1.5735,437,198.4,21.9,0.0140,,
1.5815,438,199.1,21.9,0.0115,,
1.5900,439,200.0,21.9,0.0120,,
1.5985,440,200.8,21.9,0.0120,,
1.6060,441,201.5,21.9,0.0125,,
1.6145,442,202.2,21.9,0.0140,,
1.6230,443,202.8,21.9,0.0140,,
1.6315,444,203.5,21.9,0.0120,,
1.6400,445,204.2,21.9,0.0120,,
1.6485,446,204.8,21.9,0.0120,,
1.6560,447,205.4,21.9,0.0125,,
1.6645,448,206.1,21.9,0.0140,,
1.6725,449,206.8,21.9,0.0135,,
1.6810,450,207.3,21.9,0.0120,,
1.6895,451,207.9,21.9,0.0120,,
1.6980,452,208.5,21.9,0.0120,,
1.7065,453,209.0,21.9,0.0140,,
1.7140,454,209.6,21.9,0.0125,,
1.7225,455,210.1,21.9,0.0140,,
1.7310,456,210.6,21.9,0.0120,,
1.7395,457,211.1,21.9,0.0120,,
1.7475,458,211.6,21.9,0.0115,,
1.7560,459,212.0,21.9,0.0140,,
1.7635,460,212.5,21.9,0.0125,,
1.7720,461,213.0,21.9,0.0140,,
1.7805,462,213.5,21.9,0.0120,,
1.7890,463,213.9,21.9,0.0120,,
1.7975,464,214.4,21.9,0.0120,,
1.8060,465,214.7,21.9,0.0140,,
1.8135,466,215.2,21.9,0.0125,,
1.8220,467,215.5,21.9,0.0140,,
1.8305,468,216.0,21.9,0.0120,,
1.8385,469,216.4,21.9,0.0115,,
1.8470,470,216.8,21.9,0.0120,,
1.8555,471,217.2,21.9,0.0120,,
1.8630,472,217.5,21.9,0.0125,,
1.8715,473,218.0,21.9,0.0140,,
1.8800,474,218.4,21.9,0.0140,,
1.8885,475,218.8,21.9,0.0120,,
1.8970,476,219.2,21.9,0.0120,,
1.9050,477,219.5,21.9,0.0115,,
1.9130,478,219.9,21.9,0.0135,,
1.9210,479,220.3,21.9,0.0135,,
1.9295,480,220.6,21.9,0.0140,,
1.9380,481,221.0,21.9,0.0120,,
1.9465,482,221.2,21.9,0.0120,,
1.9550,483,221.6,21.9,0.0120,,
1.9625,484,221.9,21.9,0.0125,,
1.9710,485,222.3,21.9,0.0140,,
1.9795,486,222.5,21.9,0.0140,,
1.9880,487,222.9,21.9,0.0120,,
1.9965,488,223.1,21.9,0.0120,,
2.0045,489,223.5,21.9,0.0135,,
2.0125,490,223.8,21.9,0.0135,,
2.0205,491,224.1,21.9,0.0135,,
2.0290,492,224.4,21.9,0.0140,,
2.0375,493,224.7,21.9,0.0120,,
2.0460,494,224.9,21.9,0.0120,,
2.0545,495,225.3,21.9,0.0120,,
2.0620,496,225.6,21.9,0.0125,,
2.0705,497,225.9,21.9,0.0140,,
2.0790,498,226.1,21.9,0.0140,,
2.0875,499,226.4,21.9,0.0120,,
2.0955,500,226.6,21.9,0.0115,,
2.1040,501,226.9,21.9,0.0120,,
2.1115,502,227.1,21.9,0.0125,,
2.1200,503,227.4,21.9,0.0140,,
2.1285,504,227.7,21.9,0.0140,,
2.1370,505,227.9,21.9,0.0120,,
2.1455,506,228.1,21.9,0.0120,,
2.1540,507,228.4,21.9,0.0120,,
2.1615,508,228.6,21.9,0.0125,,
2.1700,509,228.9,21.9,0.0140,,
2.1780,510,229.2,21.9,0.0135,,
2.1865,511,229.5,21.9,0.0120,,
2.1950,512,229.7,21.9,0.0120,,
2.2035,513,229.9,21.9,0.0120,,
2.2120,514,230.2,21.9,0.0140,,
2.2195,515,230.4,21.9,0.0125,,
2.2280,516,230.6,21.9,0.0140,,
2.2365,517,230.8,21.9,0.0120,,
2.2450,518,231.1,21.9,0.0120,,
2.2530,519,231.3,21.9,0.0115,,
2.2615,520,231.5,21.9,0.0140,,
2.2690,521,231.7,21.9,0.0125,,
2.2775,522,231.9,21.9,0.0140,,
2.2860,523,232.1,21.9,0.0120,,
2.2945,524,232.3,21.9,0.0120,,
2.3030,525,232.5,21.9,0.0120,,
2.3115,526,232.7,21.9,0.0140,,
2.3190,527,232.9,21.9,0.0125,,
2.3275,528,233.2,21.9,0.0140,,
2.3360,529,233.4,21.9,0.0120,,
2.3445,530,233.6,21.9,0.0120,,
2.3525,531,233.8,21.9,0.0115,,
2.3610,532,234.0,21.9,0.0140,,
2.3685,533,234.2,21.9,0.0125,,
2.3750,534,234.4,21.9,0.0110,,
2.3780,535,234.5,21.9,0.0045,,
2.3785,536,234.6,21.9,0.0005,,
2.3795,537,234.7,21.9,0.0015,,
2.3810,538,234.7,21.9,0.0025,,
2.3830,539,234.8,21.9,0.0035,,
2.3870,540,234.9,21.9,0.0065,,
2.3920,541,234.9,21.9,0.0070,,
2.3950,541,235.0,21.9,0.0150,,
Scope 1/1, Sample 7/7 (RW4_D_2023-08-02)
Result,TitrationEP1
V,t,E,T,dV/dt,E acc. stat.,Volume acc. stat.
0.0000,0,-30.3,21.9,NaN,,
0.0005,1,-33.1,21.9,0.0005,,
0.0025,2,-33.8,21.9,0.0020,,
0.0050,3,-34.4,21.9,0.0025,,
0.0090,4,-35.1,21.9,0.0035,,
0.0150,5,-35.7,21.9,0.0055,,
0.0235,6,-36.3,21.9,0.0075,,
0.0310,7,-36.7,21.9,0.0075,,
0.0395,8,-37.2,21.9,0.0085,,
0.0480,9,-37.5,21.9,0.0085,,
0.0565,10,-37.9,21.9,0.0075,,
0.0650,11,-38.1,21.9,0.0075,,
0.0735,12,-38.3,21.9,0.0075,,
0.0810,13,-38.4,21.9,0.0075,,
0.0895,14,-38.5,21.9,0.0085,,
0.0975,15,-38.4,21.9,0.0080,,
0.1060,16,-38.4,21.9,0.0075,,
0.1145,17,-38.2,21.9,0.0075,,
0.1230,18,-38.0,21.9,0.0075,,
0.1305,19,-37.8,21.9,0.0075,,
0.1390,20,-37.5,21.9,0.0085,,
0.1475,21,-37.2,21.9,0.0085,,
0.1560,22,-36.8,21.9,0.0075,,
0.1645,23,-36.4,21.9,0.0075,,
0.1725,24,-36.0,21.9,0.0075,,
0.1805,25,-35.4,21.9,0.0080,,
0.1885,26,-35.0,21.9,0.0080,,
0.1970,27,-34.4,21.9,0.0085,,
0.2055,28,-33.9,21.9,0.0075,,
0.2140,29,-33.3,21.9,0.0075,,
0.2225,30,-32.9,21.9,0.0075,,
0.2310,31,-32.4,21.9,0.0085,,
0.2385,32,-31.9,21.9,0.0075,,
0.2470,33,-31.3,21.9,0.0085,,
0.2555,34,-30.8,21.9,0.0075,,
0.2635,35,-30.3,21.9,0.0075,,
0.2720,36,-29.9,21.9,0.0075,,
0.2795,37,-29.5,21.9,0.0075,,
0.2880,38,-29.1,21.9,0.0085,,
0.2965,39,-28.6,21.9,0.0085,,
0.3050,40,-28.1,21.9,0.0075,,
0.3135,41,-27.6,21.9,0.0075,,
0.3220,42,-27.2,21.9,0.0075,,
0.3295,43,-26.8,21.9,0.0075,,
0.3380,44,-26.4,21.9,0.0085,,
0.3465,45,-26.0,21.9,0.0085,,
0.3550,46,-25.5,21.9,0.0075,,
0.3630,47,-25.1,21.9,0.0075,,
0.3715,48,-24.6,21.9,0.0075,,
0.3790,49,-24.2,21.9,0.0075,,
0.3875,50,-23.8,21.9,0.0085,,
0.3960,51,-23.4,21.9,0.0085,,
0.4045,52,-23.0,21.9,0.0075,,
0.4130,53,-22.6,21.9,0.0075,,
0.4215,54,-22.2,21.9,0.0075,,
0.4295,55,-21.8,21.9,0.0080,,
0.4375,56,-21.4,21.9,0.0080,,
0.4460,57,-21.0,21.9,0.0085,,
0.4540,58,-20.6,21.9,0.0075,,
0.4625,59,-20.2,21.9,0.0075,,
0.4710,60,-19.8,21.9,0.0075,,
0.4795,61,-19.4,21.9,0.0085,,
0.4870,62,-19.1,21.9,0.0075,,
0.4955,63,-18.7,21.9,0.0085,,
0.5040,64,-18.2,21.9,0.0085,,
0.5125,65,-17.8,21.9,0.0075,,
0.5205,66,-17.4,21.9,0.0075,,
0.5290,67,-17.0,21.9,0.0075,,
0.5365,68,-16.7,21.9,0.0075,,
0.5450,69,-16.3,21.9,0.0085,,
0.5535,70,-15.9,21.9,0.0085,,
0.5620,71,-15.5,21.9,0.0075,,
0.5705,72,-15.1,21.9,0.0075,,
0.5790,73,-14.8,21.9,0.0075,,
0.5865,74,-14.3,21.9,0.0075,,
0.5950,75,-14.0,21.9,0.0085,,
0.6030,76,-13.6,21.9,0.0080,,
0.6115,77,-13.2,21.9,0.0075,,
0.6200,78,-12.8,21.9,0.0075,,
0.6285,79,-12.4,21.9,0.0075,,
0.6360,80,-12.0,21.9,0.0075,,
0.6445,81,-11.6,21.9,0.0085,,
0.6530,82,-11.2,21.9,0.0085,,
0.6615,83,-10.8,21.9,0.0075,,
0.6700,84,-10.4,21.9,0.0075,,
0.6785,85,-10.0,21.9,0.0075,,
0.6860,86,-9.6,21.9,0.0075,,
0.6945,87,-9.2,21.9,0.0085,,
0.7025,88,-8.8,21.9,0.0080,,
0.7110,89,-8.4,21.9,0.0075,,
0.7195,90,-8.1,21.9,0.0075,,
0.7280,91,-7.7,21.9,0.0075,,
0.7365,92,-7.4,21.9,0.0085,,
0.7440,93,-7.0,21.9,0.0075,,
0.7525,94,-6.6,21.9,0.0085,,
0.7610,95,-6.2,21.9,0.0075,,
0.7695,96,-5.7,21.9,0.0075,,
0.7775,97,-5.4,21.9,0.0075,,
0.7860,98,-5.1,21.9,0.0085,,
0.7935,99,-4.6,21.9,0.0075,,
0.8020,100,-4.1,21.9,0.0085,,
0.8105,101,-3.6,21.9,0.0075,,
0.8190,102,-3.1,21.9,0.0075,,
0.8275,103,-2.6,21.9,0.0075,,
0.8360,104,-2.1,21.9,0.0085,,
0.8435,105,-1.6,21.9,0.0075,,
0.8520,106,-1.1,21.9,0.0085,,
0.8600,107,-0.6,21.9,0.0075,,
0.8685,108,-0.1,21.9,0.0075,,
0.8770,109,0.3,21.9,0.0075,,
0.8855,110,0.2,21.9,0.0075,,
0.8930,111,0.4,21.9,0.0075,,
0.9015,112,0.8,21.9,0.0085,,
0.9100,113,1.3,21.9,0.0075,,
0.9185,114,1.7,21.9,0.0075,,
0.9270,115,2.4,21.9,0.0075,,
0.9350,116,3.1,21.9,0.0080,,
0.9430,117,3.7,21.9,0.0080,,
0.9515,118,3.7,21.9,0.0085,,
0.9595,119,4.3,21.9,0.0075,,
0.9680,120,4.8,21.9,0.0075,,
0.9765,121,5.2,21.9,0.0075,,
0.9850,122,5.6,21.9,0.0085,,
0.9925,123,6.0,21.9,0.0075,,
1.0010,124,6.4,21.9,0.0085,,
1.0095,125,6.9,21.9,0.0075,,
1.0180,126,7.3,21.9,0.0075,,
1.0265,127,7.9,21.9,0.0075,,
1.0340,128,8.4,21.9,0.0075,,
1.0425,129,9.1,21.9,0.0085,,
1.0505,130,9.6,21.9,0.0080,,
1.0590,131,10.2,21.9,0.0075,,
1.0675,132,10.9,21.9,0.0075,,
1.0760,133,11.6,21.9,0.0075,,
1.0845,134,12.2,21.9,0.0085,,
1.0920,135,12.9,21.9,0.0075,,
1.1005,136,13.6,21.9,0.0085,,
1.1090,137,14.4,21.9,0.0075,,
1.1175,138,15.0,21.9,0.0075,,
1.1255,139,15.7,21.9,0.0075,,
1.1340,140,16.4,21.9,0.0085,,
1.1415,141,17.1,21.9,0.0075,,
1.1500,142,17.9,21.9,0.0085,,
1.1585,143,18.6,21.9,0.0075,,
1.1670,144,19.4,21.9,0.0075,,
1.1755,145,20.2,21.9,0.0075,,
1.1830,146,21.0,21.9,0.0075,,
1.1915,147,21.9,21.9,0.0085,,
1.2000,148,22.8,21.9,0.0085,,
1.2085,149,23.9,21.9,0.0075,,
1.2165,150,24.8,21.9,0.0075,,
1.2250,151,25.9,21.9,0.0075,,
1.2335,152,27.0,21.9,0.0075,,
1.2410,153,28.0,21.9,0.0075,,
1.2495,154,29.5,21.9,0.0085,,
1.2580,155,30.9,21.9,0.0075,,
1.2665,156,32.4,21.9,0.0075,,
1.2750,157,34.1,21.9,0.0075,,
1.2835,158,35.7,21.9,0.0085,,
1.2910,159,37.8,21.9,0.0075,,
1.2995,160,40.0,21.9,0.0085,,
1.3080,161,42.4,21.9,0.0075,,
1.3160,162,45.1,21.9,0.0075,,
1.3245,163,48.0,21.9,0.0075,,
1.3330,164,51.0,21.9,0.0085,,
1.3405,165,54.8,21.9,0.0075,,
1.3490,166,59.0,21.9,0.0085,,
1.3575,167,63.4,21.9,0.0075,,
1.3660,168,68.3,21.9,0.0075,,
1.3745,169,73.5,21.9,0.0075,,
1.3830,170,78.8,21.9,0.0085,,
1.3905,171,84.9,21.9,0.0075,,
1.3990,172,91.4,21.9,0.0085,,
1.4075,173,98.2,21.9,0.0075,,
1.4155,174,105.0,21.9,0.0075,,
1.4240,175,112.2,21.9,0.0075,,
1.4315,176,118.9,21.9,0.0075,,
1.4400,177,126.1,21.9,0.0085,,
1.4485,178,133.3,21.9,0.0085,,
1.4570,179,140.6,21.9,0.0075,,
1.4655,180,147.9,21.9,0.0075,,
1.4740,181,154.9,21.9,0.0075,,
1.4815,182,160.8,21.9,0.0075,,
1.4900,183,166.5,21.9,0.0085,,
1.4985,184,171.8,21.9,0.0085,,
1.5065,185,176.7,21.9,0.0075,,
1.5150,186,181.0,21.9,0.0075,,
1.5235,187,184.3,21.9,0.0075,,
1.5280,188,185.3,21.9,0.0075,,
1.5280,428,196.2,22.0,0.0000,,
1.5285,429,196.3,22.0,0.0005,,
1.5300,430,196.3,22.0,0.0020,,
1.5325,431,196.3,22.0,0.0035,,
1.5365,432,196.3,22.0,0.0050,,
1.5430,433,196.4,22.0,0.0080,,
1.5515,434,196.8,22.0,0.0105,,
1.5590,435,197.2,22.0,0.0105,,
1.5675,436,197.9,22.0,0.0120,,
1.5760,437,198.5,22.0,0.0120,,
1.5845,438,199.3,22.0,0.0105,,
1.5925,439,200.1,22.0,0.0100,,
1.6010,440,200.8,22.0,0.0105,,
1.6085,441,201.6,22.0,0.0105,,
1.6170,442,202.2,22.0,0.0105,,
1.6255,443,203.0,22.0,0.0105,,
1.6340,444,203.7,22.0,0.0105,,
1.6425,445,204.4,22.0,0.0105,,
1.6510,446,205.0,22.0,0.0120,,
1.6585,447,205.6,22.0,0.0105,,
1.6670,448,206.3,22.0,0.0120,,
1.6755,449,206.8,22.0,0.0105,,
1.6840,450,207.4,22.0,0.0105,,
1.6920,451,208.0,22.0,0.0100,,
1.7005,452,208.6,22.0,0.0105,,
1.7080,453,209.1,22.0,0.0105,,
1.7165,454,209.6,22.0,0.0120,,
1.7250,455,210.1,22.0,0.0105,,
1.7335,456,210.6,22.0,0.0105,,
1.7420,457,211.1,22.0,0.0105,,
1.7505,458,211.6,22.0,0.0105,,
1.7580,459,212.1,22.0,0.0105,,
1.7665,460,212.7,22.0,0.0120,,
1.7745,461,213.2,22.0,0.0115,,
1.7830,462,213.6,22.0,0.0105,,
1.7915,463,214.0,22.0,0.0105,,
1.8000,464,214.4,22.0,0.0105,,
1.8075,465,214.9,22.0,0.0105,,
1.8160,466,215.3,22.0,0.0120,,
1.8245,467,215.7,22.0,0.0120,,
1.8330,468,216.1,22.0,0.0105,,
1.8415,469,216.6,22.0,0.0105,,
1.8495,470,216.9,22.0,0.0100,,
1.8575,471,217.3,22.0,0.0115,,
1.8655,472,217.7,22.0,0.0115,,
1.8740,473,218.0,22.0,0.0120,,
1.8825,474,218.3,22.0,0.0105,,
1.8910,475,218.7,22.0,0.0105,,
1.8995,476,219.1,22.0,0.0105,,
1.9080,477,219.6,22.0,0.0120,,
1.9155,478,220.0,22.0,0.0105,,
1.9240,479,220.3,22.0,0.0105,,
1.9325,480,220.6,22.0,0.0105,,
1.9405,481,221.0,22.0,0.0100,,
1.9490,482,221.3,22.0,0.0105,,
1.9575,483,221.6,22.0,0.0120,,
1.9650,484,221.8,22.0,0.0105,,
1.9735,485,222.2,22.0,0.0120,,
1.9820,486,222.5,22.0,0.0105,,
1.9905,487,222.8,22.0,0.0105,,
1.9990,488,223.2,22.0,0.0105,,
2.0075,489,223.4,22.0,0.0120,,
2.0150,490,223.7,22.0,0.0105,,
2.0235,491,224.0,22.0,0.0120,,
2.0315,492,224.3,22.0,0.0100,,
2.0400,493,224.6,22.0,0.0105,,
2.0485,494,225.0,22.0,0.0105,,
2.0570,495,225.4,22.0,0.0105,,
2.0645,496,225.6,22.0,0.0105,,
2.0730,497,225.8,22.0,0.0120,,
2.0815,498,226.0,22.0,0.0105,,
2.0900,499,226.3,22.0,0.0105,,
2.0985,500,226.6,22.0,0.0105,,
2.1065,501,226.9,22.0,0.0115,,
2.1145,502,227.2,22.0,0.0115,,
2.1225,503,227.4,22.0,0.0115,,
2.1310,504,227.7,22.0,0.0105,,
2.1395,505,228.0,22.0,0.0105,,
2.1480,506,228.2,22.0,0.0105,,
2.1565,507,228.5,22.0,0.0120,,
2.1640,508,228.6,22.0,0.0105,,
2.1725,509,228.9,22.0,0.0120,,
2.1810,510,229.2,22.0,0.0105,,
2.1895,511,229.5,22.0,0.0105,,
2.1975,512,229.7,22.0,0.0100,,
2.2060,513,229.9,22.0,0.0105,,
2.2135,514,230.1,22.0,0.0105,,
2.2220,515,230.3,22.0,0.0120,,
2.2305,516,230.6,22.0,0.0120,,
2.2390,517,230.8,22.0,0.0105,,
2.2475,518,231.0,22.0,0.0105,,
2.2560,519,231.2,22.0,0.0105,,
2.2635,520,231.5,22.0,0.0105,,
2.2720,521,231.7,22.0,0.0120,,
2.2805,522,231.9,22.0,0.0120,,
2.2885,523,232.1,22.0,0.0100,,
2.2970,524,232.4,22.0,0.0105,,
2.3055,525,232.6,22.0,0.0105,,
2.3130,526,232.7,22.0,0.0105,,
2.3215,527,233.0,22.0,0.0120,,
2.3300,528,233.3,22.0,0.0120,,
2.3385,529,233.6,22.0,0.0105,,
2.3470,530,233.7,22.0,0.0105,,
2.3550,531,233.9,22.0,0.0100,,
2.3635,532,234.1,22.0,0.0120,,
2.3705,533,234.3,22.0,0.0100,,
2.3780,534,234.5,22.0,0.0105,,
2.3840,535,234.7,22.0,0.0075,,
2.3845,536,234.8,22.0,0.0005,,
2.3845,537,234.9,22.0,0.0000,,
2.3855,538,234.8,22.0,0.0010,,
2.3865,539,234.8,22.0,0.0015,,
2.3880,540,234.9,22.0,0.0020,,
2.3900,541,235.0,22.0,0.0030,,
