Task,T5763
Scope 1/1, Sample 1/4 (Junk1)
Result,TitrationEP1
V,t,E,T,dV/dt,E acc. stat.,Volume acc. stat.
0.0000,0,-57.1,20.2,NaN,,
0.0005,1,-57.0,20.2,0.0005,,
0.0025,2,-57.0,20.3,0.0020,,
0.0050,3,-56.9,20.2,0.0025,,
0.0090,4,-57.0,20.3,0.0035,,
0.0150,5,-57.0,20.3,0.0055,,
0.0235,6,-56.9,20.3,0.0075,,
0.0310,7,-56.6,20.2,0.0075,,
0.0395,8,-56.2,20.3,0.0085,,
0.0480,9,-55.6,20.3,0.0075,,
0.0565,10,-54.8,20.3,0.0075,,
0.0650,11,-53.9,20.3,0.0075,,
0.0735,12,-52.9,20.3,0.0075,,
0.0810,13,-51.9,20.3,0.0075,,
0.0895,14,-50.7,20.3,0.0085,,
0.0980,15,-49.5,20.3,0.0085,,
0.1060,16,-48.1,20.3,0.0075,,
0.1145,17,-46.7,20.3,0.0075,,
0.1230,18,-45.3,20.3,0.0075,,
0.1305,19,-44.1,20.3,0.0075,,
0.1390,20,-42.4,20.3,0.0085,,
0.1475,21,-40.8,20.3,0.0075,,
0.1560,22,-38.8,20.3,0.0075,,
0.1645,23,-37.0,20.3,0.0075,,
0.1730,24,-35.2,20.3,0.0075,,
0.1805,25,-33.5,20.3,0.0075,,
0.1890,26,-31.6,20.3,0.0085,,
0.1970,27,-29.5,20.3,0.0080,,
0.2055,28,-27.6,20.3,0.0075,,
0.2140,29,-25.7,20.3,0.0075,,
0.2225,30,-23.8,20.3,0.0075,,
0.2300,31,-22.2,20.3,0.0075,,
0.2385,32,-20.5,20.3,0.0085,,
0.2470,33,-18.8,20.3,0.0085,,
0.2555,34,-17.3,20.3,0.0075,,
0.2635,35,-15.7,20.3,0.0075,,
0.2720,36,-14.2,20.3,0.0075,,
0.2800,37,-13.0,20.3,0.0080,,
0.2880,38,-11.5,20.3,0.0080,,
0.2965,39,-9.9,20.3,0.0085,,
0.3050,40,-8.5,20.3,0.0075,,
0.3135,41,-7.3,20.3,0.0075,,
0.3220,42,-6.0,20.3,0.0075,,
0.3295,43,-4.8,20.3,0.0075,,
0.3380,44,-3.5,20.3,0.0085,,
0.3465,45,-1.8,20.3,0.0085,,
0.3550,46,-0.4,20.3,0.0075,,
0.3630,47,0.7,20.3,0.0075,,
0.3715,48,1.1,20.3,0.0075,,
0.3790,49,2.5,20.3,0.0075,,
0.3875,50,3.7,20.3,0.0085,,
0.3960,51,4.8,20.3,0.0085,,
0.4045,52,5.7,20.3,0.0075,,
0.4130,53,6.7,20.3,0.0075,,
0.4215,54,7.4,20.3,0.0075,,
0.4290,55,8.2,20.3,0.0075,,
0.4375,56,9.4,20.3,0.0085,,
0.4460,57,10.6,20.3,0.0085,,
0.4540,58,11.8,20.3,0.0075,,
0.4625,59,12.9,20.3,0.0075,,
0.4710,60,14.0,20.3,0.0075,,
0.4785,61,15.0,20.3,0.0075,,
0.4870,62,16.0,20.3,0.0085,,
0.4955,63,17.0,20.3,0.0085,,
0.5040,64,18.1,20.3,0.0075,,
0.5125,65,19.2,20.3,0.0075,,
0.5210,66,20.1,20.3,0.0075,,
0.5290,67,20.8,20.3,0.0080,,
0.5370,68,21.7,20.3,0.0080,,
0.5450,69,22.6,20.3,0.0080,,
0.5535,70,23.6,20.3,0.0075,,
0.5620,71,24.5,20.3,0.0075,,
0.5705,72,25.4,20.3,0.0075,,
0.5790,73,26.1,20.3,0.0085,,
0.5865,74,27.0,20.3,0.0075,,
0.5950,75,27.9,20.3,0.0085,,
0.6035,76,28.8,20.3,0.0075,,
0.6120,77,29.8,20.3,0.0075,,
0.6200,78,30.6,20.3,0.0075,,
0.6285,79,31.3,20.3,0.0085,,
0.6360,80,32.3,20.3,0.0075,,
0.6445,81,33.2,20.3,0.0085,,
0.6530,82,34.0,20.3,0.0075,,
0.6615,83,34.8,20.3,0.0075,,
0.6700,84,35.6,20.3,0.0075,,
0.6785,85,36.3,20.3,0.0075,,
0.6860,86,36.9,20.3,0.0075,,
0.6945,87,37.7,20.3,0.0085,,
0.7025,88,38.5,20.3,0.0080,,
0.7110,89,39.3,20.3,0.0075,,
0.7195,90,40.1,20.3,0.0075,,
0.7280,91,40.9,20.3,0.0075,,
0.7355,92,41.6,20.3,0.0075,,
0.7440,93,42.4,20.3,0.0085,,
0.7525,94,43.3,20.3,0.0085,,
0.7610,95,44.1,20.3,0.0075,,
0.7695,96,44.9,20.3,0.0075,,
0.7775,97,45.7,20.3,0.0075,,
0.7855,98,46.4,20.3,0.0080,,
0.7935,99,47.1,20.3,0.0080,,
0.8020,100,48.0,20.3,0.0085,,
0.8105,101,48.7,20.3,0.0075,,
0.8190,102,49.4,20.3,0.0075,,
0.8275,103,50.1,20.3,0.0075,,
0.8350,104,50.8,20.3,0.0075,,
0.8435,105,51.6,20.3,0.0085,,
0.8520,106,52.3,20.3,0.0085,,
0.8605,107,52.9,20.3,0.0075,,
0.8685,108,53.5,20.3,0.0075,,
0.8770,109,54.2,20.3,0.0075,,
0.8845,110,54.8,20.3,0.0075,,
0.8930,111,55.7,20.3,0.0085,,
0.9015,112,56.3,20.3,0.0085,,
0.9100,113,57.0,20.3,0.0075,,
0.9185,114,57.8,20.3,0.0075,,
0.9270,115,58.7,20.3,0.0075,,
0.9345,116,59.4,20.3,0.0075,,
0.9430,117,60.2,20.3,0.0085,,
0.9515,118,61.1,20.3,0.0075,,
0.9595,119,61.7,20.3,0.0075,,
0.9680,120,62.5,20.3,0.0075,,
0.9765,121,63.2,20.3,0.0075,,
0.9840,122,63.9,20.3,0.0075,,
0.9925,123,64.7,20.3,0.0085,,
1.0010,124,65.5,20.3,0.0075,,
1.0095,125,66.3,20.3,0.0075,,
1.0180,126,67.0,20.3,0.0075,,
1.0265,127,67.8,20.3,0.0075,,
1.0340,128,68.7,20.3,0.0075,,
1.0425,129,69.5,20.3,0.0085,,
1.0510,130,70.3,20.3,0.0075,,
1.0590,131,71.2,20.3,0.0075,,
1.0675,132,72.2,20.3,0.0075,,
1.0760,133,72.9,20.3,0.0085,,
1.0835,134,73.6,20.3,0.0075,,
1.0920,135,74.5,20.3,0.0085,,
1.1005,136,75.5,20.3,0.0085,,
1.1090,137,76.4,20.3,0.0075,,
1.1175,138,77.3,20.3,0.0075,,
1.1260,139,78.3,20.3,0.0075,,
1.1335,140,79.3,20.3,0.0075,,
1.1420,141,80.2,20.3,0.0085,,
1.1500,142,81.2,20.3,0.0080,,
1.1585,143,82.2,20.3,0.0075,,
1.1670,144,83.4,20.3,0.0075,,
1.1755,145,84.4,20.3,0.0075,,
1.1830,146,85.3,20.3,0.0075,,
1.1915,147,86.5,20.3,0.0085,,
1.2000,148,87.8,20.3,0.0085,,
1.2085,149,89.0,20.3,0.0075,,
1.2165,150,90.2,20.3,0.0075,,
1.2250,151,91.5,20.3,0.0075,,
1.2325,152,92.7,20.3,0.0075,,
1.2410,153,94.0,20.3,0.0085,,
1.2495,154,95.5,20.3,0.0085,,
1.2580,155,97.0,20.3,0.0075,,
1.2665,156,98.6,20.3,0.0075,,
1.2750,157,100.2,20.3,0.0075,,
1.2830,158,102.0,20.3,0.0075,,
1.2910,159,103.7,20.3,0.0080,,
1.2995,160,105.5,20.3,0.0085,,
1.3075,161,107.5,20.3,0.0075,,
1.3160,162,109.6,20.3,0.0075,,
1.3245,163,111.8,20.3,0.0075,,
1.3330,164,114.1,20.3,0.0075,,
1.3405,165,116.2,20.3,0.0075,,
1.3490,166,118.5,20.3,0.0085,,
1.3575,167,121.0,20.3,0.0075,,
1.3660,168,124.2,20.3,0.0075,,
1.3745,169,127.2,20.3,0.0075,,
1.3825,170,130.2,20.3,0.0075,,
1.3905,171,133.3,20.3,0.0080,,
1.3985,172,137.0,20.3,0.0080,,
1.4070,173,140.5,20.3,0.0085,,
1.4155,174,143.9,20.3,0.0075,,
1.4240,175,147.6,20.3,0.0075,,
1.4325,176,151.0,20.3,0.0085,,
1.4400,177,154.2,20.3,0.0075,,
1.4485,178,157.3,20.3,0.0085,,
1.4570,179,160.6,20.3,0.0075,,
1.4655,180,163.5,20.3,0.0075,,
1.4735,181,165.9,20.3,0.0075,,
1.4820,182,168.1,20.3,0.0085,,
1.4895,183,170.3,20.3,0.0075,,
1.4980,184,172.5,20.3,0.0085,,
1.5065,185,174.3,20.3,0.0075,,
1.5150,186,176.2,20.3,0.0075,,
1.5235,187,178.0,20.3,0.0075,,
1.5320,188,179.6,20.3,0.0085,,
1.5395,189,181.1,20.3,0.0075,,
1.5480,190,182.7,20.3,0.0085,,
1.5565,191,184.3,20.3,0.0075,,
1.5635,192,185.0,20.3,0.0070,,
1.5635,432,188.5,20.3,0.0000,,
1.5640,433,188.6,20.3,0.0005,,
1.5655,434,188.6,20.3,0.0015,,
1.5680,435,188.6,20.3,0.0025,,
1.5720,436,188.7,20.3,0.0035,,
1.5780,437,188.8,20.3,0.0050,,
1.5865,438,189.3,20.3,0.0070,,
1.5940,439,189.9,20.3,0.0070,,
1.6025,440,190.9,20.3,0.0075,,
1.6110,441,192.0,20.3,0.0075,,
1.6195,442,193.0,20.3,0.0070,,
1.6275,443,193.9,20.3,0.0065,,
1.6360,444,194.9,20.3,0.0070,,
1.6435,445,195.7,20.3,0.0070,,
1.6520,446,196.6,20.3,0.0075,,
1.6605,447,197.4,20.3,0.0075,,
1.6690,448,198.2,20.3,0.0070,,
1.6775,449,199.0,20.3,0.0070,,
1.6860,450,199.9,20.3,0.0070,,
1.6935,451,200.6,20.3,0.0070,,
1.7020,452,201.4,20.3,0.0075,,
1.7105,453,202.0,20.3,0.0075,,
1.7185,454,202.7,20.3,0.0065,,
1.7270,455,203.3,20.3,0.0070,,
1.7355,456,204.1,20.3,0.0070,,
1.7430,457,204.7,20.3,0.0070,,
1.7515,458,205.4,20.3,0.0075,,
1.7600,459,205.9,20.3,0.0075,,
1.7685,460,206.4,20.3,0.0070,,
1.7770,461,207.0,20.3,0.0070,,
1.7855,462,207.6,20.3,0.0070,,
1.7930,463,208.2,20.3,0.0070,,
1.8015,464,208.8,20.3,0.0075,,
1.8095,465,209.5,20.3,0.0075,,
1.8180,466,210.0,20.3,0.0070,,
1.8265,467,210.4,20.3,0.0070,,
1.8350,468,210.8,20.3,0.0070,,
1.8435,469,211.2,20.3,0.0070,,
1.8510,470,211.7,20.3,0.0070,,
1.8595,471,212.1,20.3,0.0075,,
1.8680,472,212.6,20.3,0.0075,,
1.8760,473,213.0,20.3,0.0065,,
1.8845,474,213.5,20.3,0.0070,,
1.8930,475,213.9,20.3,0.0070,,
1.9005,476,214.3,20.3,0.0070,,
1.9090,477,214.6,20.3,0.0075,,
1.9175,478,215.2,20.3,0.0075,,
1.9260,479,215.6,20.3,0.0070,,
1.9345,480,216.2,20.3,0.0070,,
1.9430,481,216.6,20.3,0.0070,,
1.9505,482,216.8,20.3,0.0070,,
1.9590,483,217.2,20.3,0.0075,,
1.9670,484,217.4,20.3,0.0075,,
1.9755,485,218.0,20.3,0.0070,,
1.9840,486,218.4,20.3,0.0070,,
1.9925,487,218.9,20.3,0.0070,,
2.0000,488,219.2,20.3,0.0070,,
2.0085,489,219.6,20.3,0.0075,,
2.0170,490,219.8,20.3,0.0070,,
2.0255,491,220.2,20.3,0.0070,,
2.0340,492,220.7,20.3,0.0070,,
2.0425,493,220.9,20.3,0.0075,,
2.0500,494,221.2,20.3,0.0070,,
2.0585,495,221.6,20.3,0.0075,,
2.0665,496,221.8,20.3,0.0065,,
2.0750,497,222.1,20.3,0.0070,,
2.0835,498,222.4,20.3,0.0070,,
2.0920,499,222.8,20.3,0.0075,,
2.0995,500,223.1,20.3,0.0070,,
2.1080,501,223.5,20.3,0.0075,,
2.1165,502,223.8,20.3,0.0075,,
2.1250,503,224.1,20.3,0.0070,,
2.1330,504,224.4,20.3,0.0065,,
2.1415,505,224.6,20.3,0.0070,,
2.1490,506,224.8,20.3,0.0070,,
2.1575,507,225.2,20.3,0.0075,,
2.1660,508,225.5,20.3,0.0075,,
2.1745,509,225.8,20.3,0.0070,,
2.1830,510,226.0,20.3,0.0070,,
2.1915,511,226.3,20.3,0.0070,,
2.1990,512,226.6,20.3,0.0070,,
2.2075,513,226.8,20.3,0.0075,,
2.2160,514,227.1,20.3,0.0075,,
2.2240,515,227.4,20.3,0.0065,,
2.2325,516,227.6,20.3,0.0070,,
2.2410,517,227.8,20.3,0.0070,,
2.2485,518,227.9,20.3,0.0070,,
2.2570,519,228.1,20.3,0.0075,,
2.2655,520,228.3,20.3,0.0075,,
2.2740,521,228.5,20.3,0.0070,,
2.2825,522,228.9,20.3,0.0070,,
2.2910,523,229.1,20.3,0.0070,,
2.2985,524,229.3,20.3,0.0070,,
2.3070,525,229.6,20.3,0.0075,,
2.3150,526,229.8,20.3,0.0075,,
2.3235,527,230.1,20.3,0.0070,,
2.3320,528,230.3,20.3,0.0070,,
2.3405,529,230.5,20.3,0.0070,,
2.3480,530,230.7,20.3,0.0070,,
2.3565,531,230.9,20.3,0.0075,,
2.3650,532,231.2,20.3,0.0075,,
2.3735,533,231.5,20.3,0.0070,,
2.3820,534,231.7,20.3,0.0070,,
2.3900,535,231.9,20.3,0.0065,,
2.3985,536,232.0,20.3,0.0075,,
2.4060,537,232.3,20.3,0.0070,,
2.4145,538,232.4,20.3,0.0075,,
2.4230,539,232.8,20.3,0.0070,,
2.4315,540,233.1,20.3,0.0070,,
2.4400,541,233.3,20.3,0.0070,,
2.4475,542,233.5,20.3,0.0070,,
2.4560,543,233.7,20.3,0.0075,,
2.4645,544,233.8,20.3,0.0075,,
2.4730,545,234.1,20.3,0.0070,,
2.4800,546,234.1,20.3,0.0060,,
2.4880,547,234.3,20.3,0.0065,,
2.4920,548,234.4,20.3,0.0035,,
2.4945,549,234.5,20.3,0.0025,,
2.4965,550,234.5,20.3,0.0020,,
2.4985,551,234.6,20.3,0.0015,,
2.5005,552,234.7,20.3,0.0015,,
2.5015,553,235.0,20.3,0.0010,,
Scope 1/1, Sample 2/4 (Junk2)
Result,TitrationEP1
V,t,E,T,dV/dt,E acc. stat.,Volume acc. stat.
0.0000,0,-57.2,20.3,NaN,,
0.0010,1,-57.3,20.3,0.0010,,
0.0025,2,-57.3,20.3,0.0015,,
0.0050,3,-57.3,20.3,0.0020,,
0.0090,4,-57.3,20.3,0.0035,,
0.0150,5,-57.1,20.3,0.0055,,
0.0235,6,-56.8,20.3,0.0075,,
0.0320,7,-56.4,20.3,0.0075,,
0.0405,8,-55.8,20.3,0.0075,,
0.0490,9,-55.1,20.3,0.0075,,
0.0565,10,-54.4,20.3,0.0070,,
0.0650,11,-53.4,20.3,0.0075,,
0.0735,12,-52.2,20.3,0.0075,,
0.0815,13,-51.2,20.3,0.0075,,
0.0900,14,-49.8,20.3,0.0075,,
0.0985,15,-48.7,20.3,0.0075,,
0.1060,16,-47.7,20.3,0.0070,,
0.1145,17,-46.2,20.3,0.0075,,
0.1230,18,-44.6,20.3,0.0075,,
0.1315,19,-43.0,20.3,0.0075,,
0.1400,20,-41.5,20.3,0.0075,,
0.1485,21,-39.8,20.3,0.0070,,
0.1560,22,-38.3,20.3,0.0070,,
0.1645,23,-36.5,20.3,0.0075,,
0.1725,24,-34.7,20.3,0.0075,,
0.1810,25,-32.9,20.3,0.0075,,
0.1895,26,-31.2,20.3,0.0075,,
0.1980,27,-29.5,20.3,0.0075,,
0.2055,28,-28.1,20.3,0.0070,,
0.2140,29,-26.4,20.3,0.0075,,
0.2225,30,-24.8,20.3,0.0075,,
0.2310,31,-23.1,20.3,0.0075,,
0.2395,32,-21.6,20.3,0.0075,,
0.2475,33,-20.0,20.3,0.0075,,
0.2555,34,-18.6,20.3,0.0075,,
0.2635,35,-17.1,20.3,0.0075,,
0.2720,36,-15.6,20.3,0.0075,,
0.2805,37,-14.2,20.3,0.0075,,
0.2890,38,-12.6,20.3,0.0075,,
0.2975,39,-11.2,20.3,0.0075,,
0.3050,40,-10.0,20.3,0.0070,,
0.3135,41,-8.6,20.3,0.0075,,
0.3220,42,-7.2,20.3,0.0075,,
0.3305,43,-6.1,20.3,0.0075,,
0.3390,44,-4.7,20.3,0.0075,,
0.3470,45,-3.4,20.3,0.0075,,
0.3550,46,-2.1,20.3,0.0075,,
0.3630,47,-0.7,20.3,0.0075,,
0.3715,48,0.4,20.3,0.0075,,
0.3800,49,0.8,20.3,0.0075,,
0.3885,50,2.1,20.3,0.0075,,
0.3970,51,4.0,20.3,0.0075,,
0.4045,52,4.5,20.3,0.0070,,
0.4130,53,5.4,20.3,0.0075,,
0.4215,54,6.4,20.3,0.0075,,
0.4295,55,7.4,20.3,0.0075,,
0.4380,56,8.4,20.3,0.0075,,
0.4465,57,9.7,20.3,0.0075,,
0.4540,58,11.0,20.3,0.0070,,
0.4625,59,12.1,20.3,0.0075,,
0.4710,60,13.3,20.3,0.0075,,
0.4795,61,14.3,20.3,0.0075,,
0.4880,62,15.3,20.3,0.0075,,
0.4965,63,16.3,20.3,0.0070,,
0.5040,64,17.2,20.3,0.0070,,
0.5125,65,18.2,20.3,0.0075,,
0.5210,66,19.2,20.3,0.0075,,
0.5290,67,20.2,20.3,0.0075,,
0.5375,68,21.3,20.3,0.0075,,
0.5460,69,22.2,20.3,0.0070,,
0.5535,70,23.2,20.3,0.0070,,
0.5620,71,24.1,20.3,0.0075,,
0.5705,72,25.0,20.3,0.0075,,
0.5790,73,26.0,20.3,0.0075,,
0.5875,74,27.0,20.3,0.0075,,
0.5960,75,28.0,20.3,0.0075,,
0.6035,76,28.9,20.3,0.0070,,
0.6120,77,29.9,20.3,0.0075,,
0.6200,78,30.8,20.3,0.0075,,
0.6285,79,31.7,20.3,0.0070,,
0.6370,80,32.6,20.3,0.0075,,
0.6455,81,33.5,20.3,0.0075,,
0.6530,82,34.3,20.3,0.0070,,
0.6615,83,35.1,20.3,0.0075,,
0.6700,84,36.0,20.3,0.0075,,
0.6785,85,36.9,20.3,0.0075,,
0.6870,86,37.8,20.3,0.0075,,
0.6950,87,38.5,20.3,0.0065,,
0.7030,88,39.4,20.3,0.0075,,
0.7115,89,40.3,20.3,0.0075,,
0.7195,90,41.0,20.3,0.0075,,
0.7280,91,41.9,20.3,0.0075,,
0.7365,92,42.7,20.3,0.0075,,
0.7450,93,43.6,20.3,0.0075,,
0.7525,94,44.4,20.3,0.0070,,
0.7610,95,45.2,20.3,0.0075,,
0.7695,96,46.1,20.3,0.0075,,
0.7780,97,46.8,20.3,0.0075,,
0.7860,98,47.6,20.3,0.0075,,
0.7945,99,48.4,20.3,0.0075,,
0.8020,100,49.2,20.3,0.0070,,
0.8105,101,49.9,20.3,0.0075,,
0.8190,102,50.7,20.3,0.0075,,
0.8275,103,51.5,20.3,0.0075,,
0.8360,104,52.3,20.3,0.0075,,
0.8445,105,53.0,20.3,0.0075,,
0.8525,106,53.7,20.3,0.0075,,
0.8605,107,54.5,20.3,0.0075,,
0.8690,108,55.2,20.3,0.0075,,
0.8770,109,56.0,20.3,0.0075,,
0.8855,110,56.7,20.3,0.0075,,
0.8940,111,57.5,20.3,0.0075,,
0.9025,112,58.2,20.3,0.0075,,
0.9100,113,59.0,20.3,0.0070,,
0.9185,114,59.7,20.3,0.0075,,
0.9270,115,60.6,20.3,0.0075,,
0.9355,116,61.4,20.3,0.0075,,
0.9440,117,62.4,20.3,0.0075,,
0.9515,118,63.1,20.3,0.0070,,
0.9600,119,63.8,20.3,0.0075,,
0.9680,120,64.5,20.3,0.0075,,
0.9765,121,65.4,20.3,0.0075,,
0.9850,122,66.2,20.3,0.0075,,
0.9935,123,67.0,20.3,0.0075,,
1.0020,124,67.9,20.3,0.0070,,
1.0095,125,68.6,20.3,0.0070,,
1.0180,126,69.5,20.3,0.0075,,
1.0265,127,70.5,20.3,0.0075,,
1.0345,128,71.2,20.3,0.0075,,
1.0430,129,72.2,20.3,0.0075,,
1.0515,130,73.0,20.3,0.0075,,
1.0590,131,73.7,20.3,0.0070,,
1.0675,132,74.7,20.3,0.0075,,
1.0760,133,75.7,20.3,0.0075,,
1.0845,134,76.7,20.3,0.0075,,
1.0930,135,77.8,20.3,0.0075,,
1.1015,136,78.7,20.3,0.0075,,
1.1090,137,79.5,20.3,0.0070,,
1.1175,138,80.4,20.3,0.0075,,
1.1255,139,81.3,20.3,0.0075,,
1.1340,140,82.4,20.3,0.0075,,
1.1425,141,83.4,20.3,0.0075,,
1.1510,142,84.5,20.3,0.0075,,
1.1585,143,85.4,20.3,0.0070,,
1.1670,144,86.7,20.3,0.0075,,
1.1755,145,87.9,20.3,0.0075,,
1.1840,146,89.2,20.3,0.0075,,
1.1920,147,90.4,20.3,0.0075,,
1.2005,148,91.5,20.3,0.0075,,
1.2090,149,92.6,20.3,0.0075,,
1.2165,150,93.9,20.3,0.0070,,
1.2250,151,95.4,20.3,0.0075,,
1.2335,152,96.9,20.3,0.0075,,
1.2420,153,98.4,20.3,0.0075,,
1.2505,154,100.1,20.3,0.0075,,
1.2590,155,101.8,20.3,0.0070,,
1.2665,156,103.4,20.3,0.0070,,
1.2750,157,105.3,20.3,0.0075,,
1.2830,158,107.4,20.3,0.0075,,
1.2915,159,109.3,20.3,0.0075,,
1.3000,160,111.6,20.3,0.0075,,
1.3085,161,113.6,20.3,0.0075,,
1.3160,162,115.9,20.3,0.0070,,
1.3245,163,118.4,20.3,0.0075,,
1.3330,164,120.9,20.3,0.0075,,
1.3415,165,123.6,20.3,0.0075,,
1.3500,166,126.5,20.3,0.0075,,
1.3580,167,130.0,20.3,0.0075,,
1.3660,168,132.7,20.3,0.0075,,
1.3740,169,136.2,20.3,0.0075,,
1.3825,170,139.6,20.3,0.0075,,
1.3910,171,142.7,20.3,0.0075,,
1.3995,172,146.3,20.3,0.0075,,
1.4080,173,149.9,20.3,0.0075,,
1.4155,174,153.6,20.3,0.0070,,
1.4240,175,156.5,20.3,0.0075,,
1.4325,176,159.3,20.3,0.0075,,
1.4410,177,162.1,20.3,0.0075,,
1.4490,178,164.7,20.3,0.0075,,
1.4575,179,167.1,20.3,0.0075,,
1.4655,180,169.5,20.3,0.0075,,
1.4735,181,171.7,20.3,0.0075,,
1.4820,182,173.8,20.3,0.0075,,
1.4905,183,175.8,20.3,0.0075,,
1.4990,184,177.8,20.3,0.0075,,
1.5065,185,179.1,20.3,0.0070,,
1.5150,186,180.8,20.3,0.0075,,
1.5235,187,182.4,20.3,0.0075,,
1.5320,188,184.0,20.3,0.0075,,
1.5415,189,185.2,20.3,0.0075,,
1.5415,429,188.6,20.4,0.0000,,
1.5420,430,188.7,20.4,0.0005,,
1.5435,431,188.8,20.4,0.0010,,
1.5460,432,188.8,20.4,0.0020,,
1.5500,434,188.8,20.4,0.0025,,
1.5560,434,188.9,20.4,0.0120,,
1.5645,436,189.5,20.4,0.0055,,
1.5720,436,190.2,20.4,0.0185,,
1.5805,437,191.3,20.4,0.0060,,
1.5890,438,192.2,20.4,0.0060,,
1.5975,440,193.1,20.4,0.0055,,
1.6060,440,194.1,20.4,0.0170,,
1.6140,442,195.0,20.4,0.0055,,
1.6220,442,195.8,20.4,0.0200,,
1.6300,443,196.7,20.4,0.0055,,
1.6385,444,197.6,20.4,0.0055,,
1.6470,446,198.6,20.4,0.0055,,
1.6555,446,199.1,20.4,0.0170,,
1.6640,448,199.9,20.4,0.0055,,
1.6715,448,200.7,20.4,0.0185,,
1.6800,449,201.3,20.4,0.0060,,
1.6885,450,202.2,20.4,0.0060,,
1.6970,452,202.9,20.4,0.0055,,
1.7050,452,203.6,20.4,0.0160,,
1.7135,454,204.3,20.4,0.0055,,
1.7210,454,204.9,20.4,0.0185,,
1.7295,455,205.5,20.4,0.0060,,
1.7380,456,206.1,20.4,0.0060,,
1.7465,458,206.6,20.4,0.0055,,
1.7550,458,207.1,20.4,0.0170,,
1.7635,460,207.6,20.4,0.0055,,
1.7710,460,208.2,20.4,0.0185,,
1.7795,461,208.7,20.4,0.0060,,
1.7875,462,209.2,20.4,0.0055,,
1.7960,464,209.7,20.4,0.0055,,
1.8045,464,210.2,20.4,0.0170,,
1.8130,466,210.8,20.4,0.0055,,
1.8205,466,211.1,20.4,0.0185,,
1.8290,467,211.7,20.4,0.0060,,
1.8375,468,212.1,20.4,0.0060,,
1.8460,470,212.5,20.4,0.0055,,
1.8545,470,213.0,20.4,0.0170,,
1.8625,472,213.5,20.4,0.0055,,
1.8705,472,213.9,20.4,0.0200,,
1.8785,473,214.4,20.4,0.0055,,
1.8870,474,214.9,20.4,0.0060,,
1.8955,476,215.3,20.4,0.0055,,
1.9040,476,215.8,20.4,0.0170,,
1.9125,478,216.2,20.4,0.0055,,
1.9200,478,216.5,20.4,0.0185,,
1.9285,479,216.8,20.4,0.0060,,
1.9370,480,217.2,20.4,0.0060,,
1.9455,482,217.7,20.4,0.0055,,
1.9535,482,218.0,20.4,0.0160,,
1.9620,484,218.4,20.4,0.0055,,
1.9705,484,218.6,20.4,0.0210,,
1.9780,485,219.0,20.4,0.0055,,
1.9865,486,219.4,20.4,0.0060,,
1.9950,488,219.7,20.4,0.0055,,
2.0035,488,220.1,20.4,0.0170,,
2.0120,490,220.5,20.4,0.0055,,
2.0200,490,220.8,20.4,0.0160,,
2.0280,491,221.1,20.4,0.0055,,
2.0365,492,221.4,20.4,0.0060,,
2.0445,494,221.7,20.4,0.0055,,
2.0530,494,222.0,20.4,0.0170,,
2.0615,496,222.3,20.4,0.0055,,
2.0700,496,222.7,20.4,0.0170,,
2.0775,497,222.9,20.4,0.0055,,
2.0860,498,223.3,20.4,0.0060,,
2.0945,500,223.7,20.4,0.0055,,
2.1030,500,224.1,20.4,0.0170,,
2.1115,502,224.4,20.4,0.0055,,
2.1195,502,224.7,20.4,0.0200,,
2.1275,503,224.9,20.4,0.0055,,
2.1355,504,225.3,20.4,0.0055,,
2.1440,506,225.4,20.4,0.0055,,
2.1525,506,225.8,20.4,0.0170,,
2.1610,508,226.1,20.4,0.0055,,
2.1695,508,226.4,20.4,0.0210,,
2.1770,509,226.6,20.4,0.0055,,
2.1855,510,226.9,20.4,0.0060,,
2.1940,512,227.1,20.4,0.0055,,
2.2025,512,227.4,20.4,0.0170,,
2.2105,514,227.6,20.4,0.0055,,
2.2190,514,227.9,20.4,0.0210,,
2.2265,515,228.2,20.4,0.0055,,
2.2350,516,228.4,20.4,0.0060,,
2.2435,518,228.6,20.4,0.0055,,
2.2520,518,228.9,20.4,0.0170,,
2.2605,520,229.1,20.4,0.0055,,
2.2690,520,229.4,20.4,0.0170,,
2.2765,521,229.5,20.4,0.0055,,
2.2850,522,229.8,20.4,0.0060,,
2.2930,523,230.0,20.4,0.0055,,
2.3015,524,230.3,20.4,0.0055,,
2.3100,526,230.6,20.4,0.0055,,
2.3185,526,230.8,20.4,0.0170,,
2.3260,527,231.0,20.4,0.0055,,
2.3345,528,231.2,20.4,0.0060,,
2.3430,529,231.5,20.4,0.0060,,
2.3515,530,231.6,20.4,0.0055,,
2.3600,532,231.8,20.4,0.0055,,
2.3680,532,232.1,20.4,0.0160,,
2.3760,533,232.2,20.4,0.0055,,
2.3840,534,232.3,20.4,0.0055,,
2.3925,535,232.6,20.4,0.0060,,
2.4010,536,232.9,20.4,0.0055,,
2.4095,538,233.1,20.4,0.0055,,
2.4180,538,233.3,20.4,0.0170,,
2.4265,539,233.3,20.4,0.0060,,
2.4340,540,233.5,20.4,0.0055,,
2.4420,541,233.9,20.4,0.0055,,
2.4505,542,234.1,20.4,0.0055,,
2.4580,544,234.3,20.4,0.0050,,
2.4635,544,234.5,20.4,0.0110,,
2.4685,545,234.6,20.4,0.0035,,
2.4710,546,234.7,20.4,0.0020,,
2.4730,547,234.8,20.4,0.0015,,
2.4730,548,234.9,20.4,0.0000,,
2.4735,550,235.0,20.4,0.0005,,
2.4750,550,234.9,20.4,0.0030,,
2.4775,551,235.0,20.4,0.0020,,
2.4805,553,235.1,20.4,0.0020,,
Scope 1/1, Sample 3/4 (Junk3)
Result,TitrationEP1
V,t,E,T,dV/dt,E acc. stat.,Volume acc. stat.
0.0000,0,-56.4,20.3,NaN,,
0.0005,1,-56.3,20.3,0.0005,,
0.0025,2,-56.4,20.3,0.0020,,
0.0050,3,-56.4,20.3,0.0025,,
0.0085,4,-56.4,20.3,0.0030,,
0.0150,5,-56.2,20.3,0.0060,,
0.0230,6,-56.0,20.3,0.0075,,
0.0305,7,-55.6,20.3,0.0075,,
0.0390,8,-55.0,20.3,0.0085,,
0.0475,9,-54.2,20.3,0.0085,,
0.0560,10,-53.5,20.3,0.0075,,
0.0645,11,-52.5,20.3,0.0075,,
0.0730,12,-51.5,20.3,0.0075,,
0.0810,13,-50.3,20.3,0.0080,,
0.0890,14,-49.0,20.3,0.0080,,
0.0970,15,-48.0,20.3,0.0080,,
0.1055,16,-46.7,20.3,0.0075,,
0.1140,17,-45.2,20.3,0.0075,,
0.1225,18,-43.7,20.3,0.0075,,
0.1310,19,-42.2,20.3,0.0075,,
0.1385,20,-40.7,20.3,0.0075,,
0.1470,21,-39.0,20.3,0.0085,,
0.1555,22,-37.2,20.3,0.0075,,
0.1640,23,-35.4,20.3,0.0075,,
0.1720,24,-33.5,20.3,0.0075,,
0.1805,25,-31.7,20.3,0.0075,,
0.1880,26,-30.0,20.3,0.0075,,
0.1965,27,-28.1,20.3,0.0085,,
0.2050,28,-26.4,20.3,0.0075,,
0.2135,29,-24.6,20.3,0.0075,,
0.2220,30,-23.0,20.3,0.0075,,
0.2305,31,-21.4,20.3,0.0075,,
0.2380,32,-20.0,20.3,0.0075,,
0.2465,33,-18.6,20.3,0.0085,,
0.2550,34,-17.1,20.3,0.0075,,
0.2630,35,-15.6,20.3,0.0075,,
0.2715,36,-14.3,20.3,0.0075,,
0.2800,37,-13.0,20.3,0.0085,,
0.2875,38,-11.7,20.3,0.0075,,
0.2960,39,-10.2,20.3,0.0085,,
0.3045,40,-8.9,20.3,0.0075,,
0.3130,41,-7.7,20.3,0.0075,,
0.3215,42,-6.4,20.3,0.0075,,
0.3300,43,-5.2,20.3,0.0075,,
0.3375,44,-3.9,20.3,0.0075,,
0.3460,45,-2.6,20.3,0.0085,,
0.3540,46,-1.4,20.3,0.0075,,
0.3625,47,0.0,20.3,0.0075,,
0.3710,48,0.6,20.3,0.0075,,
0.3795,49,1.5,20.3,0.0075,,
0.3870,50,3.4,20.3,0.0075,,
0.3955,51,4.1,20.3,0.0085,,
0.4040,52,5.2,20.3,0.0075,,
0.4125,53,6.1,20.3,0.0075,,
0.4210,54,7.0,20.3,0.0075,,
0.4290,55,7.8,20.3,0.0075,,
0.4370,56,8.9,20.3,0.0080,,
0.4450,57,10.5,20.3,0.0080,,
0.4535,58,11.7,20.3,0.0085,,
0.4620,59,12.9,20.3,0.0075,,
0.4705,60,13.9,20.3,0.0075,,
0.4790,61,14.9,20.3,0.0075,,
0.4875,62,16.0,20.3,0.0075,,
0.4950,63,16.9,20.3,0.0075,,
0.5035,64,17.8,20.3,0.0085,,
0.5115,65,18.8,20.3,0.0075,,
0.5200,66,19.8,20.3,0.0075,,
0.5285,67,20.7,20.3,0.0075,,
0.5370,68,21.5,20.3,0.0075,,
0.5445,69,22.4,20.3,0.0075,,
0.5530,70,23.4,20.3,0.0085,,
0.5615,71,24.4,20.3,0.0075,,
0.5700,72,25.4,20.3,0.0075,,
0.5785,73,26.4,20.3,0.0075,,
0.5865,74,27.2,20.3,0.0075,,
0.5945,75,28.1,20.3,0.0080,,
0.6025,76,29.1,20.3,0.0080,,
0.6110,77,30.1,20.3,0.0075,,
0.6195,78,31.0,20.3,0.0075,,
0.6280,79,31.9,20.3,0.0075,,
0.6365,80,32.8,20.3,0.0085,,
0.6440,81,33.6,20.3,0.0075,,
0.6525,82,34.5,20.3,0.0085,,
0.6610,83,35.5,20.3,0.0075,,
0.6695,84,36.2,20.3,0.0075,,
0.6775,85,37.1,20.3,0.0075,,
0.6860,86,37.9,20.3,0.0085,,
0.6935,87,38.7,20.3,0.0075,,
0.7020,88,39.5,20.3,0.0085,,
0.7105,89,40.2,20.3,0.0075,,
0.7190,90,41.1,20.3,0.0075,,
0.7275,91,41.9,20.3,0.0075,,
0.7360,92,42.7,20.3,0.0085,,
0.7435,93,43.6,20.3,0.0075,,
0.7520,94,44.6,20.3,0.0085,,
0.7605,95,45.5,20.3,0.0075,,
0.7690,96,46.2,20.3,0.0075,,
0.7775,97,46.8,20.3,0.0075,,
0.7850,98,47.6,20.3,0.0075,,
0.7935,99,48.4,20.3,0.0085,,
0.8015,100,49.3,20.3,0.0080,,
0.8100,101,50.1,20.3,0.0075,,
0.8185,102,50.9,20.3,0.0075,,
0.8270,103,51.8,20.3,0.0075,,
0.8355,104,52.5,20.3,0.0085,,
0.8430,105,53.4,20.3,0.0075,,
0.8515,106,54.0,20.3,0.0085,,
0.8600,107,54.7,20.3,0.0075,,
0.8680,108,55.5,20.3,0.0075,,
0.8765,109,56.3,20.3,0.0075,,
0.8850,110,57.0,20.3,0.0075,,
0.8925,111,57.6,20.3,0.0075,,
0.9010,112,58.4,20.3,0.0085,,
0.9095,113,59.3,20.3,0.0075,,
0.9180,114,60.0,20.3,0.0075,,
0.9265,115,60.8,20.3,0.0075,,
0.9345,116,61.7,20.3,0.0075,,
0.9425,117,62.4,20.3,0.0080,,
0.9505,118,63.2,20.3,0.0080,,
0.9590,119,64.0,20.3,0.0075,,
0.9675,120,64.9,20.3,0.0075,,
0.9760,121,65.6,20.3,0.0075,,
0.9845,122,66.3,20.3,0.0075,,
0.9920,123,67.0,20.3,0.0075,,
1.0005,124,67.7,20.3,0.0085,,
1.0090,125,68.6,20.3,0.0075,,
1.0175,126,69.6,20.3,0.0075,,
1.0255,127,70.4,20.3,0.0075,,
1.0340,128,71.4,20.3,0.0075,,
1.0415,129,72.2,20.3,0.0075,,
1.0500,130,73.0,20.3,0.0085,,
1.0585,131,73.9,20.3,0.0085,,
1.0670,132,74.7,20.3,0.0075,,
1.0755,133,75.7,20.3,0.0075,,
1.0840,134,76.7,20.3,0.0075,,
1.0925,135,77.7,20.3,0.0085,,
1.1000,136,78.8,20.3,0.0075,,
1.1085,137,79.7,20.3,0.0085,,
1.1165,138,80.6,20.3,0.0075,,
1.1250,139,81.5,20.3,0.0075,,
1.1335,140,82.6,20.3,0.0075,,
1.1410,141,83.5,20.3,0.0075,,
1.1495,142,84.5,20.3,0.0085,,
1.1580,143,85.6,20.3,0.0085,,
1.1665,144,86.7,20.3,0.0075,,
1.1750,145,87.8,20.3,0.0075,,
1.1830,146,89.0,20.3,0.0075,,
1.1915,147,90.1,20.3,0.0075,,
1.1990,148,91.2,20.3,0.0075,,
1.2075,149,92.6,20.3,0.0085,,
1.2160,150,93.9,20.3,0.0075,,
1.2245,151,95.3,20.3,0.0075,,
1.2330,152,96.8,20.3,0.0075,,
1.2415,153,98.3,20.3,0.0075,,
1.2490,154,99.8,20.3,0.0075,,
1.2575,155,101.7,20.3,0.0085,,
1.2660,156,103.5,20.3,0.0075,,
1.2740,157,105.5,20.3,0.0075,,
1.2825,158,107.5,20.3,0.0075,,
1.2910,159,109.6,20.3,0.0075,,
1.2985,160,111.3,20.3,0.0075,,
1.3070,161,113.3,20.3,0.0085,,
1.3155,162,115.5,20.3,0.0075,,
1.3240,163,117.7,20.3,0.0075,,
1.3325,164,120.4,20.3,0.0075,,
1.3410,165,123.6,20.3,0.0075,,
1.3485,166,126.0,20.3,0.0075,,
1.3570,167,129.0,20.3,0.0085,,
1.3650,168,132.2,20.3,0.0075,,
1.3735,169,135.7,20.3,0.0075,,
1.3820,170,139.4,20.4,0.0075,,
1.3905,171,143.0,20.4,0.0075,,
1.3980,172,146.4,20.3,0.0075,,
1.4065,173,149.9,20.4,0.0085,,
1.4150,174,153.1,20.3,0.0075,,
1.4235,175,156.1,20.3,0.0075,,
1.4320,176,159.0,20.4,0.0075,,
1.4400,177,161.9,20.3,0.0075,,
1.4480,178,164.6,20.3,0.0080,,
1.4560,179,167.2,20.4,0.0080,,
1.4645,180,169.5,20.3,0.0085,,
1.4730,181,171.8,20.4,0.0075,,
1.4815,182,173.8,20.3,0.0075,,
1.4900,183,175.8,20.3,0.0075,,
1.4985,184,177.4,20.4,0.0085,,
1.5060,185,179.2,20.4,0.0075,,
1.5145,186,180.8,20.4,0.0085,,
1.5230,187,182.2,20.4,0.0075,,
1.5310,188,183.5,20.4,0.0075,,
1.5395,189,184.7,20.4,0.0075,,
1.5440,190,185.1,20.4,0.0075,,
1.5440,430,188.9,20.4,0.0000,,
1.5445,431,189.0,20.4,0.0010,,
1.5460,432,189.0,20.4,0.0025,,
1.5485,433,189.0,20.4,0.0040,,
1.5525,434,189.0,20.4,0.0055,,
1.5585,435,189.3,20.4,0.0085,,
1.5670,436,189.7,20.4,0.0120,,
1.5745,437,190.5,20.4,0.0125,,
1.5830,438,191.3,20.4,0.0140,,
1.5915,439,192.3,20.4,0.0140,,
1.6000,440,193.3,20.4,0.0120,,
1.6080,441,194.1,20.4,0.0115,,
1.6165,442,195.1,20.4,0.0120,,
1.6240,443,195.9,20.4,0.0125,,
1.6325,444,196.9,20.4,0.0140,,
1.6410,445,197.7,20.4,0.0140,,
1.6495,446,198.5,20.4,0.0120,,
1.6580,447,199.4,20.4,0.0120,,
1.6665,448,200.1,20.4,0.0120,,
1.6740,449,200.7,20.4,0.0125,,
1.6825,450,201.4,20.4,0.0140,,
1.6910,451,202.3,20.4,0.0140,,
1.6990,452,202.9,20.4,0.0115,,
1.7075,453,203.6,20.4,0.0120,,
1.7160,454,204.2,20.4,0.0120,,
1.7235,455,204.8,20.4,0.0125,,
1.7320,456,205.2,20.4,0.0140,,
1.7405,457,205.9,20.4,0.0140,,
1.7490,458,206.4,20.4,0.0120,,
1.7575,459,207.0,20.4,0.0120,,
1.7660,460,207.6,20.4,0.0120,,
1.7735,461,208.1,20.4,0.0125,,
1.7820,462,208.5,20.4,0.0140,,
1.7900,463,209.2,20.4,0.0135,,
1.7985,464,209.6,20.4,0.0120,,
1.8070,465,210.1,20.4,0.0120,,
1.8155,466,210.8,20.4,0.0120,,
1.8230,467,211.2,20.4,0.0125,,
1.8315,468,211.6,20.4,0.0140,,
1.8400,469,212.1,20.4,0.0140,,
1.8485,470,212.6,20.4,0.0120,,
1.8565,471,213.0,20.4,0.0115,,
1.8650,472,213.5,20.4,0.0120,,
1.8735,473,213.9,20.4,0.0120,,
1.8810,474,214.3,20.4,0.0125,,
1.8895,475,214.7,20.4,0.0140,,
1.8980,476,215.1,20.4,0.0120,,
1.9065,477,215.6,20.4,0.0120,,
1.9150,478,216.1,20.4,0.0120,,
1.9235,479,216.4,20.4,0.0140,,
1.9310,480,216.9,20.4,0.0125,,
1.9395,481,217.3,20.4,0.0140,,
1.9480,482,217.7,20.4,0.0120,,
1.9560,483,218.1,20.4,0.0115,,
1.9645,484,218.5,20.4,0.0120,,
1.9730,485,218.8,20.4,0.0120,,
1.9805,486,218.9,20.4,0.0125,,
1.9890,487,219.3,20.4,0.0140,,
1.9975,488,219.6,20.4,0.0140,,
2.0060,489,220.0,20.4,0.0120,,
2.0145,490,220.3,20.4,0.0120,,
2.0225,491,220.8,20.4,0.0115,,
2.0305,492,221.0,20.4,0.0135,,
2.0385,493,221.4,20.4,0.0135,,
2.0470,494,221.6,20.4,0.0140,,
2.0555,495,222.1,20.4,0.0120,,
2.0640,496,222.3,20.4,0.0120,,
2.0725,497,222.6,20.4,0.0120,,
2.0800,498,222.9,20.4,0.0125,,
2.0885,499,223.2,20.4,0.0140,,
2.0970,500,223.5,20.4,0.0140,,
2.1055,501,223.9,20.4,0.0120,,
2.1135,502,224.2,20.4,0.0115,,
2.1220,503,224.5,20.4,0.0120,,
2.1305,504,224.6,20.4,0.0140,,
2.1380,505,224.9,20.4,0.0125,,
2.1465,506,225.2,20.4,0.0140,,
2.1550,507,225.5,20.4,0.0120,,
2.1635,508,225.7,20.4,0.0120,,
2.1720,509,226.0,20.4,0.0120,,
2.1800,510,226.2,20.4,0.0135,,
2.1880,511,226.6,20.4,0.0135,,
2.1965,512,226.8,20.4,0.0140,,
2.2045,513,227.1,20.4,0.0115,,
2.2130,514,227.4,20.4,0.0120,,
2.2215,515,227.9,20.4,0.0120,,
2.2290,516,228.1,20.4,0.0125,,
2.2375,517,228.4,20.4,0.0140,,
2.2460,518,228.5,20.4,0.0140,,
2.2545,519,228.7,20.4,0.0120,,
2.2630,520,229.0,20.4,0.0120,,
2.2715,521,229.2,20.4,0.0120,,
2.2790,522,229.4,20.4,0.0125,,
2.2875,523,229.7,20.4,0.0140,,
2.2955,524,230.0,20.4,0.0135,,
2.3040,525,230.2,20.4,0.0120,,
2.3125,526,230.5,20.4,0.0120,,
2.3210,527,230.7,20.4,0.0120,,
2.3295,528,230.9,20.4,0.0120,,
2.3370,529,231.1,20.4,0.0125,,
2.3455,530,231.3,20.4,0.0140,,
2.3540,531,231.5,20.4,0.0140,,
2.3620,532,231.7,20.4,0.0115,,
2.3705,533,232.0,20.4,0.0120,,
2.3790,534,232.2,20.4,0.0120,,
2.3865,535,232.3,20.4,0.0125,,
2.3950,536,232.6,20.4,0.0140,,
2.4035,537,232.8,20.4,0.0140,,
2.4120,538,233.0,20.4,0.0120,,
2.4205,539,233.0,20.4,0.0120,,
2.4285,540,233.3,20.4,0.0115,,
2.4365,541,233.4,20.4,0.0135,,
2.4445,542,233.6,20.4,0.0135,,
2.4530,543,233.9,20.4,0.0140,,
2.4615,544,234.0,20.4,0.0120,,
2.4685,545,234.3,20.4,0.0100,,
2.4715,546,234.5,20.4,0.0045,,
2.4720,547,234.6,20.4,0.0010,,
2.4725,548,234.6,20.4,0.0010,,
2.4735,549,234.7,20.4,0.0015,,
2.4750,550,234.8,20.4,0.0020,,
2.4770,551,234.8,20.4,0.0030,,
2.4795,552,234.9,20.4,0.0035,,
2.4830,553,234.9,20.4,0.0060,,
2.4875,554,234.9,20.4,0.0075,,
2.4935,555,235.0,20.4,0.0085,,
Scope 1/1, Sample 4/4 (CRM)
Result,TitrationEP1
V,t,E,T,dV/dt,E acc. stat.,Volume acc. stat.
0.0000,0,-64.1,19.6,NaN,,
0.0010,1,-63.9,19.6,0.0010,,
0.0025,2,-63.9,19.6,0.0015,,
0.0050,3,-63.9,19.6,0.0020,,
0.0085,4,-63.8,19.6,0.0030,,
0.0150,5,-63.8,19.6,0.0060,,
0.0230,6,-63.4,19.6,0.0075,,
0.0315,7,-62.8,19.6,0.0075,,
0.0400,8,-62.0,19.6,0.0075,,
0.0485,9,-60.8,19.6,0.0075,,
0.0560,10,-59.6,19.6,0.0070,,
0.0645,11,-58.3,19.7,0.0075,,
0.0730,12,-56.9,19.7,0.0075,,
0.0810,13,-55.4,19.7,0.0075,,
0.0895,14,-53.9,19.7,0.0075,,
0.0980,15,-52.0,19.7,0.0075,,
0.1055,16,-50.2,19.7,0.0070,,
0.1140,17,-48.1,19.7,0.0075,,
0.1225,18,-46.2,19.7,0.0075,,
0.1310,19,-44.0,19.7,0.0075,,
0.1395,20,-41.6,19.7,0.0075,,
0.1480,21,-39.3,19.7,0.0075,,
0.1555,22,-37.1,19.7,0.0070,,
0.1640,23,-34.5,19.7,0.0075,,
0.1720,24,-31.8,19.7,0.0075,,
0.1805,25,-29.2,19.7,0.0075,,
0.1890,26,-26.5,19.7,0.0075,,
0.1975,27,-23.7,19.7,0.0075,,
0.2050,28,-21.4,19.7,0.0070,,
0.2135,29,-18.9,19.7,0.0075,,
0.2220,30,-16.4,19.7,0.0075,,
0.2305,31,-14.2,19.7,0.0075,,
0.2390,32,-12.4,19.7,0.0075,,
0.2470,33,-10.9,19.7,0.0075,,
0.2550,34,-9.4,19.7,0.0075,,
0.2630,35,-7.8,19.7,0.0075,,
0.2715,36,-6.5,19.7,0.0075,,
0.2800,37,-5.1,19.7,0.0075,,
0.2885,38,-3.5,19.7,0.0075,,
0.2970,39,-1.9,19.7,0.0075,,
0.3045,40,-0.7,19.7,0.0070,,
0.3130,41,0.0,19.7,0.0075,,
0.3215,42,1.1,19.7,0.0075,,
0.3300,43,2.8,19.7,0.0075,,
0.3380,44,3.4,19.7,0.0075,,
0.3465,45,4.8,19.7,0.0075,,
0.3550,46,5.5,19.7,0.0075,,
0.3625,47,6.4,19.7,0.0070,,
0.3710,48,7.3,19.7,0.0075,,
0.3795,49,8.6,19.7,0.0075,,
0.3880,50,9.8,19.7,0.0075,,
0.3965,51,10.9,19.7,0.0075,,
0.4050,52,11.9,19.7,0.0075,,
0.4125,53,12.9,19.7,0.0070,,
0.4210,54,14.0,19.7,0.0075,,
0.4290,55,14.9,19.7,0.0075,,
0.4375,56,15.9,19.7,0.0075,,
0.4460,57,16.8,19.7,0.0075,,
0.4545,58,17.7,19.7,0.0075,,
0.4620,59,18.6,19.7,0.0070,,
0.4705,60,19.5,19.7,0.0075,,
0.4790,61,20.4,19.7,0.0075,,
0.4875,62,21.3,19.7,0.0075,,
0.4960,63,22.2,19.7,0.0075,,
0.5040,64,23.0,19.7,0.0075,,
0.5120,65,23.8,19.7,0.0075,,
0.5200,66,24.6,19.7,0.0075,,
0.5285,67,25.4,19.7,0.0075,,
0.5370,68,26.2,19.7,0.0075,,
0.5455,69,27.0,19.7,0.0075,,
0.5540,70,27.9,19.7,0.0075,,
0.5615,71,28.7,19.7,0.0070,,
0.5700,72,29.5,19.7,0.0075,,
0.5785,73,30.4,19.7,0.0075,,
0.5865,74,31.2,19.7,0.0075,,
0.5950,75,32.0,19.7,0.0075,,
0.6035,76,32.8,19.7,0.0075,,
0.6110,77,33.5,19.7,0.0070,,
0.6195,78,34.3,19.7,0.0075,,
0.6280,79,35.1,19.7,0.0075,,
0.6365,80,35.8,19.7,0.0075,,
0.6450,81,36.6,19.7,0.0075,,
0.6530,82,37.6,19.7,0.0075,,
0.6615,83,38.3,19.7,0.0075,,
0.6690,84,39.1,19.7,0.0070,,
0.6775,85,39.9,19.7,0.0075,,
0.6860,86,40.7,19.7,0.0075,,
0.6945,87,41.6,19.7,0.0075,,
0.7030,88,42.4,19.7,0.0075,,
0.7115,89,43.1,19.7,0.0070,,
0.7190,90,43.9,19.7,0.0070,,
0.7275,91,44.7,19.7,0.0075,,
0.7360,92,45.6,19.7,0.0075,,
0.7440,93,46.5,19.7,0.0075,,
0.7525,94,47.3,19.7,0.0075,,
0.7610,95,48.0,19.7,0.0075,,
0.7685,96,48.7,19.7,0.0070,,
0.7770,97,49.6,19.7,0.0075,,
0.7855,98,50.5,19.7,0.0075,,
0.7940,99,51.4,19.7,0.0075,,
0.8025,100,52.2,19.7,0.0075,,
0.8110,101,52.9,19.7,0.0075,,
0.8185,102,53.7,19.7,0.0070,,
0.8270,103,54.5,19.7,0.0075,,
0.8350,104,55.4,19.7,0.0075,,
0.8435,105,56.2,19.7,0.0075,,
0.8520,106,57.0,19.7,0.0075,,
0.8605,107,57.9,19.7,0.0070,,
0.8680,108,58.6,19.7,0.0070,,
0.8765,109,59.4,19.7,0.0075,,
0.8850,110,60.2,19.7,0.0075,,
0.8935,111,61.0,19.7,0.0075,,
0.9020,112,61.9,19.7,0.0075,,
0.9100,113,62.7,19.7,0.0075,,
0.9180,114,63.5,19.7,0.0075,,
0.9260,115,64.4,19.7,0.0075,,
0.9345,116,65.2,19.7,0.0075,,
0.9430,117,66.0,19.7,0.0075,,
0.9515,118,66.9,19.7,0.0075,,
0.9600,119,67.7,19.7,0.0070,,
0.9675,120,68.7,19.7,0.0070,,
0.9760,121,69.9,19.7,0.0075,,
0.9845,122,70.7,19.7,0.0075,,
0.9930,123,71.5,19.7,0.0075,,
1.0010,124,72.5,19.7,0.0075,,
1.0095,125,73.4,19.7,0.0075,,
1.0180,126,74.3,19.7,0.0075,,
1.0255,127,75.3,19.7,0.0070,,
1.0340,128,76.5,19.7,0.0075,,
1.0425,129,77.7,19.7,0.0075,,
1.0510,130,78.9,19.7,0.0075,,
1.0595,131,80.0,19.7,0.0075,,
1.0675,132,81.1,19.7,0.0075,,
1.0755,133,82.1,19.7,0.0075,,
1.0840,134,83.2,19.7,0.0075,,
1.0920,135,84.5,19.7,0.0075,,
1.1005,136,85.5,19.7,0.0075,,
1.1090,137,86.7,19.7,0.0075,,
1.1165,138,87.9,19.7,0.0070,,
1.1250,139,89.3,19.7,0.0075,,
1.1335,140,90.6,19.7,0.0075,,
1.1420,141,92.0,19.7,0.0075,,
1.1505,142,93.6,19.7,0.0075,,
1.1590,143,95.0,19.7,0.0075,,
1.1670,144,96.6,19.7,0.0075,,
1.1750,145,98.3,19.7,0.0075,,
1.1830,146,100.1,19.7,0.0075,,
1.1915,147,102.1,19.7,0.0075,,
1.2000,148,104.0,19.7,0.0075,,
1.2085,149,106.1,19.7,0.0075,,
1.2170,150,108.0,19.7,0.0075,,
1.2245,151,110.4,19.7,0.0070,,
1.2330,152,113.0,19.7,0.0075,,
1.2415,153,115.7,19.7,0.0075,,
1.2500,154,118.5,19.7,0.0075,,
1.2580,155,121.3,19.7,0.0075,,
1.2665,156,124.2,19.7,0.0075,,
1.2740,157,127.8,19.7,0.0070,,
1.2825,158,131.3,19.7,0.0075,,
1.2910,159,134.4,19.7,0.0075,,
1.2995,160,138.0,19.7,0.0075,,
1.3080,161,141.7,19.7,0.0075,,
1.3165,162,145.6,19.7,0.0070,,
1.3240,163,149.4,19.7,0.0070,,
1.3325,164,152.7,19.7,0.0075,,
1.3405,165,156.1,19.7,0.0075,,
1.3490,166,159.2,19.7,0.0075,,
1.3575,167,162.1,19.8,0.0075,,
1.3660,168,164.8,19.8,0.0075,,
1.3735,169,166.8,19.7,0.0070,,
1.3820,170,169.0,19.8,0.0075,,
1.3905,171,171.3,19.8,0.0075,,
1.3990,172,173.5,19.8,0.0075,,
1.4075,173,175.5,19.8,0.0075,,
1.4155,174,177.1,19.8,0.0075,,
1.4235,175,178.6,19.8,0.0075,,
1.4315,176,180.2,19.8,0.0075,,
1.4400,177,182.0,19.8,0.0075,,
1.4485,178,183.5,19.8,0.0075,,
1.4570,179,184.9,19.8,0.0075,,
1.4600,180,185.1,19.8,0.0060,,
1.4600,420,188.5,19.9,0.0000,,
1.4605,421,188.5,19.9,0.0010,,
1.4620,422,188.5,19.9,0.0025,,
1.4645,423,188.4,19.9,0.0040,,
1.4685,424,188.4,19.9,0.0055,,
1.4745,425,188.6,19.9,0.0085,,
1.4830,426,189.2,19.9,0.0120,,
1.4905,427,189.9,19.9,0.0125,,
1.4990,428,190.8,19.9,0.0140,,
1.5075,429,191.8,19.9,0.0140,,
1.5160,430,192.7,19.9,0.0120,,
1.5240,431,193.7,19.9,0.0115,,
1.5325,432,194.7,19.9,0.0120,,
1.5400,433,195.5,19.9,0.0125,,
1.5485,434,196.2,19.9,0.0140,,
1.5570,435,197.2,19.9,0.0140,,
1.5655,436,198.2,19.9,0.0120,,
1.5740,437,199.1,19.9,0.0120,,
1.5825,438,199.9,19.9,0.0120,,
1.5900,439,200.5,19.9,0.0125,,
1.5985,440,201.2,19.9,0.0140,,
1.6070,441,201.9,19.9,0.0120,,
1.6155,442,202.6,19.9,0.0120,,
1.6235,443,203.3,19.9,0.0115,,
1.6320,444,203.8,19.9,0.0120,,
1.6395,445,204.3,19.9,0.0125,,
1.6480,446,204.9,19.9,0.0140,,
1.6565,447,205.6,19.9,0.0140,,
1.6650,448,206.0,19.9,0.0120,,
1.6735,449,206.6,19.9,0.0120,,
1.6820,450,207.3,19.9,0.0120,,
1.6895,451,207.8,19.9,0.0125,,
1.6980,452,208.4,19.9,0.0140,,
1.7060,453,208.8,19.9,0.0135,,
1.7145,454,209.3,19.9,0.0120,,
1.7230,455,209.8,19.9,0.0120,,
1.7315,456,210.3,19.9,0.0120,,
1.7390,457,210.7,19.9,0.0125,,
1.7475,458,211.3,19.9,0.0140,,
1.7560,459,211.7,19.9,0.0140,,
1.7645,460,212.1,19.9,0.0120,,
1.7730,461,212.7,19.9,0.0120,,
1.7815,462,213.2,19.9,0.0120,,
1.7890,463,213.5,19.9,0.0125,,
1.7975,464,213.9,19.9,0.0140,,
1.8055,465,214.3,19.9,0.0135,,
1.8140,466,214.8,19.9,0.0120,,
1.8225,467,215.3,19.9,0.0120,,
1.8310,468,215.7,19.9,0.0120,,
1.8395,469,216.1,19.9,0.0140,,
1.8470,470,216.5,19.9,0.0125,,
1.8555,471,216.8,19.9,0.0140,,
1.8640,472,217.1,19.9,0.0120,,
1.8720,473,217.5,19.9,0.0115,,
1.8805,474,218.0,19.9,0.0120,,
1.8890,475,218.3,19.9,0.0120,,
1.8965,476,218.7,19.9,0.0125,,
1.9050,477,219.0,19.9,0.0140,,
1.9135,478,219.3,19.9,0.0120,,
1.9220,479,219.6,19.9,0.0120,,
1.9305,480,219.9,19.9,0.0120,,
1.9390,481,220.2,19.9,0.0120,,
1.9465,482,220.5,19.9,0.0125,,
1.9545,483,220.9,19.9,0.0135,,
1.9630,484,221.3,19.9,0.0140,,
1.9715,485,221.7,19.9,0.0120,,
1.9800,486,222.0,19.9,0.0120,,
1.9885,487,222.3,19.9,0.0120,,
1.9960,488,222.6,19.9,0.0125,,
2.0045,489,222.7,19.9,0.0140,,
2.0130,490,223.0,19.9,0.0140,,
2.0215,491,223.2,19.9,0.0120,,
2.0295,492,223.6,19.9,0.0115,,
2.0380,493,223.8,19.9,0.0120,,
2.0455,494,224.0,19.9,0.0125,,
2.0540,495,224.4,19.9,0.0140,,
2.0625,496,224.7,19.9,0.0140,,
2.0710,497,225.0,19.9,0.0120,,
2.0795,498,225.4,19.9,0.0120,,
2.0880,499,225.7,19.9,0.0120,,
2.0955,500,225.9,19.9,0.0125,,
2.1040,501,226.1,19.9,0.0140,,
2.1125,502,226.4,19.9,0.0140,,
2.1205,503,226.7,19.9,0.0115,,
2.1290,504,226.9,19.9,0.0120,,
2.1375,505,227.3,19.9,0.0120,,
2.1450,506,227.6,19.9,0.0125,,
2.1535,507,227.8,19.9,0.0140,,
2.1620,508,228.0,19.9,0.0140,,
2.1705,509,228.3,19.9,0.0120,,
2.1790,510,228.5,19.9,0.0120,,
2.1875,511,228.7,19.9,0.0120,,
2.1950,512,228.9,19.9,0.0125,,
2.2035,513,229.2,19.9,0.0140,,
2.2120,514,229.4,19.9,0.0140,,
2.2200,515,229.6,19.9,0.0115,,
2.2285,516,229.8,19.9,0.0120,,
2.2370,517,230.2,19.9,0.0120,,
2.2455,518,230.3,19.9,0.0140,,
2.2530,519,230.4,19.9,0.0125,,
2.2615,520,230.6,19.9,0.0140,,
2.2700,521,230.8,19.9,0.0120,,
2.2785,522,231.1,19.9,0.0120,,
2.2865,523,231.4,19.9,0.0115,,
2.2950,524,231.6,19.9,0.0140,,
2.3025,525,231.9,19.9,0.0125,,
2.3110,526,232.0,19.9,0.0140,,
2.3195,527,232.1,19.9,0.0140,,
2.3280,528,232.5,19.9,0.0120,,
2.3365,529,232.6,19.9,0.0120,,
2.3450,530,232.9,19.9,0.0120,,
2.3525,531,233.1,19.9,0.0125,,
2.3610,532,233.3,19.9,0.0140,,
2.3690,533,233.4,19.9,0.0135,,
2.3775,534,233.7,19.9,0.0120,,
2.3860,535,233.9,19.9,0.0120,,
2.3935,536,234.0,19.9,0.0105,,
2.3995,537,234.1,19.9,0.0100,,
2.4030,538,234.2,19.9,0.0060,,
2.4035,539,234.4,19.9,0.0010,,
2.4045,540,234.6,19.9,0.0015,,
2.4060,541,234.6,19.9,0.0020,,
2.4085,542,234.7,19.9,0.0035,,
2.4120,543,234.7,19.9,0.0060,,
2.4170,544,234.8,19.9,0.0085,,
2.4230,545,234.8,19.9,0.0100,,
2.4280,546,235.0,19.9,0.0060,,
