Task,T2148
Scope 1/1, Sample 1/4 (Junk1)
Result,TitrationEP1
V,t,E,T,dV/dt,E acc. stat.,Volume acc. stat.
0.0000,0,-73.3,20.1,NaN,,
0.0005,1,-73.3,20.1,0.0005,,
0.0025,2,-73.4,20.1,0.0020,,
0.0050,3,-73.4,20.1,0.0025,,
0.0090,4,-73.3,20.1,0.0035,,
0.0150,5,-73.1,20.1,0.0055,,
0.0235,6,-72.7,20.1,0.0075,,
0.0310,7,-72.0,20.1,0.0075,,
0.0395,8,-71.2,20.1,0.0085,,
0.0480,9,-70.1,20.1,0.0075,,
0.0565,10,-69.1,20.1,0.0075,,
0.0650,11,-67.8,20.1,0.0075,,
0.0735,12,-66.5,20.1,0.0075,,
0.0810,13,-65.4,20.1,0.0075,,
0.0890,14,-63.9,20.1,0.0080,,
0.0975,15,-62.6,20.1,0.0075,,
0.1060,16,-61.3,20.1,0.0075,,
0.1145,17,-59.6,20.1,0.0075,,
0.1230,18,-57.9,20.2,0.0075,,
0.1305,19,-56.4,20.1,0.0075,,
0.1390,20,-54.7,20.1,0.0085,,
0.1470,21,-52.7,20.1,0.0080,,
0.1555,22,-50.5,20.2,0.0075,,
0.1640,23,-48.5,20.2,0.0075,,
0.1725,24,-46.3,20.2,0.0075,,
0.1800,25,-44.1,20.2,0.0075,,
0.1885,26,-41.7,20.2,0.0085,,
0.1970,27,-39.0,20.2,0.0085,,
0.2055,28,-36.1,20.2,0.0075,,
0.2135,29,-33.1,20.2,0.0075,,
0.2220,30,-29.8,20.2,0.0075,,
0.2295,31,-26.7,20.2,0.0075,,
0.2380,32,-23.2,20.2,0.0085,,
0.2465,33,-19.8,20.2,0.0085,,
0.2550,34,-16.6,20.2,0.0075,,
0.2635,35,-13.5,20.2,0.0075,,
0.2715,36,-10.7,20.2,0.0075,,
0.2795,37,-8.4,20.2,0.0080,,
0.2875,38,-6.0,20.2,0.0080,,
0.2960,39,-3.8,20.2,0.0085,,
0.3045,40,-1.8,20.2,0.0075,,
0.3130,41,0.0,20.2,0.0075,,
0.3215,42,1.6,20.2,0.0075,,
0.3295,43,3.1,20.2,0.0080,,
0.3375,44,4.6,20.2,0.0080,,
0.3460,45,6.2,20.2,0.0085,,
0.3540,46,7.6,20.2,0.0075,,
0.3625,47,8.8,20.2,0.0075,,
0.3710,48,10.3,20.2,0.0075,,
0.3785,49,11.3,20.2,0.0075,,
0.3870,50,12.5,20.2,0.0085,,
0.3955,51,13.6,20.2,0.0085,,
0.4040,52,14.8,20.2,0.0075,,
0.4120,53,15.9,20.2,0.0075,,
0.4205,54,17.0,20.2,0.0075,,
0.4280,55,17.9,20.2,0.0075,,
0.4365,56,19.0,20.2,0.0085,,
0.4450,57,19.9,20.2,0.0085,,
0.4535,58,20.9,20.2,0.0075,,
0.4620,59,21.9,20.2,0.0075,,
0.4705,60,22.9,20.2,0.0075,,
0.4780,61,23.7,20.2,0.0075,,
0.4865,62,24.6,20.2,0.0085,,
0.4945,63,25.6,20.2,0.0080,,
0.5030,64,26.5,20.2,0.0075,,
0.5115,65,27.3,20.2,0.0075,,
0.5200,66,28.3,20.2,0.0075,,
0.5275,67,29.1,20.2,0.0075,,
0.5360,68,30.0,20.2,0.0085,,
0.5445,69,30.8,20.2,0.0085,,
0.5525,70,31.7,20.2,0.0075,,
0.5610,71,32.7,20.2,0.0075,,
0.5695,72,33.6,20.2,0.0075,,
0.5770,73,34.3,20.2,0.0075,,
0.5855,74,35.3,20.2,0.0085,,
0.5940,75,36.1,20.2,0.0085,,
0.6025,76,36.9,20.2,0.0075,,
0.6105,77,37.9,20.2,0.0075,,
0.6190,78,38.7,20.2,0.0075,,
0.6275,79,39.5,20.2,0.0085,,
0.6350,80,40.2,20.2,0.0075,,
0.6435,81,41.0,20.2,0.0085,,
0.6520,82,41.9,20.2,0.0075,,
0.6605,83,42.7,20.2,0.0075,,
0.6690,84,43.5,20.2,0.0075,,
0.6770,85,44.2,20.2,0.0080,,
0.6850,86,45.0,20.2,0.0080,,
0.6930,87,46.0,20.2,0.0080,,
0.7015,88,46.7,20.2,0.0075,,
0.7100,89,47.6,20.2,0.0075,,
0.7185,90,48.5,20.2,0.0075,,
0.7260,91,49.2,20.2,0.0075,,
0.7345,92,50.0,20.2,0.0085,,
0.7430,93,50.8,20.2,0.0085,,
0.7510,94,51.6,20.2,0.0075,,
0.7595,95,52.5,20.2,0.0075,,
0.7680,96,53.3,20.2,0.0075,,
0.7765,97,54.1,20.2,0.0085,,
0.7840,98,54.9,20.2,0.0075,,
0.7925,99,55.6,20.2,0.0085,,
0.8010,100,56.6,20.2,0.0075,,
0.8095,101,57.4,20.2,0.0075,,
0.8175,102,58.2,20.2,0.0075,,
0.8260,103,58.9,20.2,0.0085,,
0.8335,104,59.8,20.2,0.0075,,
0.8420,105,60.7,20.2,0.0085,,
0.8505,106,61.5,20.2,0.0075,,
0.8590,107,62.3,20.2,0.0075,,
0.8675,108,63.1,20.2,0.0075,,
0.8755,109,64.1,20.2,0.0075,,
0.8830,110,64.8,20.2,0.0075,,
0.8915,111,65.7,20.2,0.0085,,
0.9000,112,66.5,20.2,0.0075,,
0.9085,113,67.5,20.2,0.0075,,
0.9170,114,68.4,20.2,0.0075,,
0.9255,115,69.1,20.2,0.0075,,
0.9330,116,69.9,20.2,0.0075,,
0.9415,117,70.7,20.2,0.0085,,
0.9495,118,71.6,20.2,0.0075,,
0.9580,119,72.6,20.2,0.0075,,
0.9665,120,73.5,20.2,0.0075,,
0.9750,121,74.4,20.2,0.0085,,
0.9825,122,75.3,20.2,0.0075,,
0.9910,123,76.2,20.2,0.0085,,
0.9995,124,77.2,20.2,0.0075,,
1.0080,125,78.2,20.2,0.0075,,
1.0160,126,79.3,20.2,0.0075,,
1.0245,127,80.1,20.2,0.0085,,
1.0320,128,81.3,20.2,0.0075,,
1.0405,129,82.4,20.2,0.0085,,
1.0490,130,83.4,20.2,0.0075,,
1.0575,131,84.4,20.2,0.0075,,
1.0660,132,85.4,20.2,0.0075,,
1.0740,133,86.5,20.2,0.0075,,
1.0820,134,87.6,20.2,0.0080,,
1.0900,135,88.7,20.2,0.0080,,
1.0985,136,90.0,20.2,0.0075,,
1.1070,137,91.4,20.2,0.0075,,
1.1155,138,92.5,20.2,0.0075,,
1.1240,139,93.5,20.2,0.0085,,
1.1315,140,94.6,20.2,0.0075,,
1.1400,141,96.1,20.2,0.0085,,
1.1480,142,97.5,20.2,0.0075,,
1.1565,143,98.9,20.2,0.0075,,
1.1650,144,100.4,20.2,0.0075,,
1.1735,145,101.9,20.2,0.0075,,
1.1810,146,103.2,20.2,0.0075,,
1.1895,147,104.8,20.2,0.0085,,
1.1980,148,106.2,20.2,0.0075,,
1.2065,149,108.0,20.2,0.0075,,
1.2145,150,109.9,20.2,0.0075,,
1.2230,151,111.7,20.2,0.0075,,
1.2305,152,113.5,20.2,0.0075,,
1.2390,153,115.5,20.2,0.0085,,
1.2475,154,117.6,20.2,0.0085,,
1.2560,155,120.0,20.2,0.0075,,
1.2645,156,122.5,20.2,0.0075,,
1.2725,157,125.1,20.2,0.0075,,
1.2805,158,127.7,20.2,0.0080,,
1.2885,159,130.2,20.2,0.0080,,
1.2970,160,133.1,20.2,0.0085,,
1.3055,161,136.3,20.2,0.0075,,
1.3140,162,139.5,20.2,0.0075,,
1.3225,163,143.0,20.2,0.0075,,
1.3300,164,146.2,20.2,0.0075,,
1.3385,165,149.9,20.2,0.0085,,
1.3465,166,153.3,20.2,0.0080,,
1.3550,167,156.7,20.2,0.0075,,
1.3635,168,160.0,20.2,0.0075,,
1.3720,169,163.0,20.2,0.0075,,
1.3805,170,165.7,20.2,0.0085,,
1.3880,171,168.6,20.2,0.0075,,
1.3965,172,171.2,20.2,0.0085,,
1.4045,173,173.7,20.2,0.0075,,
1.4130,174,176.0,20.2,0.0075,,
1.4215,175,178.0,20.2,0.0075,,
1.4300,176,179.9,20.2,0.0085,,
1.4375,177,181.6,20.2,0.0075,,
1.4460,178,183.6,20.2,0.0085,,
1.4565,179,185.1,20.2,0.0075,,
1.4565,419,187.1,20.3,0.0000,,
1.4570,420,187.1,20.3,0.0005,,
1.4585,422,187.1,20.3,0.0010,,
1.4610,422,187.4,20.3,0.0050,,
1.4650,424,187.9,20.3,0.0025,,
1.4710,425,188.7,20.3,0.0100,,
1.4790,426,189.7,20.3,0.0135,,
1.4870,426,190.9,20.3,0.0160,,
1.4950,428,192.3,20.3,0.0055,,
1.5035,428,193.5,20.3,0.0170,,
1.5120,430,194.6,20.3,0.0055,,
1.5205,431,195.7,20.3,0.0140,,
1.5290,432,196.8,20.3,0.0140,,
1.5365,432,197.7,20.3,0.0150,,
1.5450,434,198.7,20.3,0.0055,,
1.5530,434,199.7,20.3,0.0160,,
1.5615,436,200.5,20.3,0.0055,,
1.5700,437,201.3,20.3,0.0140,,
1.5785,438,202.2,20.3,0.0140,,
1.5860,438,203.1,20.3,0.0150,,
1.5945,440,203.8,20.3,0.0055,,
1.6030,440,203.5,20.3,0.0170,,
1.6115,442,205.3,20.3,0.0055,,
1.6195,443,206.2,20.3,0.0135,,
1.6280,444,206.8,20.3,0.0140,,
1.6355,444,207.5,20.3,0.0150,,
1.6440,446,208.1,20.3,0.0055,,
1.6525,446,208.8,20.3,0.0170,,
1.6610,448,209.5,20.3,0.0055,,
1.6695,449,210.1,20.3,0.0140,,
1.6775,450,210.7,20.3,0.0135,,
1.6855,450,211.3,20.3,0.0160,,
1.6935,452,211.9,20.3,0.0055,,
1.7020,452,212.4,20.3,0.0170,,
1.7105,454,213.0,20.3,0.0055,,
1.7190,455,213.6,20.3,0.0140,,
1.7275,456,214.1,20.3,0.0140,,
1.7350,456,214.6,20.3,0.0150,,
1.7435,458,215.1,20.3,0.0055,,
1.7515,458,215.6,20.3,0.0160,,
1.7600,460,216.1,20.3,0.0055,,
1.7685,461,216.7,20.3,0.0140,,
1.7770,462,217.0,20.3,0.0140,,
1.7845,462,217.4,20.3,0.0150,,
1.7930,464,217.9,20.3,0.0055,,
1.8015,464,218.4,20.3,0.0170,,
1.8100,466,218.9,20.3,0.0055,,
1.8180,467,219.2,20.3,0.0135,,
1.8265,468,219.7,20.3,0.0140,,
1.8340,468,220.0,20.3,0.0150,,
1.8425,470,220.5,20.3,0.0055,,
1.8510,470,220.8,20.3,0.0170,,
1.8595,472,221.3,20.3,0.0055,,
1.8680,473,221.7,20.3,0.0140,,
1.8765,474,222.1,20.4,0.0140,,
1.8840,474,222.4,20.3,0.0150,,
1.8920,476,222.8,20.4,0.0055,,
1.9005,476,223.1,20.3,0.0170,,
1.9090,478,223.5,20.3,0.0055,,
1.9175,479,223.9,20.4,0.0140,,
1.9260,480,224.2,20.4,0.0140,,
1.9340,480,224.3,20.4,0.0160,,
1.9420,482,224.4,20.4,0.0055,,
1.9500,482,224.7,20.4,0.0160,,
1.9585,484,225.1,20.4,0.0055,,
1.9670,485,225.5,20.4,0.0140,,
1.9755,486,225.8,20.4,0.0140,,
1.9840,487,226.1,20.4,0.0140,,
1.9915,488,226.3,20.4,0.0150,,
2.0000,488,226.7,20.4,0.0170,,
2.0080,490,226.9,20.4,0.0055,,
2.0165,491,227.1,20.4,0.0140,,
2.0250,492,227.5,20.4,0.0140,,
2.0335,493,227.9,20.4,0.0140,,
2.0410,494,228.1,20.4,0.0150,,
2.0495,494,228.4,20.4,0.0170,,
2.0580,496,228.7,20.4,0.0055,,
2.0665,497,229.1,20.4,0.0140,,
2.0745,498,229.4,20.4,0.0135,,
2.0830,499,229.6,20.4,0.0140,,
2.0905,500,229.8,20.4,0.0150,,
2.0990,500,230.0,20.4,0.0170,,
2.1075,502,230.4,20.4,0.0055,,
2.1160,503,230.6,20.4,0.0140,,
2.1245,504,230.8,20.4,0.0140,,
2.1325,505,231.1,20.4,0.0135,,
2.1405,506,231.3,20.4,0.0160,,
2.1485,506,231.6,20.4,0.0160,,
2.1570,508,231.9,20.4,0.0055,,
2.1655,509,232.2,20.4,0.0140,,
2.1740,510,232.4,20.4,0.0140,,
2.1825,511,232.7,20.4,0.0140,,
2.1905,512,232.9,20.4,0.0160,,
2.1985,512,233.1,20.4,0.0160,,
2.2065,514,233.3,20.4,0.0055,,
2.2150,515,233.6,20.4,0.0140,,
2.2235,516,233.8,20.4,0.0140,,
2.2315,517,234.0,20.4,0.0135,,
2.2380,518,234.2,20.4,0.0130,,
2.2385,518,234.3,20.4,0.0010,,
2.2390,520,234.4,20.4,0.0005,,
2.2405,521,234.4,20.4,0.0025,,
2.2430,522,234.5,20.4,0.0040,,
2.2465,523,234.6,20.4,0.0060,,
2.2510,524,234.6,20.4,0.0090,,
2.2545,524,234.7,20.4,0.0070,,
2.2570,526,235.0,20.4,0.0015,,
2.2590,526,235.0,20.4,0.0100,,
Scope 1/1, Sample 2/4 (Junk2)
Result,TitrationEP1
V,t,E,T,dV/dt,E acc. stat.,Volume acc. stat.
0.0000,0,-72.0,20.2,NaN,,
0.0005,1,-72.1,20.2,0.0005,,
0.0025,2,-72.1,20.2,0.0020,,
0.0050,3,-72.1,20.2,0.0025,,
0.0085,4,-71.9,20.2,0.0030,,
0.0150,5,-71.5,20.2,0.0060,,
0.0230,6,-71.2,20.2,0.0075,,
0.0305,7,-70.4,20.2,0.0075,,
0.0390,8,-69.7,20.2,0.0085,,
0.0475,9,-68.6,20.2,0.0085,,
0.0560,10,-67.3,20.2,0.0075,,
0.0645,11,-66.1,20.2,0.0075,,
0.0725,12,-64.8,20.2,0.0075,,
0.0800,13,-63.6,20.2,0.0075,,
0.0885,14,-62.0,20.2,0.0085,,
0.0970,15,-60.4,20.2,0.0085,,
0.1055,16,-58.9,20.2,0.0075,,
0.1140,17,-57.3,20.2,0.0075,,
0.1225,18,-55.5,20.2,0.0075,,
0.1300,19,-53.9,20.2,0.0075,,
0.1385,20,-51.9,20.2,0.0085,,
0.1465,21,-49.9,20.2,0.0080,,
0.1550,22,-47.8,20.2,0.0075,,
0.1635,23,-45.4,20.2,0.0075,,
0.1720,24,-42.9,20.2,0.0075,,
0.1795,25,-40.5,20.2,0.0075,,
0.1880,26,-37.8,20.2,0.0085,,
0.1965,27,-34.9,20.2,0.0085,,
0.2045,28,-31.8,20.2,0.0075,,
0.2130,29,-28.6,20.3,0.0075,,
0.2215,30,-25.4,20.3,0.0075,,
0.2300,31,-22.3,20.3,0.0085,,
0.2375,32,-19.2,20.3,0.0075,,
0.2460,33,-16.1,20.3,0.0085,,
0.2545,34,-13.3,20.3,0.0075,,
0.2625,35,-10.8,20.2,0.0075,,
0.2710,36,-8.5,20.2,0.0075,,
0.2795,37,-6.3,20.3,0.0075,,
0.2870,38,-4.4,20.3,0.0075,,
0.2955,39,-2.7,20.3,0.0085,,
0.3040,40,-1.3,20.3,0.0085,,
0.3125,41,0.3,20.3,0.0075,,
0.3205,42,1.7,20.3,0.0075,,
0.3290,43,3.1,20.3,0.0075,,
0.3365,44,4.4,20.3,0.0075,,
0.3450,45,5.6,20.3,0.0085,,
0.3535,46,6.8,20.3,0.0085,,
0.3620,47,8.1,20.3,0.0075,,
0.3705,48,9.2,20.3,0.0075,,
0.3790,49,10.2,20.3,0.0075,,
0.3865,50,11.2,20.3,0.0075,,
0.3950,51,12.4,20.3,0.0085,,
0.4030,52,13.5,20.3,0.0080,,
0.4115,53,14.5,20.3,0.0075,,
0.4200,54,15.5,20.3,0.0075,,
0.4285,55,16.5,20.3,0.0075,,
0.4360,56,17.3,20.3,0.0075,,
0.4445,57,18.4,20.3,0.0085,,
0.4530,58,19.3,20.3,0.0085,,
0.4610,59,20.3,20.3,0.0075,,
0.4695,60,21.4,20.3,0.0075,,
0.4780,61,22.2,20.3,0.0075,,
0.4855,62,23.1,20.3,0.0075,,
0.4940,63,23.8,20.3,0.0085,,
0.5025,64,24.7,20.3,0.0085,,
0.5110,65,25.7,20.3,0.0075,,
0.5195,66,26.6,20.3,0.0075,,
0.5275,67,27.4,20.3,0.0075,,
0.5355,68,28.2,20.3,0.0080,,
0.5435,69,29.1,20.3,0.0080,,
0.5520,70,30.0,20.3,0.0075,,
0.5605,71,30.8,20.3,0.0075,,
0.5690,72,31.7,20.3,0.0075,,
0.5775,73,32.7,20.3,0.0075,,
0.5850,74,33.4,20.3,0.0075,,
0.5935,75,34.3,20.3,0.0085,,
0.6015,76,35.2,20.3,0.0080,,
0.6100,77,36.0,20.3,0.0075,,
0.6185,78,36.9,20.3,0.0075,,
0.6270,79,37.8,20.3,0.0075,,
0.6345,80,38.6,20.3,0.0075,,
0.6430,81,39.4,20.3,0.0085,,
0.6515,82,40.2,20.3,0.0085,,
0.6595,83,41.2,20.3,0.0075,,
0.6680,84,42.0,20.3,0.0075,,
0.6765,85,42.7,20.3,0.0075,,
0.6840,86,43.6,20.3,0.0075,,
0.6925,87,44.4,20.3,0.0085,,
0.7010,88,45.3,20.3,0.0085,,
0.7095,89,46.2,20.3,0.0075,,
0.7175,90,46.9,20.3,0.0075,,
0.7260,91,47.8,20.3,0.0075,,
0.7345,92,48.5,20.3,0.0085,,
0.7420,93,49.5,20.3,0.0075,,
0.7505,94,50.3,20.3,0.0085,,
0.7590,95,51.0,20.3,0.0075,,
0.7675,96,52.0,20.3,0.0075,,
0.7760,97,52.9,20.3,0.0075,,
0.7840,98,53.6,20.3,0.0080,,
0.7915,99,54.5,20.3,0.0075,,
0.8000,100,55.2,20.3,0.0085,,
0.8085,101,56.1,20.3,0.0075,,
0.8170,102,57.0,20.3,0.0075,,
0.8255,103,57.8,20.3,0.0075,,
0.8340,104,58.6,20.3,0.0085,,
0.8415,105,59.4,20.3,0.0075,,
0.8500,106,60.3,20.3,0.0085,,
0.8580,107,61.2,20.3,0.0075,,
0.8665,108,61.9,20.3,0.0075,,
0.8750,109,62.8,20.3,0.0075,,
0.8835,110,63.6,20.3,0.0085,,
0.8910,111,64.6,20.3,0.0075,,
0.8995,112,65.4,20.3,0.0085,,
0.9080,113,66.0,20.3,0.0075,,
0.9160,114,66.9,20.3,0.0075,,
0.9245,115,68.1,20.3,0.0075,,
0.9330,116,68.9,20.3,0.0075,,
0.9405,117,69.9,20.3,0.0075,,
0.9490,118,70.8,20.3,0.0085,,
0.9575,119,71.7,20.3,0.0075,,
0.9660,120,72.8,20.3,0.0075,,
0.9745,121,73.6,20.3,0.0075,,
0.9825,122,74.5,20.3,0.0075,,
0.9905,123,75.4,20.3,0.0080,,
0.9985,124,76.4,20.3,0.0080,,
1.0070,125,77.5,20.3,0.0075,,
1.0155,126,78.3,20.3,0.0075,,
1.0240,127,79.2,20.3,0.0075,,
1.0325,128,80.0,20.3,0.0085,,
1.0400,129,81.0,20.3,0.0075,,
1.0485,130,82.2,20.3,0.0085,,
1.0565,131,83.2,20.3,0.0075,,
1.0650,132,84.2,20.3,0.0075,,
1.0735,133,85.5,20.3,0.0075,,
1.0820,134,86.6,20.3,0.0075,,
1.0895,135,87.6,20.3,0.0075,,
1.0980,136,88.8,20.3,0.0085,,
1.1065,137,89.9,20.3,0.0085,,
1.1145,138,91.2,20.3,0.0075,,
1.1230,139,92.5,20.3,0.0075,,
1.1315,140,93.8,20.3,0.0075,,
1.1390,141,95.0,20.3,0.0075,,
1.1475,142,96.4,20.3,0.0085,,
1.1560,143,97.8,20.3,0.0085,,
1.1645,144,99.3,20.3,0.0075,,
1.1725,145,100.5,20.3,0.0075,,
1.1810,146,102.1,20.3,0.0075,,
1.1885,147,103.7,20.3,0.0075,,
1.1970,148,105.4,20.3,0.0085,,
1.2055,149,106.7,20.3,0.0085,,
1.2140,150,108.6,20.3,0.0075,,
1.2225,151,110.7,20.3,0.0075,,
1.2310,152,112.8,20.3,0.0075,,
1.2390,153,114.4,20.3,0.0080,,
1.2465,154,116.2,20.3,0.0075,,
1.2550,155,118.3,20.3,0.0085,,
1.2635,156,120.8,20.3,0.0075,,
1.2720,157,123.6,20.3,0.0075,,
1.2805,158,126.2,20.3,0.0075,,
1.2890,159,129.3,20.3,0.0075,,
1.2965,160,131.7,20.3,0.0075,,
1.3050,161,134.7,20.3,0.0085,,
1.3130,162,138.3,20.3,0.0075,,
1.3215,163,141.4,20.3,0.0075,,
1.3300,164,145.0,20.3,0.0075,,
1.3385,165,148.5,20.3,0.0075,,
1.3460,166,151.6,20.3,0.0075,,
1.3545,167,155.2,20.3,0.0085,,
1.3630,168,158.5,20.3,0.0075,,
1.3710,169,161.8,20.3,0.0075,,
1.3795,170,164.8,20.3,0.0075,,
1.3880,171,167.6,20.3,0.0075,,
1.3955,172,170.2,20.3,0.0075,,
1.4040,173,172.5,20.3,0.0085,,
1.4125,174,174.9,20.3,0.0085,,
1.4210,175,176.9,20.3,0.0075,,
1.4290,176,178.9,20.3,0.0075,,
1.4375,177,180.8,20.3,0.0075,,
1.4450,178,182.5,20.3,0.0075,,
1.4535,179,184.1,20.3,0.0085,,
1.4600,180,185.0,20.3,0.0070,,
1.4600,420,187.2,20.4,0.0000,,
1.4605,421,187.2,20.4,0.0005,,
1.4620,422,187.2,20.4,0.0015,,
1.4645,423,187.5,20.4,0.0025,,
1.4685,424,187.9,20.4,0.0040,,
1.4750,425,188.7,20.4,0.0065,,
1.4835,426,189.6,20.4,0.0095,,
1.4910,427,190.9,20.4,0.0085,,
1.4990,428,192.1,20.4,0.0090,,
1.5075,429,193.2,20.4,0.0085,,
1.5160,430,194.6,20.4,0.0085,,
1.5245,431,195.7,20.4,0.0085,,
1.5330,432,196.6,20.4,0.0095,,
1.5405,433,197.5,20.4,0.0085,,
1.5490,434,198.5,20.4,0.0095,,
1.5575,435,199.4,20.4,0.0095,,
1.5655,436,200.3,20.4,0.0080,,
1.5740,437,201.2,20.4,0.0085,,
1.5825,438,202.1,20.4,0.0085,,
1.5900,439,202.7,20.4,0.0085,,
1.5985,440,203.8,20.4,0.0095,,
1.6070,441,204.5,20.4,0.0085,,
1.6155,442,205.2,20.4,0.0085,,
1.6235,443,205.9,20.4,0.0080,,
1.6320,444,206.7,20.4,0.0085,,
1.6395,445,207.3,20.4,0.0085,,
1.6480,446,207.9,20.4,0.0095,,
1.6565,447,208.5,20.4,0.0095,,
1.6650,448,209.3,20.4,0.0085,,
1.6735,449,209.9,20.4,0.0085,,
1.6815,450,210.4,20.4,0.0080,,
1.6895,451,211.1,20.4,0.0090,,
1.6975,452,211.5,20.4,0.0090,,
1.7060,453,212.3,20.4,0.0095,,
1.7145,454,212.8,20.4,0.0085,,
1.7230,455,213.2,20.4,0.0085,,
1.7315,456,213.7,20.4,0.0085,,
1.7390,457,214.2,20.4,0.0085,,
1.7475,458,214.9,20.4,0.0095,,
1.7560,459,215.3,20.4,0.0095,,
1.7640,460,215.8,20.4,0.0080,,
1.7725,461,216.2,20.4,0.0085,,
1.7810,462,216.8,20.4,0.0085,,
1.7895,463,217.1,20.4,0.0095,,
1.7970,464,217.7,20.4,0.0085,,
1.8055,465,218.0,20.4,0.0095,,
1.8140,466,218.5,20.4,0.0085,,
1.8220,467,219.0,20.4,0.0080,,
1.8305,468,219.3,20.4,0.0085,,
1.8380,469,219.8,20.4,0.0085,,
1.8465,470,220.1,20.4,0.0095,,
1.8550,471,220.6,20.4,0.0095,,
1.8635,472,221.1,20.4,0.0085,,
1.8720,473,221.4,20.4,0.0085,,
1.8800,474,221.8,20.4,0.0080,,
1.8880,475,222.1,20.4,0.0090,,
1.8960,476,222.5,20.4,0.0090,,
1.9045,477,222.9,20.4,0.0095,,
1.9130,478,223.1,20.4,0.0085,,
1.9215,479,223.5,20.4,0.0085,,
1.9300,480,224.0,20.4,0.0085,,
1.9385,481,224.2,20.4,0.0095,,
1.9460,482,224.7,20.4,0.0085,,
1.9545,483,224.9,20.4,0.0095,,
1.9625,484,225.3,20.4,0.0080,,
1.9710,485,225.6,20.4,0.0085,,
1.9795,486,225.9,20.4,0.0085,,
1.9880,487,226.1,20.4,0.0095,,
1.9955,488,226.4,20.4,0.0085,,
2.0040,489,226.7,20.4,0.0095,,
2.0125,490,227.1,20.4,0.0085,,
2.0205,491,227.4,20.4,0.0080,,
2.0290,492,227.7,20.4,0.0085,,
2.0375,493,228.0,20.4,0.0085,,
2.0450,494,228.2,20.4,0.0085,,
2.0535,495,228.6,20.4,0.0095,,
2.0620,496,228.9,20.4,0.0085,,
2.0705,497,229.1,20.4,0.0085,,
2.0785,498,229.4,20.4,0.0080,,
2.0870,499,229.7,20.4,0.0085,,
2.0945,500,229.9,20.4,0.0085,,
2.1030,501,230.3,20.4,0.0095,,
2.1115,502,230.6,20.4,0.0085,,
2.1200,503,230.9,20.4,0.0085,,
2.1285,504,231.2,20.4,0.0085,,
2.1370,505,231.4,20.4,0.0085,,
2.1445,506,231.6,20.4,0.0085,,
2.1530,507,231.9,20.4,0.0095,,
2.1610,508,232.3,20.4,0.0080,,
2.1695,509,232.5,20.4,0.0085,,
2.1780,510,232.6,20.4,0.0085,,
2.1865,511,232.9,20.4,0.0085,,
2.1940,512,233.1,20.4,0.0085,,
2.2025,513,233.4,20.4,0.0095,,
2.2105,514,233.5,20.4,0.0090,,
2.2190,515,233.7,20.4,0.0085,,
2.2270,516,234.0,20.4,0.0080,,
2.2340,517,234.4,20.4,0.0070,,
2.2365,518,234.5,20.4,0.0030,,
2.2370,519,234.6,20.4,0.0005,,
2.2385,520,234.6,20.4,0.0015,,
2.2400,521,234.6,20.4,0.0015,,
2.2425,522,234.7,20.4,0.0025,,
2.2455,523,234.7,20.4,0.0030,,
2.2490,524,234.8,20.4,0.0040,,
2.2535,525,234.8,20.4,0.0050,,
2.2575,526,235.0,20.4,0.0055,,
Scope 1/1, Sample 3/4 (Junk3)
Result,TitrationEP1
V,t,E,T,dV/dt,E acc. stat.,Volume acc. stat.
0.0000,0,-72.0,20.4,NaN,,
0.0010,1,-71.9,20.4,0.0010,,
0.0025,2,-71.9,20.4,0.0015,,
0.0050,3,-71.8,20.4,0.0025,,
0.0090,4,-71.8,20.4,0.0035,,
0.0150,5,-71.4,20.4,0.0055,,
0.0235,6,-70.8,20.4,0.0075,,
0.0320,7,-69.9,20.4,0.0075,,
0.0405,8,-68.9,20.4,0.0075,,
0.0480,9,-67.8,20.4,0.0070,,
0.0565,10,-67.1,20.4,0.0075,,
0.0650,11,-69.4,20.4,0.0075,,
0.0735,12,-60.2,20.4,0.0075,,
0.0815,13,-56.1,20.4,0.0075,,
0.0900,14,-52.2,20.4,0.0075,,
0.0975,15,-66.4,20.4,0.0070,,
0.1060,16,-71.4,20.4,0.0075,,
0.1145,17,-60.3,20.4,0.0075,,
0.1230,18,-45.6,20.4,0.0075,,
0.1315,19,-51.7,20.4,0.0075,,
0.1395,20,-50.2,20.4,0.0075,,
0.1475,21,-48.4,20.4,0.0080,,
0.1555,22,-45.7,20.4,0.0075,,
0.1640,23,-43.4,20.4,0.0075,,
0.1725,24,-41.0,20.4,0.0075,,
0.1810,25,-38.2,20.4,0.0075,,
0.1895,26,-35.1,20.4,0.0075,,
0.1975,27,-32.3,20.4,0.0080,,
0.2055,28,-29.1,20.4,0.0075,,
0.2135,29,-25.7,20.4,0.0075,,
0.2220,30,-22.1,20.4,0.0075,,
0.2305,31,-18.7,20.4,0.0075,,
0.2390,32,-15.6,20.4,0.0075,,
0.2475,33,-12.6,20.4,0.0075,,
0.2550,34,-10.1,20.4,0.0070,,
0.2630,35,-7.6,20.4,0.0075,,
0.2715,36,-5.1,20.4,0.0075,,
0.2800,37,-3.0,20.4,0.0075,,
0.2885,38,-1.2,20.4,0.0075,,
0.2970,39,0.7,20.4,0.0075,,
0.3045,40,2.1,20.4,0.0070,,
0.3130,41,4.0,20.4,0.0075,,
0.3215,42,5.4,20.4,0.0075,,
0.3295,43,6.8,20.4,0.0075,,
0.3380,44,8.4,20.4,0.0075,,
0.3465,45,9.7,20.4,0.0075,,
0.3540,46,10.9,20.4,0.0070,,
0.3625,47,12.0,20.4,0.0075,,
0.3710,48,13.3,20.4,0.0075,,
0.3795,49,14.5,20.4,0.0075,,
0.3880,50,15.5,20.4,0.0075,,
0.3960,51,16.5,20.4,0.0075,,
0.4040,52,17.5,20.4,0.0075,,
0.4120,53,18.5,20.4,0.0075,,
0.4205,54,19.5,20.4,0.0075,,
0.4290,55,20.4,20.4,0.0075,,
0.4375,56,21.4,20.4,0.0075,,
0.4460,57,22.4,20.4,0.0085,,
0.4535,58,23.4,20.4,0.0070,,
0.4620,59,24.5,20.4,0.0075,,
0.4700,60,25.4,20.4,0.0075,,
0.4785,61,26.3,20.4,0.0075,,
0.4870,62,27.3,20.4,0.0075,,
0.4955,63,28.2,20.4,0.0075,,
0.5030,64,29.1,20.4,0.0070,,
0.5115,65,29.9,20.4,0.0075,,
0.5200,66,30.8,20.4,0.0075,,
0.5280,67,31.8,20.4,0.0075,,
0.5365,68,32.7,20.4,0.0075,,
0.5450,69,33.4,20.4,0.0075,,
0.5525,70,34.3,20.4,0.0070,,
0.5610,71,35.2,20.4,0.0075,,
0.5695,72,36.1,20.4,0.0075,,
0.5780,73,36.9,20.4,0.0075,,
0.5865,74,37.7,20.4,0.0075,,
0.5945,75,38.6,20.4,0.0075,,
0.6025,76,39.4,20.4,0.0075,,
0.6105,77,40.3,20.4,0.0075,,
0.6190,78,41.2,20.4,0.0075,,
0.6275,79,41.9,20.4,0.0075,,
0.6360,80,42.9,20.4,0.0075,,
0.6445,81,43.8,20.4,0.0075,,
0.6520,82,44.5,20.4,0.0070,,
0.6605,83,45.1,20.4,0.0075,,
0.6685,84,45.9,20.4,0.0075,,
0.6770,85,46.8,20.4,0.0075,,
0.6855,86,47.7,20.4,0.0075,,
0.6940,87,48.4,20.4,0.0075,,
0.7025,88,49.2,20.4,0.0085,,
0.7100,89,50.0,20.4,0.0070,,
0.7185,90,50.9,20.4,0.0075,,
0.7265,91,51.8,20.4,0.0075,,
0.7350,92,52.6,20.4,0.0075,,
0.7435,93,53.4,20.4,0.0075,,
0.7510,94,54.2,20.4,0.0075,,
0.7595,95,55.1,20.4,0.0075,,
0.7680,96,56.1,20.4,0.0075,,
0.7765,97,56.8,20.4,0.0075,,
0.7850,98,57.6,20.4,0.0075,,
0.7930,99,58.6,20.4,0.0075,,
0.8010,100,59.3,20.4,0.0080,,
0.8090,101,60.1,20.4,0.0075,,
0.8175,102,60.8,20.4,0.0075,,
0.8260,103,61.7,20.4,0.0075,,
0.8345,104,62.7,20.4,0.0075,,
0.8430,105,63.5,20.4,0.0075,,
0.8510,106,64.3,20.4,0.0080,,
0.8590,107,65.1,20.4,0.0075,,
0.8670,108,65.9,20.4,0.0075,,
0.8755,109,66.9,20.4,0.0075,,
0.8840,110,67.7,20.4,0.0075,,
0.8925,111,68.5,20.4,0.0075,,
0.9010,112,69.3,20.4,0.0085,,
0.9085,113,70.2,20.4,0.0070,,
0.9170,114,71.2,20.4,0.0075,,
0.9255,115,71.9,20.4,0.0075,,
0.9335,116,72.7,20.4,0.0075,,
0.9420,117,73.7,20.4,0.0075,,
0.9505,118,74.5,20.4,0.0085,,
0.9580,119,75.6,20.4,0.0070,,
0.9665,120,76.6,20.4,0.0075,,
0.9750,121,77.4,20.4,0.0075,,
0.9835,122,78.3,20.4,0.0075,,
0.9915,123,79.2,20.4,0.0075,,
1.0000,124,80.1,20.4,0.0085,,
1.0075,125,81.1,20.4,0.0070,,
1.0160,126,82.0,20.4,0.0075,,
1.0245,127,83.1,20.4,0.0075,,
1.0330,128,84.1,20.4,0.0075,,
1.0415,129,85.1,20.4,0.0075,,
1.0500,130,86.0,20.4,0.0085,,
1.0575,131,87.2,20.4,0.0070,,
1.0655,132,88.5,20.4,0.0075,,
1.0740,133,89.5,20.4,0.0075,,
1.0825,134,90.5,20.4,0.0075,,
1.0910,135,91.5,20.4,0.0075,,
1.0995,136,92.8,20.4,0.0075,,
1.1070,137,93.9,20.4,0.0070,,
1.1155,138,95.2,20.4,0.0075,,
1.1235,139,96.3,20.4,0.0075,,
1.1320,140,97.5,20.4,0.0075,,
1.1405,141,99.1,20.4,0.0075,,
1.1490,142,100.5,20.4,0.0075,,
1.1565,143,101.9,20.4,0.0070,,
1.1650,144,103.1,20.4,0.0075,,
1.1735,145,105.0,20.4,0.0075,,
1.1820,146,106.6,20.4,0.0075,,
1.1900,147,108.4,20.5,0.0075,,
1.1985,148,110.1,20.5,0.0075,,
1.2060,149,111.6,20.5,0.0070,,
1.2145,150,113.5,20.5,0.0075,,
1.2230,151,115.7,20.5,0.0075,,
1.2315,152,118.0,20.4,0.0075,,
1.2400,153,119.6,20.5,0.0075,,
1.2480,154,121.9,20.5,0.0075,,
1.2565,155,124.1,20.5,0.0085,,
1.2640,156,126.8,20.5,0.0070,,
1.2725,157,129.1,20.5,0.0075,,
1.2810,158,131.7,20.5,0.0075,,
1.2895,159,134.8,20.5,0.0075,,
1.2980,160,138.0,20.5,0.0075,,
1.3055,161,140.7,20.5,0.0075,,
1.3140,162,143.8,20.5,0.0075,,
1.3220,163,147.5,20.5,0.0075,,
1.3305,164,151.2,20.5,0.0075,,
1.3390,165,154.6,20.5,0.0075,,
1.3475,166,157.9,20.5,0.0075,,
1.3550,167,160.4,20.5,0.0075,,
1.3635,168,163.7,20.5,0.0075,,
1.3720,169,166.8,20.5,0.0075,,
1.3805,170,169.5,20.5,0.0075,,
1.3885,171,171.8,20.5,0.0075,,
1.3970,172,174.3,20.5,0.0075,,
1.4045,173,176.3,20.5,0.0070,,
1.4130,174,178.3,20.5,0.0075,,
1.4215,175,180.3,20.5,0.0075,,
1.4300,176,182.1,20.5,0.0075,,
1.4385,177,183.8,20.5,0.0075,,
1.4480,178,185.3,20.5,0.0075,,
1.4480,418,187.1,20.5,0.0000,,
1.4485,419,187.2,20.5,0.0005,,
1.4500,420,187.1,20.5,0.0010,,
1.4525,421,187.4,20.5,0.0020,,
1.4565,422,188.0,20.5,0.0025,,
1.4625,424,188.8,20.5,0.0040,,
1.4705,424,189.8,20.5,0.0160,,
1.4785,425,191.1,20.5,0.0055,,
1.4865,426,192.3,20.5,0.0055,,
1.4950,427,193.7,20.5,0.0060,,
1.5035,428,194.8,20.5,0.0055,,
1.5120,430,195.7,20.5,0.0055,,
1.5205,430,196.9,20.5,0.0170,,
1.5280,431,197.7,20.5,0.0055,,
1.5365,432,198.9,20.5,0.0060,,
1.5445,433,199.8,20.5,0.0055,,
1.5530,434,200.5,20.5,0.0055,,
1.5615,436,201.6,20.5,0.0055,,
1.5700,436,202.3,20.5,0.0170,,
1.5775,437,203.2,20.5,0.0055,,
1.5860,438,203.7,20.5,0.0060,,
1.5945,439,204.5,20.5,0.0060,,
1.6030,440,205.4,20.5,0.0055,,
1.6110,442,206.0,20.5,0.0055,,
1.6195,442,206.7,20.5,0.0170,,
1.6270,443,207.3,20.5,0.0055,,
1.6355,444,208.1,20.5,0.0060,,
1.6440,446,208.9,20.5,0.0055,,
1.6525,446,209.5,20.5,0.0170,,
1.6610,448,210.0,20.5,0.0055,,
1.6695,448,210.5,20.5,0.0210,,
1.6770,449,211.2,20.5,0.0055,,
1.6855,450,211.8,20.5,0.0060,,
1.6935,451,212.4,20.5,0.0055,,
1.7020,452,212.9,20.6,0.0055,,
1.7105,454,213.7,20.5,0.0055,,
1.7190,454,214.1,20.5,0.0170,,
1.7265,455,214.6,20.5,0.0055,,
1.7350,456,215.0,20.5,0.0060,,
1.7435,457,215.4,20.5,0.0060,,
1.7515,458,216.1,20.5,0.0055,,
1.7600,460,216.5,20.5,0.0055,,
1.7685,460,216.8,20.5,0.0170,,
1.7760,461,217.3,20.6,0.0055,,
1.7845,462,217.7,20.6,0.0060,,
1.7930,463,218.2,20.6,0.0060,,
1.8015,464,218.7,20.6,0.0055,,
1.8095,466,218.9,20.6,0.0055,,
1.8180,466,219.5,20.6,0.0170,,
1.8255,467,219.8,20.6,0.0055,,
1.8340,468,220.4,20.6,0.0060,,
1.8425,469,220.8,20.6,0.0060,,
1.8510,470,221.1,20.6,0.0055,,
1.8595,472,221.6,20.6,0.0055,,
1.8680,472,222.2,20.6,0.0170,,
1.8755,473,222.5,20.6,0.0055,,
1.8835,474,222.8,20.6,0.0055,,
1.8920,475,223.0,20.6,0.0060,,
1.9005,476,223.6,20.6,0.0055,,
1.9090,478,224.0,20.6,0.0055,,
1.9175,478,224.2,20.6,0.0170,,
1.9260,479,224.5,20.6,0.0060,,
1.9335,480,224.9,20.6,0.0055,,
1.9420,481,225.3,20.6,0.0060,,
1.9500,482,225.7,20.6,0.0055,,
1.9585,484,225.9,20.6,0.0055,,
1.9670,484,226.2,20.6,0.0170,,
1.9745,485,226.5,20.6,0.0055,,
1.9830,486,226.9,20.6,0.0060,,
1.9915,487,227.3,20.6,0.0060,,
2.0000,488,227.4,20.6,0.0055,,
2.0080,490,227.8,20.6,0.0055,,
2.0165,490,228.2,20.6,0.0170,,
2.0250,491,228.5,20.6,0.0060,,
2.0325,492,228.8,20.6,0.0055,,
2.0410,493,229.0,20.6,0.0060,,
2.0495,494,229.2,20.6,0.0055,,
2.0580,496,229.5,20.6,0.0055,,
2.0665,496,229.6,20.6,0.0170,,
2.0740,497,230.0,20.6,0.0055,,
2.0825,498,230.2,20.6,0.0060,,
2.0905,499,230.6,20.6,0.0055,,
2.0990,500,230.8,20.6,0.0055,,
2.1075,502,231.0,20.6,0.0055,,
2.1160,502,231.3,20.6,0.0170,,
2.1245,503,231.5,20.6,0.0060,,
2.1320,504,232.0,20.6,0.0055,,
2.1405,505,232.4,20.6,0.0060,,
2.1485,506,232.5,20.6,0.0055,,
2.1570,508,232.7,20.6,0.0055,,
2.1655,508,233.1,20.6,0.0170,,
2.1740,510,233.3,20.6,0.0055,,
2.1815,510,233.6,20.6,0.0185,,
2.1900,511,233.7,20.6,0.0060,,
2.1980,512,233.8,20.6,0.0055,,
2.2050,514,234.2,20.6,0.0045,,
2.2075,514,234.3,20.6,0.0050,,
2.2080,516,234.3,20.6,0.0005,,
2.2090,516,234.3,20.6,0.0025,,
2.2110,517,234.3,20.6,0.0015,,
2.2130,518,234.5,20.6,0.0015,,
2.2165,520,234.6,20.6,0.0025,,
2.2185,520,234.4,20.6,0.0040,,
2.2195,522,234.5,20.6,0.0005,,
2.2200,522,234.4,20.6,0.0010,,
2.2210,523,234.6,20.6,0.0005,,
2.2230,524,234.7,20.6,0.0015,,
2.2250,526,234.6,20.6,0.0015,,
2.2280,526,234.8,20.6,0.0060,,
2.2305,528,235.0,20.6,0.0015,,
2.2320,528,235.0,20.6,NaN,,
Scope 1/1, Sample 4/4 (CRM)
Result,TitrationEP1
V,t,E,T,dV/dt,E acc. stat.,Volume acc. stat.
0.0000,0,-57.0,20.5,NaN,,
0.0005,1,-57.1,20.5,0.0005,,
0.0025,2,-57.1,20.5,0.0020,,
0.0050,3,-57.1,20.5,0.0025,,
0.0090,4,-56.9,20.5,0.0035,,
0.0150,5,-56.5,20.5,0.0055,,
0.0235,6,-55.7,20.5,0.0075,,
0.0310,7,-54.6,20.5,0.0075,,
0.0395,8,-53.1,20.5,0.0085,,
0.0480,9,-51.4,20.5,0.0075,,
0.0565,10,-49.5,20.5,0.0075,,
0.0650,11,-47.6,20.5,0.0075,,
0.0730,12,-45.4,20.5,0.0075,,
0.0810,13,-43.4,20.5,0.0080,,
0.0890,14,-40.9,20.5,0.0080,,
0.0975,15,-38.1,20.5,0.0075,,
0.1060,16,-35.3,20.5,0.0075,,
0.1145,17,-32.3,20.5,0.0075,,
0.1230,18,-29.1,20.5,0.0075,,
0.1305,19,-26.2,20.5,0.0075,,
0.1390,20,-22.8,20.5,0.0085,,
0.1475,21,-19.5,20.5,0.0075,,
0.1555,22,-16.2,20.5,0.0075,,
0.1640,23,-13.2,20.5,0.0075,,
0.1725,24,-10.5,20.5,0.0075,,
0.1800,25,-8.2,20.5,0.0075,,
0.1885,26,-6.0,20.5,0.0085,,
0.1970,27,-3.8,20.5,0.0085,,
0.2055,28,-2.1,20.5,0.0075,,
0.2135,29,-0.4,20.5,0.0075,,
0.2220,30,1.1,20.5,0.0075,,
0.2295,31,2.6,20.5,0.0075,,
0.2380,32,4.1,20.5,0.0085,,
0.2465,33,5.6,20.5,0.0085,,
0.2550,34,7.0,20.5,0.0075,,
0.2635,35,8.2,20.5,0.0075,,
0.2715,36,9.5,20.5,0.0075,,
0.2795,37,10.5,20.5,0.0080,,
0.2875,38,11.7,20.5,0.0080,,
0.2960,39,12.8,20.5,0.0085,,
0.3045,40,13.8,20.5,0.0075,,
0.3130,41,15.0,20.5,0.0075,,
0.3215,42,16.1,20.5,0.0075,,
0.3290,43,16.9,20.5,0.0075,,
0.3375,44,17.8,20.5,0.0085,,
0.3455,45,18.8,20.5,0.0080,,
0.3540,46,19.8,20.5,0.0075,,
0.3625,47,20.7,20.5,0.0075,,
0.3710,48,21.5,20.5,0.0075,,
0.3795,49,22.4,20.5,0.0085,,
0.3870,50,23.3,20.5,0.0075,,
0.3955,51,24.2,20.5,0.0085,,
0.4040,52,25.2,20.5,0.0075,,
0.4120,53,25.9,20.5,0.0075,,
0.4205,54,26.8,20.5,0.0075,,
0.4290,55,27.6,20.5,0.0085,,
0.4365,56,28.5,20.5,0.0075,,
0.4450,57,29.3,20.5,0.0085,,
0.4535,58,30.1,20.5,0.0075,,
0.4620,59,31.1,20.5,0.0075,,
0.4705,60,32.0,20.5,0.0075,,
0.4780,61,32.6,20.5,0.0075,,
0.4860,62,33.5,20.5,0.0080,,
0.4945,63,34.2,20.5,0.0085,,
0.5030,64,35.0,20.5,0.0075,,
0.5115,65,35.8,20.5,0.0075,,
0.5200,66,36.6,20.5,0.0075,,
0.5275,67,37.3,20.5,0.0075,,
0.5360,68,38.1,20.5,0.0085,,
0.5445,69,38.9,20.5,0.0085,,
0.5525,70,39.6,20.5,0.0075,,
0.5610,71,40.4,20.5,0.0075,,
0.5695,72,41.2,20.5,0.0075,,
0.5770,73,41.7,20.5,0.0075,,
0.5855,74,42.6,20.5,0.0085,,
0.5940,75,43.4,20.5,0.0085,,
0.6025,76,44.1,20.5,0.0075,,
0.6110,77,44.9,20.5,0.0075,,
0.6190,78,45.6,20.5,0.0075,,
0.6275,79,46.3,20.5,0.0085,,
0.6350,80,47.1,20.5,0.0075,,
0.6435,81,47.8,20.5,0.0085,,
0.6520,82,48.5,20.5,0.0075,,
0.6605,83,49.3,20.5,0.0075,,
0.6690,84,50.1,20.5,0.0075,,
0.6765,85,50.7,20.5,0.0075,,
0.6850,86,51.4,20.5,0.0085,,
0.6930,87,52.2,20.5,0.0080,,
0.7015,88,53.0,20.5,0.0075,,
0.7100,89,53.7,20.5,0.0075,,
0.7185,90,54.4,20.5,0.0075,,
0.7270,91,55.1,20.5,0.0085,,
0.7345,92,55.9,20.5,0.0075,,
0.7430,93,56.6,20.5,0.0085,,
0.7515,94,57.3,20.5,0.0075,,
0.7595,95,58.1,20.5,0.0075,,
0.7680,96,58.8,20.5,0.0075,,
0.7765,97,59.5,20.5,0.0085,,
0.7840,98,60.2,20.5,0.0075,,
0.7925,99,60.9,20.5,0.0085,,
0.8010,100,61.7,20.5,0.0075,,
0.8095,101,62.4,20.5,0.0075,,
0.8175,102,63.2,20.5,0.0075,,
0.8260,103,64.0,20.5,0.0085,,
0.8335,104,64.7,20.5,0.0075,,
0.8420,105,65.5,20.5,0.0085,,
0.8505,106,66.3,20.5,0.0075,,
0.8590,107,67.0,20.5,0.0075,,
0.8675,108,67.7,20.5,0.0075,,
0.8755,109,68.5,20.6,0.0080,,
0.8835,110,69.4,20.5,0.0080,,
0.8915,111,70.2,20.5,0.0080,,
0.9000,112,71.0,20.5,0.0075,,
0.9085,113,71.8,20.6,0.0075,,
0.9170,114,72.7,20.6,0.0075,,
0.9255,115,73.5,20.5,0.0085,,
0.9330,116,74.4,20.5,0.0075,,
0.9415,117,75.2,20.6,0.0085,,
0.9495,118,76.0,20.6,0.0075,,
0.9580,119,76.9,20.6,0.0075,,
0.9665,120,77.9,20.6,0.0075,,
0.9750,121,78.7,20.6,0.0085,,
0.9825,122,79.7,20.6,0.0075,,
0.9910,123,80.7,20.6,0.0085,,
0.9995,124,81.7,20.6,0.0075,,
1.0080,125,82.8,20.6,0.0075,,
1.0160,126,83.8,20.6,0.0075,,
1.0245,127,84.8,20.6,0.0085,,
1.0320,128,85.9,20.6,0.0075,,
1.0405,129,87.1,20.6,0.0085,,
1.0490,130,88.0,20.6,0.0075,,
1.0575,131,89.0,20.6,0.0075,,
1.0660,132,90.3,20.6,0.0075,,
1.0740,133,91.6,20.6,0.0075,,
1.0820,134,92.8,20.6,0.0080,,
1.0900,135,93.7,20.6,0.0080,,
1.0985,136,94.9,20.6,0.0075,,
1.1070,137,96.3,20.6,0.0075,,
1.1155,138,97.8,20.6,0.0075,,
1.1240,139,99.0,20.6,0.0085,,
1.1315,140,100.3,20.6,0.0075,,
1.1400,141,101.7,20.6,0.0085,,
1.1485,142,103.3,20.6,0.0075,,
1.1565,143,104.9,20.6,0.0075,,
1.1650,144,106.2,20.6,0.0075,,
1.1735,145,107.8,20.6,0.0085,,
1.1810,146,109.5,20.6,0.0075,,
1.1895,147,111.3,20.6,0.0085,,
1.1980,148,113.3,20.6,0.0075,,
1.2065,149,115.4,20.6,0.0075,,
1.2145,150,117.5,20.6,0.0075,,
1.2230,151,119.9,20.6,0.0075,,
1.2305,152,122.1,20.6,0.0075,,
1.2390,153,124.2,20.6,0.0085,,
1.2475,154,127.0,20.6,0.0075,,
1.2560,155,129.8,20.6,0.0075,,
1.2645,156,132.8,20.6,0.0075,,
1.2730,157,135.6,20.6,0.0075,,
1.2805,158,138.3,20.6,0.0075,,
1.2890,159,141.4,20.6,0.0085,,
1.2970,160,144.9,20.6,0.0075,,
1.3055,161,148.2,20.6,0.0075,,
1.3140,162,151.6,20.6,0.0075,,
1.3225,163,154.9,20.6,0.0075,,
1.3300,164,157.9,20.6,0.0075,,
1.3385,165,161.1,20.6,0.0085,,
1.3470,166,164.2,20.6,0.0075,,
1.3550,167,167.0,20.6,0.0075,,
1.3635,168,169.8,20.6,0.0075,,
1.3720,169,172.3,20.6,0.0075,,
1.3795,170,174.2,20.6,0.0075,,
1.3880,171,176.2,20.6,0.0085,,
1.3965,172,178.5,20.6,0.0075,,
1.4050,173,180.3,20.6,0.0075,,
1.4135,174,182.2,20.6,0.0075,,
1.4215,175,183.7,20.6,0.0075,,
1.4305,176,185.2,20.6,0.0075,,
1.4305,416,187.0,20.6,0.0000,,
1.4310,417,187.0,20.6,0.0005,,
1.4325,418,187.0,20.6,0.0010,,
1.4350,419,187.3,20.6,0.0020,,
1.4390,420,187.7,20.6,0.0030,,
1.4450,421,188.6,20.6,0.0045,,
1.4530,422,189.8,20.6,0.0055,,
1.4610,423,190.9,20.6,0.0060,,
1.4690,424,192.1,20.6,0.0060,,
1.4775,425,193.2,20.6,0.0065,,
1.4860,426,194.4,20.6,0.0060,,
1.4945,427,195.5,20.6,0.0060,,
1.5030,428,196.4,20.6,0.0060,,
1.5105,429,197.5,20.6,0.0060,,
1.5190,430,198.4,20.6,0.0065,,
1.5270,431,199.4,20.6,0.0060,,
1.5355,432,200.3,20.6,0.0060,,
1.5440,433,201.2,20.7,0.0060,,
1.5525,434,201.9,20.6,0.0060,,
1.5610,435,202.6,20.6,0.0065,,
1.5685,436,203.4,20.7,0.0060,,
1.5770,437,204.2,20.7,0.0065,,
1.5855,438,204.8,20.7,0.0060,,
1.5935,439,205.7,20.7,0.0055,,
1.6020,440,206.6,20.7,0.0060,,
1.6095,441,207.1,20.7,0.0060,,
1.6180,442,207.9,20.7,0.0065,,
1.6265,443,208.5,20.6,0.0065,,
1.6350,444,209.2,20.7,0.0060,,
1.6435,445,209.8,20.7,0.0060,,
1.6515,446,210.3,20.7,0.0055,,
1.6595,447,210.9,20.7,0.0060,,
1.6675,448,211.5,20.7,0.0060,,
1.6760,449,212.1,20.7,0.0065,,
1.6845,450,212.7,20.7,0.0060,,
1.6930,451,213.1,20.7,0.0060,,
1.7015,452,213.7,20.7,0.0060,,
1.7090,453,214.2,20.7,0.0060,,
1.7175,454,214.7,20.7,0.0065,,
1.7255,455,215.3,20.7,0.0060,,
1.7340,456,215.7,20.7,0.0060,,
1.7425,457,216.1,20.7,0.0060,,
1.7510,458,216.7,20.7,0.0060,,
1.7595,459,217.1,20.7,0.0065,,
1.7670,460,217.6,20.7,0.0060,,
1.7755,461,218.0,20.7,0.0065,,
1.7835,462,218.4,20.7,0.0055,,
1.7920,463,218.8,20.7,0.0060,,
1.8005,464,219.2,20.7,0.0060,,
1.8090,465,219.6,20.7,0.0060,,
1.8165,466,219.9,20.7,0.0060,,
1.8250,467,220.4,20.7,0.0065,,
1.8335,468,220.8,20.7,0.0060,,
1.8420,469,221.1,20.7,0.0060,,
1.8500,470,221.5,20.7,0.0055,,
1.8585,471,221.8,20.7,0.0065,,
1.8660,472,222.2,20.7,0.0060,,
1.8745,473,222.6,20.7,0.0065,,
1.8830,474,223.0,20.7,0.0065,,
1.8915,475,223.4,20.7,0.0060,,
1.9000,476,223.8,20.7,0.0060,,
1.9080,477,224.2,20.7,0.0055,,
1.9160,478,224.4,20.7,0.0060,,
1.9240,479,224.9,20.7,0.0060,,
1.9325,480,225.2,20.7,0.0060,,
1.9410,481,225.6,20.7,0.0060,,
1.9495,482,225.9,20.7,0.0060,,
1.9580,483,226.2,20.7,0.0060,,
1.9655,484,226.5,20.7,0.0060,,
1.9740,485,226.8,20.7,0.0065,,
1.9825,486,227.1,20.7,0.0060,,
1.9905,487,227.3,20.7,0.0055,,
1.9990,488,227.5,20.7,0.0060,,
2.0075,489,227.8,20.7,0.0065,,
2.0150,490,228.1,20.7,0.0060,,
2.0235,491,228.4,20.7,0.0065,,
2.0320,492,228.7,20.7,0.0060,,
2.0405,493,229.0,20.7,0.0060,,
2.0490,494,229.4,20.7,0.0060,,
2.0570,495,229.6,20.7,0.0060,,
2.0645,496,230.0,20.7,0.0060,,
2.0730,497,230.2,20.7,0.0065,,
2.0815,498,230.5,20.7,0.0060,,
2.0900,499,230.8,20.7,0.0060,,
2.0985,500,231.1,20.7,0.0060,,
2.1060,501,231.4,20.7,0.0060,,
2.1145,502,231.5,20.7,0.0065,,
2.1230,503,231.8,20.7,0.0065,,
2.1310,504,232.0,20.7,0.0055,,
2.1395,505,232.2,20.7,0.0060,,
2.1480,506,232.4,20.7,0.0060,,
2.1555,507,232.6,20.7,0.0060,,
2.1640,508,232.9,20.7,0.0065,,
2.1725,509,233.2,20.7,0.0065,,
2.1810,510,233.4,20.7,0.0060,,
2.1895,511,233.7,20.7,0.0060,,
2.1975,512,234.0,20.7,0.0055,,
2.2045,513,234.2,20.7,0.0055,,
2.2115,514,234.5,20.7,0.0055,,
2.2135,515,234.6,20.7,0.0015,,
2.2145,516,234.6,20.7,0.0005,,
2.2165,517,234.7,20.7,0.0015,,
2.2190,518,234.7,20.7,0.0020,,
2.2215,519,234.8,20.7,0.0020,,
2.2250,520,234.8,20.7,0.0025,,
2.2300,522,235.0,20.7,0.0035,,
