Task,T3803
Scope 1/1, Sample 1/6 (junk1)
Result,TitrationEP1
V,t,E,T,dV/dt,E acc. stat.,Volume acc. stat.
0.0000,0,-8.4,21.8,NaN,,
0.0010,1,-6.9,21.8,0.0010,,
0.0025,2,-6.6,21.8,0.0015,,
0.0050,3,-6.3,21.8,0.0025,,
0.0085,4,-5.3,21.8,0.0030,,
0.0150,5,-1.0,21.8,0.0060,,
0.0230,6,4.9,21.8,0.0075,,
0.0315,7,14.1,21.8,0.0075,,
0.0400,8,22.3,21.8,0.0075,,
0.0475,9,29.5,21.8,0.0070,,
0.0560,10,38.2,21.8,0.0075,,
0.0645,11,47.3,21.8,0.0075,,
0.0730,12,56.9,21.8,0.0075,,
0.0815,13,66.7,21.8,0.0075,,
0.0895,14,77.6,21.8,0.0075,,
0.0975,15,87.9,21.8,0.0075,,
0.1060,16,99.8,21.8,0.0075,,
0.1140,17,111.8,21.8,0.0075,,
0.1225,18,123.9,21.8,0.0075,,
0.1310,19,135.5,21.8,0.0075,,
0.1395,20,146.2,21.8,0.0075,,
0.1470,21,155.2,21.8,0.0070,,
0.1555,22,163.6,21.8,0.0075,,
0.1640,23,171.1,21.8,0.0075,,
0.1725,24,177.4,21.8,0.0075,,
0.1810,25,182.3,21.8,0.0075,,
0.1885,26,185.1,21.8,0.0075,,
0.1885,266,197.0,21.8,0.0000,,
0.1890,267,197.0,21.8,0.0005,,
0.1905,268,197.0,21.8,0.0015,,
0.1930,269,197.1,21.8,0.0025,,
0.1970,270,197.2,21.8,0.0035,,
0.2035,271,197.5,21.8,0.0055,,
0.2120,272,198.2,21.8,0.0070,,
0.2195,273,199.2,21.8,0.0070,,
0.2280,274,200.3,21.8,0.0075,,
0.2365,275,201.3,21.8,0.0075,,
0.2445,276,202.2,21.8,0.0065,,
0.2530,277,203.0,21.8,0.0070,,
0.2615,278,204.0,21.8,0.0070,,
0.2700,279,204.8,21.8,0.0075,,
0.2775,280,205.5,21.8,0.0070,,
0.2860,281,206.4,21.8,0.0075,,
0.2945,282,207.2,21.9,0.0070,,
0.3030,283,208.1,21.9,0.0070,,
0.3115,284,208.8,21.9,0.0070,,
0.3195,285,209.3,21.9,0.0075,,
0.3275,286,210.1,21.9,0.0075,,
0.3355,287,210.8,21.9,0.0075,,
0.3440,288,211.4,21.9,0.0075,,
0.3525,289,212.1,21.9,0.0070,,
0.3610,290,212.8,21.9,0.0070,,
0.3695,291,213.4,21.9,0.0070,,
0.3770,292,213.9,21.9,0.0070,,
0.3855,293,214.5,21.8,0.0075,,
0.3940,294,215.0,21.9,0.0075,,
0.4020,295,215.6,21.9,0.0065,,
0.4105,296,216.3,21.9,0.0070,,
0.4190,297,216.7,21.9,0.0070,,
0.4275,298,217.1,21.9,0.0075,,
0.4350,299,217.7,21.9,0.0070,,
0.4435,300,218.2,21.9,0.0075,,
0.4520,301,218.7,21.9,0.0070,,
0.4605,302,219.1,21.9,0.0070,,
0.4690,303,219.7,21.9,0.0070,,
0.4770,304,220.1,21.9,0.0065,,
0.4845,305,220.5,21.9,0.0070,,
0.4930,306,220.9,21.9,0.0075,,
0.5015,307,221.4,21.9,0.0070,,
0.5100,308,221.8,21.9,0.0070,,
0.5185,309,222.3,21.9,0.0070,,
0.5270,310,222.7,21.9,0.0070,,
0.5345,311,223.1,21.9,0.0070,,
0.5430,312,223.4,21.9,0.0075,,
0.5515,313,223.8,21.9,0.0070,,
0.5595,314,224.1,21.9,0.0065,,
0.5680,315,224.6,21.9,0.0070,,
0.5765,316,224.9,21.9,0.0070,,
0.5840,317,225.2,21.9,0.0070,,
0.5925,318,225.7,21.9,0.0075,,
0.6010,319,226.1,21.9,0.0070,,
0.6095,320,226.4,21.9,0.0070,,
0.6180,321,226.8,21.9,0.0070,,
0.6265,322,227.1,21.9,0.0070,,
0.6340,323,227.3,21.9,0.0070,,
0.6425,324,227.7,21.9,0.0075,,
0.6505,325,228.0,21.9,0.0075,,
0.6590,326,228.3,21.9,0.0070,,
0.6675,327,228.6,21.9,0.0070,,
0.6760,328,229.0,21.9,0.0070,,
0.6835,329,229.3,21.9,0.0070,,
0.6920,330,229.6,21.9,0.0075,,
0.7005,331,229.9,21.9,0.0075,,
0.7090,332,230.2,21.9,0.0070,,
0.7175,333,230.5,21.9,0.0070,,
0.7255,334,230.8,21.9,0.0065,,
0.7335,335,231.1,21.9,0.0075,,
0.7415,336,231.4,21.9,0.0075,,
0.7500,337,231.6,21.9,0.0075,,
0.7585,338,232.0,21.9,0.0070,,
0.7670,339,232.2,21.9,0.0070,,
0.7755,340,232.5,21.9,0.0070,,
0.7830,341,232.8,21.9,0.0070,,
0.7915,342,233.0,21.9,0.0075,,
0.8000,343,233.3,21.9,0.0075,,
0.8085,344,233.5,21.9,0.0070,,
0.8170,345,233.8,21.9,0.0070,,
0.8245,346,234.1,21.9,0.0060,,
0.8305,347,234.3,21.9,0.0055,,
0.8310,348,234.5,21.9,0.0005,,
0.8315,349,234.6,21.9,0.0005,,
0.8320,350,234.6,21.9,0.0005,,
0.8335,351,234.7,21.9,0.0010,,
0.8360,352,234.6,21.9,0.0020,,
0.8385,353,234.7,21.9,0.0025,,
0.8430,354,234.8,21.9,0.0040,,
0.8485,355,234.9,21.9,0.0050,,
0.8545,356,235.0,21.9,0.0045,,
Scope 1/1, Sample 2/6 (junk2)
Result,TitrationEP1
V,t,E,T,dV/dt,E acc. stat.,Volume acc. stat.
0.0000,0,117.3,21.8,NaN,,
0.0010,1,117.2,21.8,0.0010,,
0.0025,2,117.2,21.8,0.0015,,
0.0050,3,117.3,21.8,0.0025,,
0.0090,4,118.4,21.8,0.0035,,
0.0150,5,122.2,21.8,0.0055,,
0.0235,6,129.5,21.8,0.0075,,
0.0320,7,138.8,21.8,0.0075,,
0.0405,8,147.0,21.8,0.0075,,
0.0490,9,153.3,21.8,0.0075,,
0.0565,10,159.2,21.8,0.0070,,
0.0650,11,163.5,21.8,0.0075,,
0.0735,12,168.1,21.8,0.0075,,
0.0815,13,171.1,21.8,0.0075,,
0.0900,14,174.2,21.8,0.0075,,
0.0985,15,177.0,21.8,0.0075,,
0.1060,16,179.5,21.8,0.0070,,
0.1145,17,181.9,21.8,0.0075,,
0.1230,18,184.3,21.8,0.0075,,
0.1285,19,185.1,21.8,0.0070,,
0.1285,259,190.4,21.9,0.0000,,
0.1290,260,190.4,21.9,0.0005,,
0.1305,261,190.4,21.9,0.0015,,
0.1330,262,190.3,21.9,0.0025,,
0.1375,263,190.5,21.9,0.0045,,
0.1435,264,190.9,21.9,0.0060,,
0.1520,265,191.8,21.9,0.0095,,
0.1595,266,193.1,21.9,0.0085,,
0.1680,267,194.0,21.9,0.0095,,
0.1765,268,195.3,21.9,0.0085,,
0.1850,269,196.8,21.9,0.0085,,
0.1930,270,198.1,21.9,0.0080,,
0.2015,271,199.3,21.9,0.0085,,
0.2090,272,200.2,21.9,0.0085,,
0.2175,273,201.2,21.9,0.0095,,
0.2260,274,202.2,21.9,0.0095,,
0.2345,275,203.1,21.9,0.0085,,
0.2430,276,204.1,21.9,0.0085,,
0.2515,277,205.1,21.9,0.0085,,
0.2590,278,206.0,21.9,0.0085,,
0.2675,279,206.6,21.9,0.0095,,
0.2760,280,207.4,21.9,0.0095,,
0.2840,281,208.2,21.9,0.0080,,
0.2925,282,209.0,21.9,0.0085,,
0.3010,283,209.7,21.9,0.0085,,
0.3085,284,210.3,21.9,0.0085,,
0.3170,285,211.1,21.9,0.0095,,
0.3255,286,211.6,21.9,0.0095,,
0.3340,287,212.3,21.9,0.0085,,
0.3425,288,212.9,21.9,0.0085,,
0.3510,289,213.6,21.9,0.0085,,
0.3590,290,214.2,21.9,0.0090,,
0.3670,291,214.7,21.9,0.0090,,
0.3750,292,215.3,21.9,0.0090,,
0.3835,293,216.0,21.9,0.0095,,
0.3920,294,216.3,21.9,0.0085,,
0.4005,295,216.9,21.9,0.0085,,
0.4090,296,217.5,21.9,0.0085,,
0.4165,297,218.0,21.9,0.0085,,
0.4250,298,218.4,21.9,0.0095,,
0.4335,299,218.9,21.9,0.0095,,
0.4415,300,219.4,21.9,0.0080,,
0.4500,301,220.0,21.9,0.0085,,
0.4585,302,220.4,21.9,0.0085,,
0.4660,303,220.8,21.9,0.0085,,
0.4745,304,221.2,21.9,0.0095,,
0.4830,305,221.7,21.9,0.0095,,
0.4915,306,222.1,21.9,0.0085,,
0.5000,307,222.6,21.9,0.0085,,
0.5085,308,222.9,21.9,0.0085,,
0.5160,309,223.4,21.9,0.0085,,
0.5245,310,223.8,21.9,0.0095,,
0.5325,311,224.2,21.9,0.0090,,
0.5410,312,224.6,21.9,0.0085,,
0.5495,313,225.0,21.9,0.0085,,
0.5580,314,225.3,21.9,0.0085,,
0.5655,315,225.6,21.9,0.0085,,
0.5740,316,226.0,21.9,0.0095,,
0.5825,317,226.4,21.9,0.0095,,
0.5910,318,226.7,21.9,0.0085,,
0.5995,319,227.1,21.9,0.0085,,
0.6075,320,227.4,21.9,0.0080,,
0.6155,321,227.8,21.9,0.0090,,
0.6235,322,228.1,21.9,0.0090,,
0.6320,323,228.4,21.9,0.0095,,
0.6405,324,228.7,21.9,0.0085,,
0.6490,325,229.1,21.9,0.0085,,
0.6575,326,229.4,21.9,0.0085,,
0.6650,327,229.6,21.9,0.0085,,
0.6735,328,230.0,21.9,0.0095,,
0.6820,329,230.3,21.9,0.0095,,
0.6905,330,230.6,21.9,0.0085,,
0.6985,331,230.8,21.9,0.0080,,
0.7070,332,231.2,21.9,0.0085,,
0.7145,333,231.4,21.9,0.0085,,
0.7230,334,231.7,21.9,0.0095,,
0.7315,335,232.0,21.9,0.0095,,
0.7400,336,232.2,21.9,0.0085,,
0.7485,337,232.6,21.9,0.0085,,
0.7570,338,232.8,21.9,0.0085,,
0.7645,339,233.1,21.9,0.0085,,
0.7730,340,233.3,21.9,0.0095,,
0.7815,341,233.6,21.9,0.0095,,
0.7895,342,233.8,21.9,0.0080,,
0.7975,343,234.1,21.9,0.0080,,
0.8020,344,234.3,21.9,0.0045,,
0.8025,345,234.5,21.9,0.0005,,
0.8030,346,234.6,21.9,0.0005,,
0.8035,347,234.6,21.9,0.0005,,
0.8050,348,234.6,21.9,0.0015,,
0.8075,349,234.7,21.9,0.0025,,
0.8110,350,234.7,21.9,0.0035,,
0.8165,351,234.8,21.9,0.0060,,
0.8215,352,235.0,21.9,0.0055,,
0.8255,353,235.0,21.9,0.0055,,
Scope 1/1, Sample 3/6 (junk3)
Result,TitrationEP1
V,t,E,T,dV/dt,E acc. stat.,Volume acc. stat.
0.0000,0,117.6,21.9,NaN,,
0.0005,1,117.6,21.9,0.0005,,
0.0025,2,117.6,21.9,0.0020,,
0.0050,3,117.7,21.9,0.0025,,
0.0090,4,119.3,21.9,0.0035,,
0.0150,5,124.0,21.9,0.0055,,
0.0235,6,132.7,21.9,0.0075,,
0.0320,7,140.8,21.9,0.0085,,
0.0395,8,149.6,21.9,0.0075,,
0.0480,9,156.3,21.9,0.0085,,
0.0565,10,161.8,21.9,0.0075,,
0.0650,11,166.0,21.9,0.0075,,
0.0735,12,170.4,21.9,0.0075,,
0.0815,13,173.2,21.9,0.0075,,
0.0895,14,175.8,21.9,0.0080,,
0.0975,15,178.5,21.9,0.0080,,
0.1060,16,181.4,21.9,0.0075,,
0.1145,17,183.6,21.9,0.0075,,
0.1240,18,185.2,21.9,0.0080,,
0.1240,258,190.2,22.0,0.0000,,
0.1245,259,190.2,22.0,0.0005,,
0.1260,260,190.3,22.0,0.0010,,
0.1285,261,190.3,22.0,0.0020,,
0.1325,262,190.4,22.0,0.0030,,
0.1385,263,190.9,22.0,0.0045,,
0.1470,264,191.9,22.0,0.0060,,
0.1545,265,192.9,22.0,0.0060,,
0.1630,266,194.6,22.0,0.0065,,
0.1715,267,195.8,22.0,0.0065,,
0.1800,268,197.1,22.0,0.0060,,
0.1880,269,198.2,22.0,0.0055,,
0.1965,270,199.3,22.0,0.0060,,
0.2040,271,200.3,22.0,0.0060,,
0.2125,272,201.3,22.0,0.0065,,
0.2210,273,202.4,22.0,0.0065,,
0.2295,274,203.3,22.0,0.0060,,
0.2380,275,204.4,22.0,0.0060,,
0.2465,276,205.3,22.0,0.0060,,
0.2540,277,206.1,22.0,0.0060,,
0.2625,278,206.9,22.0,0.0065,,
0.2710,279,207.7,22.0,0.0065,,
0.2790,280,208.5,22.0,0.0055,,
0.2875,281,209.2,22.0,0.0060,,
0.2960,282,210.0,22.0,0.0060,,
0.3045,283,210.6,22.0,0.0065,,
0.3120,284,211.3,22.0,0.0060,,
0.3205,285,212.0,22.0,0.0065,,
0.3290,286,212.6,22.0,0.0060,,
0.3375,287,213.3,22.0,0.0060,,
0.3460,288,213.9,22.0,0.0060,,
0.3540,289,214.4,22.0,0.0060,,
0.3620,290,215.0,22.0,0.0060,,
0.3700,291,215.6,22.0,0.0060,,
0.3785,292,216.1,22.0,0.0060,,
0.3870,293,216.6,22.0,0.0060,,
0.3955,294,217.1,22.0,0.0060,,
0.4040,295,217.6,22.0,0.0065,,
0.4115,296,218.2,22.0,0.0060,,
0.4200,297,218.7,22.0,0.0065,,
0.4285,298,219.2,22.0,0.0060,,
0.4370,299,219.8,22.0,0.0060,,
0.4450,300,220.3,22.0,0.0055,,
0.4535,301,220.6,22.0,0.0065,,
0.4610,302,221.0,22.0,0.0060,,
0.4695,303,221.5,22.0,0.0065,,
0.4780,304,221.9,22.0,0.0060,,
0.4865,305,222.5,22.0,0.0060,,
0.4950,306,222.8,22.0,0.0060,,
0.5035,307,223.2,22.0,0.0065,,
0.5110,308,223.6,22.0,0.0060,,
0.5195,309,224.0,22.0,0.0065,,
0.5280,310,224.4,22.0,0.0060,,
0.5360,311,224.8,22.0,0.0055,,
0.5445,312,225.2,22.0,0.0060,,
0.5530,313,225.6,22.0,0.0065,,
0.5605,314,225.9,22.0,0.0060,,
0.5690,315,226.3,22.0,0.0065,,
0.5775,316,226.7,22.0,0.0060,,
0.5860,317,227.1,22.0,0.0060,,
0.5945,318,227.4,22.0,0.0060,,
0.6025,319,227.8,22.0,0.0055,,
0.6105,320,228.0,22.0,0.0060,,
0.6185,321,228.4,22.0,0.0060,,
0.6270,322,228.7,22.0,0.0065,,
0.6355,323,229.0,22.0,0.0060,,
0.6440,324,229.3,22.0,0.0060,,
0.6525,325,229.7,22.0,0.0060,,
0.6600,326,230.0,22.0,0.0060,,
0.6685,327,230.2,22.0,0.0065,,
0.6770,328,230.5,22.0,0.0065,,
0.6855,329,230.9,22.0,0.0060,,
0.6935,330,231.1,22.0,0.0055,,
0.7020,331,231.4,22.0,0.0060,,
0.7095,332,231.7,22.0,0.0060,,
0.7180,333,232.0,22.0,0.0065,,
0.7265,334,232.2,22.0,0.0065,,
0.7350,335,232.5,22.0,0.0060,,
0.7435,336,232.8,22.0,0.0060,,
0.7520,337,233.2,22.0,0.0060,,
0.7595,338,233.3,22.0,0.0060,,
0.7680,339,233.6,22.0,0.0065,,
0.7760,340,233.9,22.0,0.0060,,
0.7830,341,234.1,22.0,0.0050,,
0.7885,342,234.4,22.0,0.0040,,
0.7895,343,234.5,22.0,0.0005,,
0.7895,344,234.6,22.0,0.0000,,
0.7905,345,234.6,22.0,0.0010,,
0.7920,346,234.7,22.0,0.0010,,
0.7945,347,234.7,22.0,0.0020,,
0.7980,348,234.8,22.0,0.0025,,
0.8035,349,234.8,22.0,0.0040,,
0.8105,351,235.0,22.0,0.0045,,
Scope 1/1, Sample 4/6 (VWell1)
Result,TitrationEP1
V,t,E,T,dV/dt,E acc. stat.,Volume acc. stat.
0.0000,0,-48.9,21.8,NaN,,
0.0010,1,-50.1,21.8,0.0010,,
0.0025,2,-50.3,21.8,0.0015,,
0.0050,3,-50.6,21.8,0.0025,,
0.0090,4,-50.8,21.8,0.0035,,
0.0150,5,-51.0,21.8,0.0055,,
0.0235,6,-51.2,21.8,0.0075,,
0.0320,7,-51.3,21.8,0.0075,,
0.0405,8,-51.5,21.8,0.0075,,
0.0490,9,-51.5,21.8,0.0075,,
0.0565,10,-51.5,21.8,0.0070,,
0.0650,11,-51.4,21.8,0.0075,,
0.0735,12,-51.3,21.8,0.0075,,
0.0820,13,-51.1,21.8,0.0075,,
0.0900,14,-50.9,21.8,0.0075,,
0.0985,15,-50.6,21.8,0.0075,,
0.1060,16,-50.3,21.8,0.0070,,
0.1145,17,-49.9,21.8,0.0075,,
0.1230,18,-49.5,21.8,0.0075,,
0.1315,19,-49.0,21.8,0.0075,,
0.1400,20,-48.6,21.8,0.0075,,
0.1485,21,-48.1,21.8,0.0075,,
0.1560,22,-47.6,21.8,0.0070,,
0.1645,23,-47.1,21.8,0.0075,,
0.1725,24,-46.5,21.8,0.0075,,
0.1810,25,-45.9,21.8,0.0075,,
0.1895,26,-45.3,21.8,0.0075,,
0.1980,27,-44.7,21.8,0.0070,,
0.2055,28,-44.2,21.8,0.0070,,
0.2140,29,-43.5,21.8,0.0075,,
0.2225,30,-42.8,21.8,0.0075,,
0.2310,31,-42.2,21.8,0.0075,,
0.2395,32,-41.5,21.8,0.0075,,
0.2475,33,-40.9,21.8,0.0075,,
0.2555,34,-40.4,21.8,0.0075,,
0.2635,35,-39.8,21.8,0.0075,,
0.2720,36,-39.1,21.8,0.0075,,
0.2805,37,-38.5,21.8,0.0075,,
0.2890,38,-37.9,21.8,0.0075,,
0.2975,39,-37.4,21.8,0.0075,,
0.3050,40,-36.8,21.8,0.0070,,
0.3135,41,-36.2,21.8,0.0075,,
0.3220,42,-35.6,21.8,0.0075,,
0.3305,43,-35.1,21.8,0.0075,,
0.3385,44,-34.6,21.8,0.0075,,
0.3470,45,-34.0,21.8,0.0075,,
0.3545,46,-33.6,21.8,0.0070,,
0.3630,47,-33.1,21.8,0.0075,,
0.3715,48,-32.5,21.8,0.0075,,
0.3800,49,-32.0,21.8,0.0075,,
0.3885,50,-31.5,21.8,0.0075,,
0.3970,51,-31.0,21.8,0.0075,,
0.4050,52,-30.5,21.8,0.0075,,
0.4130,53,-30.0,21.8,0.0075,,
0.4210,54,-29.5,21.8,0.0075,,
0.4295,55,-29.1,21.8,0.0075,,
0.4380,56,-28.6,21.8,0.0075,,
0.4465,57,-28.2,21.8,0.0075,,
0.4550,58,-27.7,21.8,0.0075,,
0.4625,59,-27.3,21.8,0.0070,,
0.4710,60,-26.8,21.8,0.0075,,
0.4795,61,-26.4,21.8,0.0075,,
0.4880,62,-26.0,21.8,0.0075,,
0.4960,63,-25.6,21.8,0.0075,,
0.5045,64,-25.1,21.8,0.0070,,
0.5120,65,-24.7,21.8,0.0070,,
0.5205,66,-24.3,21.8,0.0075,,
0.5290,67,-23.8,21.8,0.0075,,
0.5375,68,-23.4,21.8,0.0075,,
0.5460,69,-23.0,21.8,0.0075,,
0.5545,70,-22.6,21.8,0.0075,,
0.5620,71,-22.2,21.8,0.0070,,
0.5705,72,-21.8,21.8,0.0075,,
0.5790,73,-21.4,21.8,0.0075,,
0.5870,74,-21.1,21.8,0.0075,,
0.5955,75,-20.7,21.8,0.0075,,
0.6040,76,-20.3,21.8,0.0070,,
0.6115,77,-19.9,21.8,0.0070,,
0.6200,78,-19.4,21.8,0.0075,,
0.6285,79,-19.1,21.8,0.0075,,
0.6370,80,-18.7,21.8,0.0075,,
0.6455,81,-18.3,21.8,0.0075,,
0.6540,82,-17.9,21.8,0.0070,,
0.6615,83,-17.5,21.8,0.0070,,
0.6700,84,-17.1,21.8,0.0075,,
0.6780,85,-16.8,21.8,0.0075,,
0.6865,86,-16.4,21.8,0.0075,,
0.6950,87,-16.1,21.8,0.0075,,
0.7035,88,-15.7,21.8,0.0070,,
0.7110,89,-15.3,21.8,0.0070,,
0.7195,90,-15.0,21.8,0.0075,,
0.7280,91,-14.6,21.8,0.0075,,
0.7365,92,-14.2,21.8,0.0075,,
0.7450,93,-13.9,21.8,0.0075,,
0.7535,94,-13.5,21.8,0.0070,,
0.7610,95,-13.1,21.8,0.0070,,
0.7695,96,-12.8,21.8,0.0075,,
0.7775,97,-12.4,21.8,0.0075,,
0.7860,98,-12.1,21.8,0.0075,,
0.7945,99,-11.7,21.8,0.0075,,
0.8030,100,-11.4,21.8,0.0075,,
0.8105,101,-11.1,21.8,0.0070,,
0.8190,102,-10.8,21.8,0.0075,,
0.8275,103,-10.5,21.8,0.0075,,
0.8355,104,-10.1,21.8,0.0075,,
0.8440,105,-9.8,21.8,0.0075,,
0.8525,106,-9.4,21.8,0.0075,,
0.8610,107,-9.1,21.8,0.0075,,
0.8685,108,-8.8,21.8,0.0070,,
0.8770,109,-8.4,21.8,0.0075,,
0.8855,110,-8.1,21.8,0.0075,,
0.8940,111,-7.8,21.8,0.0075,,
0.9025,112,-7.5,21.9,0.0075,,
0.9105,113,-7.1,21.8,0.0065,,
0.9185,114,-6.9,21.8,0.0075,,
0.9265,115,-6.5,21.8,0.0075,,
0.9350,116,-6.2,21.9,0.0075,,
0.9435,117,-5.9,21.9,0.0075,,
0.9520,118,-5.6,21.9,0.0075,,
0.9605,119,-5.2,21.9,0.0075,,
0.9680,120,-4.9,21.9,0.0070,,
0.9765,121,-4.5,21.9,0.0075,,
0.9850,122,-4.1,21.9,0.0075,,
0.9935,123,-3.7,21.9,0.0075,,
1.0015,124,-3.3,21.9,0.0075,,
1.0100,125,-3.0,21.9,0.0075,,
1.0175,126,-2.6,21.9,0.0070,,
1.0260,127,-2.2,21.9,0.0075,,
1.0345,128,-1.8,21.9,0.0075,,
1.0430,129,-1.5,21.9,0.0075,,
1.0515,130,-1.1,21.9,0.0075,,
1.0600,131,-0.8,21.9,0.0075,,
1.0675,132,-0.4,21.9,0.0070,,
1.0760,133,-0.1,21.9,0.0075,,
1.0845,134,0.1,21.9,0.0075,,
1.0930,135,0.1,21.9,0.0075,,
1.1010,136,0.2,21.9,0.0075,,
1.1095,137,0.5,21.9,0.0070,,
1.1170,138,0.7,21.9,0.0070,,
1.1255,139,1.0,21.9,0.0075,,
1.1340,140,1.3,21.9,0.0075,,
1.1425,141,1.6,21.9,0.0075,,
1.1510,142,2.0,21.9,0.0075,,
1.1595,143,2.5,21.9,0.0075,,
1.1670,144,3.0,21.9,0.0070,,
1.1755,145,3.5,21.9,0.0075,,
1.1840,146,3.8,21.9,0.0075,,
1.1920,147,3.7,21.9,0.0075,,
1.2005,148,4.1,21.9,0.0075,,
1.2090,149,4.5,21.9,0.0075,,
1.2165,150,4.7,21.9,0.0070,,
1.2250,151,5.0,21.9,0.0075,,
1.2335,152,5.3,21.9,0.0075,,
1.2420,153,5.5,21.9,0.0075,,
1.2505,154,5.8,21.9,0.0075,,
1.2585,155,6.1,21.9,0.0075,,
1.2665,156,6.3,21.9,0.0075,,
1.2745,157,6.5,21.9,0.0075,,
1.2830,158,6.8,21.9,0.0075,,
1.2915,159,7.1,21.9,0.0075,,
1.3000,160,7.3,21.9,0.0075,,
1.3085,161,7.7,21.9,0.0075,,
1.3170,162,7.9,21.9,0.0075,,
1.3245,163,8.3,21.9,0.0070,,
1.3330,164,8.6,21.9,0.0075,,
1.3415,165,8.9,21.9,0.0075,,
1.3495,166,9.4,21.9,0.0075,,
1.3580,167,9.7,21.9,0.0075,,
1.3655,168,10.1,21.9,0.0070,,
1.3740,169,10.4,21.9,0.0075,,
1.3825,170,10.7,21.9,0.0075,,
1.3910,171,11.1,21.9,0.0075,,
1.3995,172,11.4,21.9,0.0075,,
1.4080,173,11.9,21.9,0.0075,,
1.4165,174,12.1,21.9,0.0070,,
1.4240,175,12.5,21.9,0.0070,,
1.4320,176,12.8,21.9,0.0075,,
1.4405,177,13.1,21.9,0.0075,,
1.4490,178,13.5,21.9,0.0075,,
1.4575,179,13.8,21.9,0.0075,,
1.4660,180,14.1,21.9,0.0070,,
1.4735,181,14.4,21.9,0.0070,,
1.4820,182,14.7,21.9,0.0075,,
1.4905,183,15.0,21.9,0.0075,,
1.4990,184,15.3,21.9,0.0075,,
1.5070,185,15.6,21.9,0.0075,,
1.5155,186,16.0,21.9,0.0075,,
1.5230,187,16.2,21.9,0.0070,,
1.5315,188,16.6,21.9,0.0075,,
1.5400,189,16.9,21.9,0.0075,,
1.5485,190,17.2,21.9,0.0075,,
1.5570,191,17.5,21.9,0.0075,,
1.5655,192,17.8,21.9,0.0075,,
1.5730,193,18.1,21.9,0.0070,,
1.5815,194,18.4,21.9,0.0075,,
1.5900,195,18.7,21.9,0.0075,,
1.5985,196,19.0,21.9,0.0075,,
1.6065,197,19.4,21.9,0.0075,,
1.6150,198,19.6,21.9,0.0075,,
1.6225,199,19.9,21.9,0.0070,,
1.6310,200,20.2,21.9,0.0075,,
1.6395,201,20.5,21.9,0.0075,,
1.6480,202,20.9,21.9,0.0075,,
1.6565,203,21.2,21.9,0.0075,,
1.6650,204,21.5,21.9,0.0075,,
1.6725,205,21.8,21.9,0.0070,,
1.6810,206,22.1,21.9,0.0075,,
1.6895,207,22.4,21.9,0.0075,,
1.6975,208,22.8,21.9,0.0075,,
1.7060,209,23.1,21.9,0.0075,,
1.7145,210,23.4,21.9,0.0075,,
1.7220,211,23.7,21.9,0.0070,,
1.7305,212,23.9,21.9,0.0075,,
1.7390,213,24.3,21.9,0.0075,,
1.7475,214,24.6,21.9,0.0075,,
1.7560,215,24.9,21.9,0.0075,,
1.7645,216,25.3,21.9,0.0075,,
1.7720,217,25.6,21.9,0.0070,,
1.7805,218,25.9,21.9,0.0075,,
1.7885,219,26.2,21.9,0.0075,,
1.7970,220,26.6,21.9,0.0075,,
1.8055,221,26.9,21.9,0.0075,,
1.8140,222,27.2,21.9,0.0075,,
1.8215,223,27.5,21.9,0.0070,,
1.8300,224,27.9,21.9,0.0075,,
1.8385,225,28.2,21.9,0.0075,,
1.8470,226,28.5,21.9,0.0075,,
1.8550,227,28.8,21.9,0.0075,,
1.8635,228,29.2,21.9,0.0075,,
1.8710,229,29.4,21.9,0.0070,,
1.8795,230,29.8,21.9,0.0075,,
1.8880,231,30.1,21.9,0.0075,,
1.8965,232,30.4,21.9,0.0075,,
1.9050,233,30.7,21.9,0.0075,,
1.9135,234,31.1,21.9,0.0075,,
1.9220,235,31.3,21.9,0.0070,,
1.9295,236,31.7,21.9,0.0070,,
1.9375,237,32.0,21.9,0.0075,,
1.9460,238,32.4,21.9,0.0075,,
1.9545,239,32.7,21.9,0.0075,,
1.9630,240,33.0,21.9,0.0075,,
1.9715,241,33.4,21.9,0.0070,,
1.9790,242,33.7,21.9,0.0070,,
1.9875,243,34.1,21.9,0.0075,,
1.9960,244,34.4,21.9,0.0075,,
2.0045,245,34.8,21.9,0.0075,,
2.0130,246,35.1,21.9,0.0075,,
2.0210,247,35.4,21.9,0.0065,,
2.0290,248,35.7,21.9,0.0075,,
2.0370,249,36.1,21.9,0.0075,,
2.0455,250,36.4,21.9,0.0075,,
2.0540,251,36.7,21.9,0.0075,,
2.0625,252,37.1,21.9,0.0075,,
2.0710,253,37.5,21.9,0.0070,,
2.0785,254,37.8,21.9,0.0070,,
2.0870,255,38.1,21.9,0.0075,,
2.0955,256,38.4,21.9,0.0075,,
2.1040,257,38.8,21.9,0.0075,,
2.1125,258,39.1,21.9,0.0075,,
2.1205,259,39.5,21.9,0.0075,,
2.1285,260,39.8,21.9,0.0075,,
2.1365,261,40.2,21.9,0.0075,,
2.1450,262,40.6,21.9,0.0075,,
2.1535,263,40.9,21.9,0.0075,,
2.1620,264,41.3,21.9,0.0075,,
2.1705,265,41.6,21.9,0.0075,,
2.1780,266,41.9,21.9,0.0070,,
2.1865,267,42.4,21.9,0.0075,,
2.1950,268,42.7,21.9,0.0075,,
2.2035,269,43.1,21.9,0.0075,,
2.2115,270,43.5,21.9,0.0075,,
2.2200,271,43.8,21.9,0.0075,,
2.2275,272,44.1,21.9,0.0070,,
2.2360,273,44.5,21.9,0.0075,,
2.2445,274,44.9,21.9,0.0075,,
2.2530,275,45.3,21.9,0.0075,,
2.2615,276,45.7,21.9,0.0075,,
2.2700,277,46.0,21.9,0.0070,,
2.2775,278,46.3,21.9,0.0070,,
2.2860,279,46.7,21.9,0.0075,,
2.2945,280,47.1,21.9,0.0075,,
2.3025,281,47.5,21.9,0.0075,,
2.3110,282,47.9,21.9,0.0075,,
2.3195,283,48.2,21.9,0.0075,,
2.3270,284,48.6,21.9,0.0070,,
2.3355,285,49.0,21.9,0.0075,,
2.3440,286,49.4,21.9,0.0075,,
2.3525,287,49.7,21.9,0.0075,,
2.3610,288,50.1,21.9,0.0075,,
2.3695,289,50.5,21.9,0.0070,,
2.3770,290,50.9,21.9,0.0070,,
2.3855,291,51.3,21.9,0.0075,,
2.3935,292,51.7,21.9,0.0075,,
2.4020,293,52.2,21.9,0.0075,,
2.4105,294,52.6,21.9,0.0075,,
2.4190,295,53.0,21.9,0.0075,,
2.4275,296,53.3,21.9,0.0075,,
2.4350,297,53.7,21.9,0.0070,,
2.4435,298,54.1,21.9,0.0075,,
2.4515,299,54.5,21.9,0.0075,,
2.4600,300,55.0,21.9,0.0075,,
2.4685,301,55.4,21.9,0.0075,,
2.4770,302,55.8,21.9,0.0075,,
2.4845,303,56.2,21.9,0.0070,,
2.4930,304,56.6,21.9,0.0075,,
2.5015,305,57.1,21.9,0.0075,,
2.5100,306,57.6,21.9,0.0075,,
2.5185,307,58.0,21.9,0.0075,,
2.5265,308,58.4,21.9,0.0065,,
2.5345,309,58.8,21.9,0.0075,,
2.5430,310,59.3,21.9,0.0075,,
2.5510,311,59.7,21.9,0.0075,,
2.5595,312,60.2,21.9,0.0075,,
2.5680,313,60.7,21.9,0.0075,,
2.5765,314,61.1,21.9,0.0075,,
2.5840,315,61.6,21.9,0.0070,,
2.5925,316,62.0,21.9,0.0075,,
2.6010,317,62.5,21.9,0.0075,,
2.6095,318,63.0,21.9,0.0075,,
2.6180,319,63.5,21.9,0.0075,,
2.6260,320,63.9,21.9,0.0075,,
2.6340,321,64.4,21.9,0.0075,,
2.6420,322,64.9,21.9,0.0075,,
2.6505,323,65.4,22.0,0.0075,,
2.6590,324,65.9,21.9,0.0075,,
2.6675,325,66.4,21.9,0.0075,,
2.6760,326,66.9,21.9,0.0075,,
2.6835,327,67.4,21.9,0.0070,,
2.6920,328,67.9,22.0,0.0075,,
2.7005,329,68.4,21.9,0.0075,,
2.7085,330,69.0,22.0,0.0075,,
2.7170,331,69.5,21.9,0.0075,,
2.7255,332,70.1,22.0,0.0075,,
2.7330,333,70.7,22.0,0.0070,,
2.7415,334,71.2,22.0,0.0075,,
2.7500,335,71.8,22.0,0.0075,,
2.7585,336,72.3,22.0,0.0075,,
2.7670,337,72.9,22.0,0.0075,,
2.7755,338,73.5,22.0,0.0075,,
2.7835,339,74.1,22.0,0.0075,,
2.7910,340,74.6,22.0,0.0070,,
2.7995,341,75.3,22.0,0.0075,,
2.8080,342,75.9,22.0,0.0075,,
2.8165,343,76.5,22.0,0.0070,,
2.8250,344,77.2,22.0,0.0075,,
2.8335,345,77.7,22.0,0.0075,,
2.8410,346,78.4,22.0,0.0070,,
2.8495,347,79.0,22.0,0.0075,,
2.8580,348,79.8,22.0,0.0075,,
2.8660,349,80.5,22.0,0.0075,,
2.8745,350,81.2,22.0,0.0075,,
2.8830,351,82.0,22.0,0.0075,,
2.8905,352,82.5,22.0,0.0070,,
2.8990,353,83.3,22.0,0.0075,,
2.9075,354,84.1,22.0,0.0075,,
2.9160,355,84.9,22.0,0.0075,,
2.9245,356,85.8,22.0,0.0075,,
2.9325,357,86.6,22.0,0.0075,,
2.9405,358,87.3,22.0,0.0075,,
2.9485,359,88.2,22.0,0.0075,,
2.9570,360,89.1,22.0,0.0075,,
2.9655,361,90.0,22.0,0.0075,,
2.9740,362,91.0,22.0,0.0075,,
2.9825,363,92.0,22.0,0.0075,,
2.9900,364,92.9,22.0,0.0070,,
2.9985,365,94.0,22.0,0.0075,,
3.0070,366,95.1,22.0,0.0075,,
3.0155,367,96.2,22.0,0.0075,,
3.0235,368,97.4,22.0,0.0075,,
3.0320,369,98.6,22.0,0.0075,,
3.0400,370,99.8,22.0,0.0075,,
3.0480,371,101.1,22.0,0.0075,,
3.0565,372,102.5,22.0,0.0075,,
3.0650,373,103.9,22.0,0.0075,,
3.0735,374,105.5,22.0,0.0075,,
3.0820,375,107.1,22.0,0.0075,,
3.0905,376,108.7,22.0,0.0075,,
3.0980,377,110.6,22.0,0.0070,,
3.1065,378,112.5,22.0,0.0075,,
3.1150,379,114.6,22.0,0.0075,,
3.1230,380,116.9,22.0,0.0075,,
3.1315,381,119.3,22.0,0.0075,,
3.1390,382,121.6,22.0,0.0070,,
3.1475,383,124.4,22.0,0.0075,,
3.1560,384,127.2,22.0,0.0075,,
3.1645,385,130.4,22.0,0.0075,,
3.1730,386,133.9,22.0,0.0075,,
3.1815,387,137.5,22.0,0.0075,,
3.1890,388,140.9,22.0,0.0070,,
3.1975,389,144.7,22.0,0.0075,,
3.2060,390,148.5,22.0,0.0075,,
3.2140,391,152.4,22.0,0.0075,,
3.2225,392,156.1,22.0,0.0075,,
3.2310,393,159.9,22.0,0.0075,,
3.2385,394,163.3,22.0,0.0070,,
3.2470,395,166.4,22.0,0.0075,,
3.2555,396,169.5,22.0,0.0075,,
3.2640,397,172.4,22.0,0.0075,,
3.2725,398,175.1,22.0,0.0075,,
3.2810,399,177.5,22.0,0.0075,,
3.2890,400,179.5,22.0,0.0075,,
3.2970,401,181.6,22.0,0.0075,,
3.3050,402,183.5,22.0,0.0075,,
3.3155,403,185.1,22.0,0.0080,,
3.3155,643,190.6,22.1,0.0000,,
3.3160,644,190.6,22.1,0.0005,,
3.3175,645,190.7,22.1,0.0010,,
3.3200,646,190.6,22.1,0.0020,,
3.3240,648,190.7,22.1,0.0025,,
3.3305,648,191.0,22.1,0.0130,,
3.3390,650,191.4,22.1,0.0055,,
3.3465,650,192.1,22.1,0.0185,,
3.3550,651,193.1,22.1,0.0060,,
3.3635,652,194.1,22.1,0.0060,,
3.3720,654,195.0,22.1,0.0055,,
3.3800,654,196.1,22.1,0.0160,,
3.3885,656,197.1,22.1,0.0055,,
3.3960,656,198.0,22.1,0.0185,,
3.4045,657,198.8,22.1,0.0060,,
3.4130,658,199.7,22.1,0.0060,,
3.4215,660,200.6,22.1,0.0055,,
3.4300,660,201.4,22.1,0.0170,,
3.4385,662,202.2,22.1,0.0055,,
3.4460,662,202.9,22.1,0.0185,,
3.4545,663,203.7,22.1,0.0060,,
3.4625,664,204.5,22.1,0.0055,,
3.4710,666,205.1,22.1,0.0055,,
3.4795,666,205.8,22.1,0.0170,,
3.4880,668,206.5,22.1,0.0055,,
3.4965,668,207.0,22.1,0.0210,,
3.5040,669,207.8,22.1,0.0055,,
3.5125,670,208.5,22.1,0.0060,,
3.5210,672,209.1,22.1,0.0055,,
3.5295,672,209.6,22.1,0.0170,,
3.5375,674,210.2,22.1,0.0055,,
3.5460,674,210.8,22.1,0.0170,,
3.5535,675,211.3,22.1,0.0055,,
3.5620,676,211.8,22.1,0.0060,,
3.5705,677,212.4,22.1,0.0060,,
3.5790,678,212.9,22.1,0.0055,,
3.5875,680,213.4,22.1,0.0055,,
3.5960,680,213.9,22.1,0.0170,,
3.6035,681,214.4,22.1,0.0055,,
3.6120,682,214.8,22.1,0.0060,,
3.6200,683,215.3,22.1,0.0055,,
3.6285,684,215.8,22.1,0.0055,,
3.6370,686,216.3,22.1,0.0055,,
3.6455,686,216.7,22.1,0.0170,,
3.6530,687,217.1,22.1,0.0055,,
3.6615,688,217.6,22.1,0.0060,,
3.6700,689,218.0,22.1,0.0060,,
3.6785,690,218.3,22.1,0.0055,,
3.6870,692,218.8,22.1,0.0055,,
3.6955,692,219.2,22.1,0.0170,,
3.7030,693,219.5,22.1,0.0055,,
3.7115,694,220.0,22.1,0.0060,,
3.7195,695,220.4,22.1,0.0055,,
3.7280,696,220.8,22.1,0.0055,,
3.7365,698,221.2,22.1,0.0055,,
3.7450,698,221.6,22.1,0.0170,,
3.7525,699,222.0,22.1,0.0055,,
3.7610,700,222.4,22.1,0.0060,,
3.7695,701,222.6,22.1,0.0060,,
3.7780,702,223.0,22.1,0.0055,,
3.7865,704,223.3,22.1,0.0055,,
3.7945,704,223.7,22.1,0.0160,,
3.8025,705,224.0,22.1,0.0055,,
3.8105,706,224.3,22.1,0.0055,,
3.8190,707,224.6,22.1,0.0060,,
3.8275,708,224.9,22.1,0.0055,,
3.8360,710,225.3,22.1,0.0055,,
3.8445,710,225.5,22.1,0.0170,,
3.8520,711,225.8,22.1,0.0055,,
3.8605,712,226.2,22.1,0.0060,,
3.8690,713,226.4,22.1,0.0060,,
3.8770,714,226.8,22.1,0.0055,,
3.8855,716,227.1,22.1,0.0055,,
3.8940,716,227.4,22.1,0.0170,,
3.9025,717,227.7,22.1,0.0060,,
3.9100,718,227.9,22.1,0.0055,,
3.9185,719,228.3,22.1,0.0060,,
3.9270,720,228.5,22.1,0.0055,,
3.9355,722,228.8,22.1,0.0055,,
3.9440,722,229.0,22.1,0.0170,,
3.9515,723,229.3,22.1,0.0055,,
3.9600,724,229.6,22.1,0.0060,,
3.9680,725,229.9,22.1,0.0055,,
3.9765,726,230.2,22.1,0.0055,,
3.9850,728,230.4,22.1,0.0055,,
3.9935,728,230.7,22.1,0.0170,,
4.0000,729,230.8,22.1,0.0060,,
Scope 1/1, Sample 5/6 (VWell3)
Result,TitrationEP1
V,t,E,T,dV/dt,E acc. stat.,Volume acc. stat.
0.0000,0,-57.2,22.0,NaN,,
0.0010,1,-57.9,22.0,0.0010,,
0.0025,2,-58.0,22.0,0.0015,,
0.0050,3,-58.1,22.0,0.0025,,
0.0090,4,-58.2,22.0,0.0035,,
0.0150,5,-58.4,22.0,0.0055,,
0.0235,6,-58.5,22.0,0.0075,,
0.0320,7,-58.5,22.0,0.0075,,
0.0395,8,-58.5,22.0,0.0075,,
0.0480,9,-58.4,22.0,0.0085,,
0.0565,10,-58.3,22.0,0.0075,,
0.0650,11,-58.1,22.0,0.0075,,
0.0735,12,-57.9,22.0,0.0075,,
0.0820,13,-57.5,22.0,0.0075,,
0.0895,14,-57.2,22.0,0.0075,,
0.0980,15,-56.8,22.0,0.0085,,
0.1060,16,-56.3,22.0,0.0075,,
0.1145,17,-55.9,22.0,0.0075,,
0.1230,18,-55.4,22.0,0.0075,,
0.1315,19,-54.9,22.0,0.0075,,
0.1390,20,-54.3,22.0,0.0075,,
0.1475,21,-53.6,22.0,0.0085,,
0.1560,22,-53.0,22.0,0.0075,,
0.1645,23,-52.3,22.0,0.0075,,
0.1730,24,-51.7,22.0,0.0075,,
0.1810,25,-50.9,22.0,0.0075,,
0.1895,26,-50.3,22.0,0.0085,,
0.1970,27,-49.6,22.0,0.0075,,
0.2055,28,-48.8,22.0,0.0075,,
0.2140,29,-48.1,22.0,0.0075,,
0.2225,30,-47.3,22.0,0.0075,,
0.2310,31,-46.5,22.0,0.0075,,
0.2385,32,-45.8,22.0,0.0075,,
0.2470,33,-45.1,22.0,0.0085,,
0.2555,34,-44.3,22.0,0.0075,,
0.2640,35,-43.5,22.0,0.0075,,
0.2720,36,-42.8,22.0,0.0075,,
0.2805,37,-42.1,22.0,0.0075,,
0.2885,38,-41.4,22.0,0.0080,,
0.2965,39,-40.7,22.0,0.0075,,
0.3050,40,-40.0,22.0,0.0075,,
0.3135,41,-39.3,22.0,0.0075,,
0.3220,42,-38.7,22.0,0.0075,,
0.3305,43,-38.0,22.0,0.0075,,
0.3380,44,-37.4,22.0,0.0075,,
0.3465,45,-36.8,22.0,0.0085,,
0.3550,46,-36.1,22.0,0.0075,,
0.3635,47,-35.6,22.0,0.0075,,
0.3715,48,-35.0,22.0,0.0075,,
0.3800,49,-34.4,22.0,0.0075,,
0.3875,50,-33.8,22.0,0.0075,,
0.3960,51,-33.3,22.0,0.0085,,
0.4045,52,-32.7,22.0,0.0075,,
0.4130,53,-32.2,22.0,0.0075,,
0.4215,54,-31.6,22.0,0.0075,,
0.4300,55,-31.1,22.0,0.0075,,
0.4380,56,-30.6,22.0,0.0080,,
0.4460,57,-30.1,22.0,0.0080,,
0.4545,58,-29.6,22.0,0.0075,,
0.4625,59,-29.1,22.0,0.0075,,
0.4710,60,-28.6,22.0,0.0075,,
0.4795,61,-28.1,22.0,0.0075,,
0.4880,62,-27.6,22.0,0.0075,,
0.4955,63,-27.2,22.0,0.0070,,
0.5040,64,-26.7,22.0,0.0075,,
0.5125,65,-26.2,22.0,0.0075,,
0.5210,66,-25.8,22.0,0.0075,,
0.5290,67,-25.3,22.0,0.0075,,
0.5375,68,-24.8,22.0,0.0075,,
0.5450,69,-24.4,22.0,0.0075,,
0.5535,70,-24.0,22.0,0.0075,,
0.5620,71,-23.5,22.0,0.0075,,
0.5705,72,-23.1,22.0,0.0075,,
0.5790,73,-22.6,22.0,0.0075,,
0.5875,74,-22.2,22.0,0.0075,,
0.5950,75,-21.8,22.0,0.0075,,
0.6035,76,-21.4,22.0,0.0075,,
0.6120,77,-20.9,22.0,0.0075,,
0.6200,78,-20.5,22.0,0.0075,,
0.6285,79,-20.1,22.0,0.0075,,
0.6370,80,-19.7,22.0,0.0075,,
0.6445,81,-19.4,22.0,0.0075,,
0.6530,82,-18.9,22.0,0.0075,,
0.6615,83,-18.5,22.0,0.0075,,
0.6700,84,-18.1,22.0,0.0075,,
0.6785,85,-17.7,22.0,0.0075,,
0.6870,86,-17.4,22.0,0.0075,,
0.6945,87,-17.1,22.0,0.0075,,
0.7030,88,-16.7,22.0,0.0085,,
0.7110,89,-16.2,22.0,0.0075,,
0.7195,90,-15.8,22.0,0.0075,,
0.7280,91,-15.4,22.0,0.0075,,
0.7365,92,-15.0,22.0,0.0075,,
0.7440,93,-14.7,22.0,0.0075,,
0.7525,94,-14.3,22.0,0.0075,,
0.7610,95,-13.9,22.0,0.0075,,
0.7695,96,-13.5,22.0,0.0075,,
0.7780,97,-13.2,22.0,0.0075,,
0.7865,98,-12.8,22.0,0.0085,,
0.7940,99,-12.5,22.0,0.0075,,
0.8025,100,-12.1,22.0,0.0075,,
0.8105,101,-11.7,22.0,0.0075,,
0.8190,102,-11.3,22.0,0.0075,,
0.8275,103,-10.9,22.0,0.0075,,
0.8360,104,-10.6,22.0,0.0075,,
0.8435,105,-10.3,22.0,0.0075,,
0.8520,106,-9.9,22.0,0.0075,,
0.8605,107,-9.6,22.0,0.0075,,
0.8690,108,-9.3,22.0,0.0075,,
0.8775,109,-8.9,22.0,0.0075,,
0.8855,110,-8.6,22.0,0.0075,,
0.8935,111,-8.3,22.0,0.0080,,
0.9015,112,-7.9,22.0,0.0075,,
0.9100,113,-7.6,22.0,0.0075,,
0.9185,114,-7.3,22.0,0.0075,,
0.9270,115,-7.0,22.0,0.0075,,
0.9355,116,-6.6,22.0,0.0075,,
0.9430,117,-6.3,22.0,0.0075,,
0.9515,118,-6.0,22.0,0.0075,,
0.9600,119,-5.6,22.0,0.0075,,
0.9685,120,-5.3,22.0,0.0075,,
0.9765,121,-4.9,22.0,0.0075,,
0.9850,122,-4.5,22.0,0.0075,,
0.9925,123,-4.1,22.0,0.0075,,
1.0010,124,-3.7,22.0,0.0075,,
1.0095,125,-3.4,22.0,0.0075,,
1.0180,126,-3.0,22.0,0.0075,,
1.0265,127,-2.6,22.0,0.0075,,
1.0350,128,-2.2,22.0,0.0075,,
1.0425,129,-2.0,22.0,0.0075,,
1.0510,130,-1.6,22.0,0.0085,,
1.0595,131,-1.2,22.0,0.0075,,
1.0675,132,-0.8,22.0,0.0075,,
1.0760,133,-0.4,22.0,0.0075,,
1.0845,134,-0.1,22.0,0.0075,,
1.0930,135,0.2,22.0,0.0085,,
1.1005,136,0.3,22.0,0.0075,,
1.1090,137,0.2,22.0,0.0075,,
1.1175,138,0.5,22.0,0.0075,,
1.1260,139,0.8,22.0,0.0075,,
1.1340,140,1.1,22.0,0.0075,,
1.1425,141,1.5,22.0,0.0075,,
1.1500,142,1.7,22.0,0.0075,,
1.1585,143,2.2,22.0,0.0075,,
1.1670,144,2.7,22.0,0.0075,,
1.1755,145,3.3,22.0,0.0075,,
1.1840,146,3.7,22.0,0.0075,,
1.1925,147,3.5,22.0,0.0075,,
1.2000,148,3.8,22.0,0.0075,,
1.2085,149,4.2,22.0,0.0075,,
1.2170,150,4.6,22.0,0.0075,,
1.2250,151,4.9,22.0,0.0075,,
1.2335,152,5.1,22.0,0.0075,,
1.2420,153,5.4,22.0,0.0085,,
1.2495,154,5.6,22.0,0.0075,,
1.2580,155,5.9,22.0,0.0075,,
1.2665,156,6.2,22.0,0.0075,,
1.2750,157,6.4,22.0,0.0075,,
1.2835,158,6.7,22.0,0.0075,,
1.2920,159,7.0,22.0,0.0075,,
1.2995,160,7.2,22.0,0.0075,,
1.3080,161,7.5,22.0,0.0075,,
1.3160,162,7.8,22.0,0.0075,,
1.3245,163,8.2,22.0,0.0075,,
1.3330,164,8.6,22.0,0.0075,,
1.3415,165,8.9,22.0,0.0075,,
1.3490,166,9.3,22.0,0.0075,,
1.3575,167,9.6,22.0,0.0075,,
1.3660,168,10.0,22.0,0.0075,,
1.3745,169,10.4,22.0,0.0075,,
1.3830,170,10.7,22.0,0.0075,,
1.3910,171,11.1,22.0,0.0075,,
1.3990,172,11.4,22.0,0.0080,,
1.4070,173,11.8,22.0,0.0080,,
1.4155,174,12.1,22.0,0.0075,,
1.4240,175,12.5,22.0,0.0075,,
1.4325,176,12.8,22.0,0.0075,,
1.4410,177,13.1,22.1,0.0075,,
1.4495,178,13.4,22.0,0.0085,,
1.4570,179,13.7,22.1,0.0075,,
1.4655,180,14.1,22.0,0.0075,,
1.4735,181,14.4,22.1,0.0075,,
1.4820,182,14.8,22.1,0.0075,,
1.4905,183,15.1,22.1,0.0075,,
1.4990,184,15.4,22.1,0.0075,,
1.5065,185,15.6,22.1,0.0075,,
1.5150,186,16.0,22.1,0.0075,,
1.5235,187,16.3,22.1,0.0075,,
1.5320,188,16.6,22.1,0.0075,,
1.5405,189,16.9,22.1,0.0075,,
1.5485,190,17.3,22.1,0.0075,,
1.5565,191,17.6,22.1,0.0080,,
1.5645,192,17.9,22.1,0.0075,,
1.5730,193,18.2,22.1,0.0075,,
1.5815,194,18.5,22.1,0.0075,,
1.5900,195,18.8,22.1,0.0075,,
1.5985,196,19.2,22.1,0.0075,,
1.6060,197,19.4,22.1,0.0075,,
1.6145,198,19.7,22.1,0.0075,,
1.6230,199,20.1,22.1,0.0075,,
1.6315,200,20.4,22.1,0.0075,,
1.6395,201,20.7,22.1,0.0075,,
1.6480,202,21.0,22.1,0.0085,,
1.6560,203,21.3,22.1,0.0080,,
1.6640,204,21.6,22.1,0.0075,,
1.6725,205,21.9,22.1,0.0075,,
1.6810,206,22.2,22.1,0.0075,,
1.6895,207,22.6,22.1,0.0075,,
1.6980,208,22.9,22.1,0.0075,,
1.7055,209,23.2,22.1,0.0075,,
1.7140,210,23.6,22.1,0.0075,,
1.7225,211,23.8,22.1,0.0075,,
1.7305,212,24.2,22.1,0.0075,,
1.7390,213,24.4,22.1,0.0075,,
1.7475,214,24.7,22.1,0.0085,,
1.7550,215,25.1,22.1,0.0075,,
1.7635,216,25.5,22.1,0.0075,,
1.7720,217,25.8,22.1,0.0075,,
1.7805,218,26.1,22.1,0.0075,,
1.7890,219,26.4,22.1,0.0075,,
1.7975,220,26.7,22.1,0.0075,,
1.8050,221,27.1,22.1,0.0075,,
1.8135,222,27.4,22.1,0.0075,,
1.8220,223,27.7,22.1,0.0075,,
1.8300,224,28.0,22.1,0.0075,,
1.8385,225,28.4,22.1,0.0075,,
1.8470,226,28.7,22.1,0.0075,,
1.8545,227,29.0,22.1,0.0075,,
1.8630,228,29.3,22.1,0.0075,,
1.8715,229,29.7,22.1,0.0075,,
1.8800,230,30.0,22.1,0.0075,,
1.8885,231,30.3,22.1,0.0075,,
1.8970,232,30.6,22.1,0.0075,,
1.9045,233,31.0,22.1,0.0075,,
1.9130,234,31.3,22.1,0.0075,,
1.9210,235,31.7,22.1,0.0075,,
1.9295,236,32.0,22.1,0.0075,,
1.9380,237,32.3,22.1,0.0075,,
1.9465,238,32.6,22.1,0.0075,,
1.9540,239,33.0,22.1,0.0075,,
1.9625,240,33.3,22.1,0.0075,,
1.9710,241,33.7,22.1,0.0075,,
1.9795,242,34.0,22.1,0.0075,,
1.9875,243,34.4,22.1,0.0075,,
1.9960,244,34.7,22.1,0.0075,,
2.0035,245,35.0,22.1,0.0075,,
2.0120,246,35.4,22.1,0.0085,,
2.0205,247,35.7,22.1,0.0075,,
2.0290,248,36.0,22.1,0.0075,,
2.0375,249,36.4,22.1,0.0075,,
2.0460,250,36.7,22.1,0.0075,,
2.0535,251,37.0,22.1,0.0075,,
2.0620,252,37.4,22.1,0.0085,,
2.0705,253,37.8,22.1,0.0075,,
2.0785,254,38.1,22.1,0.0075,,
2.0870,255,38.5,22.1,0.0075,,
2.0955,256,38.8,22.1,0.0075,,
2.1040,257,39.2,22.1,0.0085,,
2.1115,258,39.5,22.1,0.0075,,
2.1200,259,39.8,22.1,0.0075,,
2.1285,260,40.2,22.1,0.0075,,
2.1370,261,40.6,22.1,0.0075,,
2.1455,262,40.9,22.1,0.0075,,
2.1535,263,41.3,22.1,0.0075,,
2.1615,264,41.7,22.1,0.0080,,
2.1695,265,42.0,22.1,0.0075,,
2.1780,266,42.4,22.1,0.0075,,
2.1865,267,42.7,22.1,0.0075,,
2.1950,268,43.1,22.1,0.0075,,
2.2035,269,43.5,22.1,0.0075,,
2.2110,270,43.9,22.1,0.0075,,
2.2195,271,44.2,22.1,0.0075,,
2.2280,272,44.5,22.1,0.0075,,
2.2365,273,45.0,22.1,0.0075,,
2.2445,274,45.3,22.1,0.0075,,
2.2530,275,45.7,22.1,0.0085,,
2.2605,276,46.0,22.1,0.0075,,
2.2690,277,46.5,22.1,0.0075,,
2.2775,278,46.7,22.1,0.0075,,
2.2860,279,47.2,22.1,0.0075,,
2.2945,280,47.6,22.1,0.0075,,
2.3030,281,48.0,22.1,0.0075,,
2.3105,282,48.3,22.1,0.0075,,
2.3190,283,48.7,22.1,0.0075,,
2.3275,284,49.1,22.1,0.0075,,
2.3355,285,49.5,22.1,0.0075,,
2.3440,286,49.9,22.1,0.0075,,
2.3525,287,50.3,22.1,0.0075,,
2.3600,288,50.7,22.1,0.0075,,
2.3685,289,51.0,22.1,0.0075,,
2.3770,290,51.5,22.1,0.0075,,
2.3855,291,51.9,22.1,0.0075,,
2.3940,292,52.3,22.1,0.0075,,
2.4025,293,52.6,22.1,0.0085,,
2.4100,294,53.1,22.1,0.0075,,
2.4185,295,53.5,22.1,0.0075,,
2.4265,296,54.0,22.1,0.0075,,
2.4350,297,54.4,22.1,0.0075,,
2.4435,298,54.7,22.1,0.0075,,
2.4520,299,55.2,22.1,0.0075,,
2.4595,300,55.6,22.1,0.0075,,
2.4680,301,56.0,22.1,0.0075,,
2.4765,302,56.5,22.1,0.0075,,
2.4850,303,56.9,22.1,0.0075,,
2.4935,304,57.3,22.1,0.0075,,
2.5015,305,57.8,22.1,0.0075,,
2.5095,306,58.2,22.1,0.0080,,
2.5175,307,58.6,22.1,0.0075,,
2.5260,308,59.1,22.1,0.0075,,
2.5345,309,59.5,22.1,0.0075,,
2.5430,310,60.0,22.1,0.0075,,
2.5515,311,60.5,22.1,0.0075,,
2.5590,312,60.8,22.1,0.0075,,
2.5675,313,61.3,22.1,0.0075,,
2.5760,314,61.8,22.1,0.0075,,
2.5845,315,62.3,22.1,0.0075,,
2.5925,316,62.7,22.1,0.0075,,
2.6010,317,63.3,22.1,0.0075,,
2.6085,318,63.7,22.1,0.0075,,
2.6170,319,64.2,22.1,0.0075,,
2.6255,320,64.7,22.1,0.0075,,
2.6340,321,65.2,22.1,0.0075,,
2.6425,322,65.7,22.1,0.0075,,
2.6510,323,66.2,22.1,0.0075,,
2.6590,324,66.7,22.1,0.0080,,
2.6670,325,67.2,22.1,0.0080,,
2.6755,326,67.8,22.1,0.0075,,
2.6835,327,68.2,22.1,0.0075,,
2.6920,328,68.8,22.1,0.0075,,
2.7005,329,69.4,22.1,0.0075,,
2.7080,330,69.8,22.1,0.0075,,
2.7165,331,70.4,22.1,0.0085,,
2.7250,332,71.0,22.1,0.0075,,
2.7335,333,71.6,22.1,0.0075,,
2.7420,334,72.1,22.1,0.0075,,
2.7505,335,72.7,22.1,0.0075,,
2.7580,336,73.2,22.1,0.0075,,
2.7665,337,73.9,22.1,0.0085,,
2.7745,338,74.5,22.1,0.0075,,
2.7830,339,75.1,22.1,0.0075,,
2.7915,340,75.8,22.1,0.0075,,
2.8000,341,76.3,22.1,0.0075,,
2.8085,342,77.0,22.1,0.0075,,
2.8160,343,77.6,22.1,0.0075,,
2.8245,344,78.3,22.1,0.0075,,
2.8330,345,79.0,22.1,0.0075,,
2.8415,346,79.7,22.1,0.0075,,
2.8495,347,80.3,22.1,0.0075,,
2.8580,348,81.0,22.1,0.0085,,
2.8655,349,81.8,22.1,0.0075,,
2.8740,350,82.5,22.1,0.0075,,
2.8825,351,83.2,22.1,0.0075,,
2.8910,352,84.0,22.1,0.0075,,
2.8995,353,84.8,22.1,0.0075,,
2.9080,354,85.6,22.1,0.0075,,
2.9155,355,86.4,22.1,0.0075,,
2.9240,356,87.2,22.1,0.0075,,
2.9320,357,88.1,22.1,0.0075,,
2.9405,358,89.0,22.1,0.0075,,
2.9490,359,90.0,22.1,0.0075,,
2.9575,360,91.0,22.1,0.0075,,
2.9650,361,91.8,22.1,0.0075,,
2.9735,362,92.9,22.1,0.0075,,
2.9820,363,94.0,22.1,0.0075,,
2.9905,364,95.0,22.1,0.0075,,
2.9990,365,96.1,22.1,0.0075,,
3.0070,366,97.4,22.1,0.0075,,
3.0150,367,98.4,22.1,0.0080,,
3.0230,368,99.7,22.1,0.0075,,
3.0315,369,101.0,22.1,0.0075,,
3.0400,370,102.4,22.1,0.0075,,
3.0485,371,103.8,22.1,0.0075,,
3.0570,372,105.4,22.1,0.0075,,
3.0645,373,106.9,22.1,0.0075,,
3.0730,374,108.6,22.1,0.0075,,
3.0815,375,110.5,22.1,0.0075,,
3.0900,376,112.5,22.1,0.0075,,
3.0980,377,114.6,22.1,0.0075,,
3.1065,378,116.7,22.1,0.0075,,
3.1145,379,118.8,22.1,0.0080,,
3.1225,380,121.4,22.1,0.0075,,
3.1310,381,124.2,22.1,0.0075,,
3.1395,382,127.2,22.1,0.0075,,
3.1480,383,130.4,22.1,0.0075,,
3.1565,384,133.6,22.1,0.0075,,
3.1640,385,136.5,22.1,0.0075,,
3.1725,386,140.2,22.1,0.0085,,
3.1810,387,143.9,22.1,0.0075,,
3.1890,388,147.8,22.1,0.0075,,
3.1975,389,151.7,22.1,0.0075,,
3.2060,390,155.4,22.1,0.0075,,
3.2135,391,158.8,22.1,0.0075,,
3.2220,392,162.3,22.1,0.0085,,
3.2305,393,165.9,22.1,0.0075,,
3.2390,394,169.0,22.1,0.0075,,
3.2475,395,172.0,22.1,0.0075,,
3.2560,396,174.5,22.1,0.0075,,
3.2635,397,177.0,22.1,0.0075,,
3.2720,398,179.2,22.1,0.0075,,
3.2805,399,181.2,22.1,0.0075,,
3.2885,400,183.0,22.1,0.0075,,
3.2970,401,184.6,22.2,0.0075,,
3.3010,402,185.0,22.1,0.0065,,
3.3010,642,190.1,22.2,0.0000,,
3.3015,643,190.1,22.2,0.0005,,
3.3030,644,190.1,22.2,0.0020,,
3.3055,645,190.1,22.2,0.0030,,
3.3095,646,190.2,22.2,0.0045,,
3.3155,647,190.5,22.2,0.0065,,
3.3240,648,191.0,22.2,0.0095,,
3.3315,649,191.8,22.2,0.0095,,
3.3400,650,192.9,22.2,0.0105,,
3.3485,651,194.0,22.2,0.0105,,
3.3570,652,195.0,22.2,0.0095,,
3.3650,653,195.9,22.2,0.0090,,
3.3735,654,196.8,22.2,0.0095,,
3.3810,655,197.7,22.2,0.0095,,
3.3895,656,198.7,22.2,0.0105,,
3.3980,657,199.6,22.2,0.0105,,
3.4065,658,200.5,22.2,0.0095,,
3.4150,659,201.3,22.2,0.0095,,
3.4235,660,202.1,22.2,0.0095,,
3.4320,661,202.8,22.2,0.0105,,
3.4395,662,203.6,22.2,0.0095,,
3.4475,663,204.3,22.2,0.0100,,
3.4560,664,205.0,22.2,0.0095,,
3.4645,665,205.7,22.2,0.0095,,
3.4730,666,206.2,22.2,0.0095,,
3.4815,667,206.9,22.2,0.0095,,
3.4890,668,207.6,22.2,0.0095,,
3.4975,669,208.2,22.2,0.0105,,
3.5060,670,208.8,22.2,0.0095,,
3.5145,671,209.4,22.2,0.0095,,
3.5225,672,210.0,22.2,0.0090,,
3.5310,673,210.6,22.2,0.0095,,
3.5385,674,211.1,22.2,0.0095,,
3.5470,675,211.7,22.2,0.0105,,
3.5555,676,212.2,22.2,0.0105,,
3.5640,677,212.9,22.2,0.0095,,
3.5725,678,213.4,22.2,0.0095,,
3.5810,679,213.8,22.2,0.0095,,
3.5885,680,214.3,22.2,0.0095,,
3.5970,681,214.7,22.2,0.0105,,
3.6055,682,215.3,22.2,0.0105,,
3.6135,683,215.8,22.2,0.0090,,
3.6220,684,216.3,22.2,0.0095,,
3.6305,685,216.7,22.2,0.0095,,
3.6380,686,217.0,22.2,0.0095,,
3.6465,687,217.5,22.2,0.0105,,
3.6550,688,217.9,22.2,0.0105,,
3.6635,689,218.3,22.2,0.0095,,
3.6720,690,218.8,22.2,0.0095,,
3.6805,691,219.1,22.2,0.0095,,
3.6880,692,219.5,22.2,0.0095,,
3.6965,693,219.9,22.2,0.0105,,
3.7050,694,220.4,22.2,0.0105,,
3.7130,695,220.7,22.2,0.0090,,
3.7215,696,221.0,22.2,0.0095,,
3.7300,697,221.4,22.2,0.0105,,
3.7375,698,221.8,22.2,0.0095,,
3.7460,699,222.1,22.2,0.0105,,
3.7545,700,222.5,22.2,0.0105,,
3.7630,701,222.9,22.2,0.0095,,
3.7715,702,223.2,22.2,0.0095,,
3.7795,703,223.6,22.2,0.0090,,
3.7875,704,223.9,22.2,0.0100,,
3.7955,705,224.2,22.2,0.0100,,
3.8040,706,224.6,22.2,0.0105,,
3.8125,707,224.8,22.2,0.0095,,
3.8210,708,225.3,22.2,0.0095,,
3.8295,709,225.5,22.2,0.0095,,
3.8380,710,225.8,22.2,0.0105,,
3.8455,711,226.2,22.2,0.0095,,
3.8540,712,226.4,22.2,0.0105,,
3.8620,713,226.7,22.2,0.0090,,
3.8705,714,227.0,22.2,0.0095,,
3.8790,715,227.3,22.2,0.0095,,
3.8875,716,227.6,22.2,0.0105,,
3.8950,717,227.9,22.2,0.0095,,
3.9035,718,228.1,22.2,0.0105,,
3.9120,719,228.4,22.2,0.0105,,
3.9205,720,228.7,22.2,0.0095,,
3.9290,721,228.9,22.2,0.0095,,
3.9370,722,229.3,22.2,0.0090,,
3.9450,723,229.5,22.2,0.0100,,
3.9530,724,229.8,22.2,0.0100,,
3.9615,725,230.1,22.2,0.0105,,
3.9700,726,230.3,22.2,0.0095,,
3.9785,727,230.6,22.2,0.0095,,
3.9870,728,230.8,22.2,0.0095,,
3.9945,729,231.1,22.2,0.0095,,
4.0000,729,231.2,22.2,0.0185,,
Scope 1/1, Sample 6/6 (VWell2)
Result,TitrationEP1
V,t,E,T,dV/dt,E acc. stat.,Volume acc. stat.
0.0000,0,-63.0,22.2,NaN,,
0.0010,1,-63.5,22.2,0.0010,,
0.0025,2,-63.6,22.2,0.0015,,
0.0050,3,-63.7,22.2,0.0025,,
0.0090,4,-63.7,22.2,0.0035,,
0.0150,5,-63.8,22.2,0.0055,,
0.0235,6,-63.8,22.2,0.0075,,
0.0320,7,-63.8,22.2,0.0075,,
0.0395,8,-63.7,22.2,0.0075,,
0.0480,9,-63.5,22.2,0.0085,,
0.0565,10,-63.2,22.2,0.0075,,
0.0650,11,-62.9,22.2,0.0075,,
0.0735,12,-62.5,22.2,0.0075,,
0.0815,13,-62.0,22.2,0.0075,,
0.0895,14,-61.5,22.2,0.0080,,
0.0975,15,-60.9,22.2,0.0080,,
0.1060,16,-60.3,22.2,0.0075,,
0.1145,17,-59.6,22.2,0.0075,,
0.1230,18,-58.9,22.2,0.0075,,
0.1315,19,-58.1,22.2,0.0075,,
0.1390,20,-57.4,22.2,0.0075,,
0.1475,21,-56.5,22.2,0.0085,,
0.1560,22,-55.7,22.2,0.0075,,
0.1640,23,-54.7,22.2,0.0075,,
0.1725,24,-53.8,22.2,0.0075,,
0.1810,25,-52.9,22.2,0.0075,,
0.1885,26,-52.1,22.3,0.0075,,
0.1970,27,-51.2,22.2,0.0085,,
0.2055,28,-50.4,22.2,0.0075,,
0.2140,29,-49.5,22.2,0.0075,,
0.2225,30,-48.7,22.3,0.0075,,
0.2310,31,-47.8,22.3,0.0075,,
0.2385,32,-47.1,22.3,0.0075,,
0.2470,33,-46.4,22.3,0.0085,,
0.2550,34,-45.6,22.3,0.0075,,
0.2635,35,-44.8,22.3,0.0075,,
0.2720,36,-44.2,22.3,0.0075,,
0.2805,37,-43.5,22.3,0.0075,,
0.2890,38,-42.9,22.3,0.0085,,
0.2965,39,-42.2,22.3,0.0075,,
0.3050,40,-41.6,22.3,0.0075,,
0.3135,41,-41.0,22.3,0.0075,,
0.3220,42,-40.4,22.3,0.0075,,
0.3300,43,-39.9,22.3,0.0075,,
0.3385,44,-39.3,22.3,0.0085,,
0.3460,45,-38.8,22.3,0.0075,,
0.3545,46,-38.2,22.3,0.0075,,
0.3630,47,-37.7,22.3,0.0075,,
0.3715,48,-37.2,22.3,0.0075,,
0.3800,49,-36.7,22.3,0.0075,,
0.3885,50,-36.2,22.3,0.0085,,
0.3960,51,-35.8,22.3,0.0075,,
0.4045,52,-35.3,22.3,0.0075,,
0.4130,53,-34.8,22.3,0.0075,,
0.4215,54,-34.3,22.3,0.0075,,
0.4295,55,-33.9,22.3,0.0075,,
0.4380,56,-33.3,22.3,0.0075,,
0.4455,57,-32.8,22.3,0.0075,,
0.4540,58,-32.3,22.3,0.0085,,
0.4625,59,-31.9,22.3,0.0075,,
0.4710,60,-31.5,22.3,0.0075,,
0.4795,61,-31.1,22.3,0.0075,,
0.4880,62,-30.7,22.3,0.0085,,
0.4955,63,-30.3,22.3,0.0075,,
0.5040,64,-29.8,22.3,0.0085,,
0.5120,65,-29.4,22.3,0.0075,,
0.5205,66,-29.0,22.3,0.0075,,
0.5290,67,-28.6,22.3,0.0075,,
0.5375,68,-28.2,22.3,0.0075,,
0.5450,69,-27.8,22.3,0.0075,,
0.5535,70,-27.4,22.3,0.0085,,
0.5620,71,-27.0,22.3,0.0075,,
0.5705,72,-26.5,22.3,0.0075,,
0.5790,73,-26.2,22.3,0.0075,,
0.5870,74,-25.8,22.3,0.0075,,
0.5950,75,-25.4,22.3,0.0080,,
0.6030,76,-25.0,22.3,0.0080,,
0.6115,77,-24.6,22.3,0.0075,,
0.6200,78,-24.2,22.3,0.0075,,
0.6285,79,-23.7,22.3,0.0075,,
0.6370,80,-23.3,22.3,0.0075,,
0.6445,81,-23.0,22.3,0.0075,,
0.6530,82,-22.5,22.3,0.0085,,
0.6615,83,-22.1,22.3,0.0075,,
0.6700,84,-21.7,22.3,0.0075,,
0.6785,85,-21.3,22.3,0.0075,,
0.6865,86,-21.0,22.3,0.0080,,
0.6945,87,-20.6,22.3,0.0080,,
0.7025,88,-20.2,22.3,0.0075,,
0.7110,89,-19.9,22.3,0.0075,,
0.7195,90,-19.5,22.3,0.0075,,
0.7280,91,-19.1,22.3,0.0075,,
0.7365,92,-18.8,22.3,0.0085,,
0.7440,93,-18.4,22.3,0.0075,,
0.7525,94,-18.0,22.3,0.0075,,
0.7610,95,-17.7,22.3,0.0075,,
0.7695,96,-17.4,22.3,0.0075,,
0.7775,97,-17.1,22.3,0.0075,,
0.7860,98,-16.7,22.3,0.0085,,
0.7935,99,-16.2,22.3,0.0075,,
0.8020,100,-15.9,22.3,0.0075,,
0.8105,101,-15.5,22.3,0.0075,,
0.8190,102,-15.2,22.3,0.0075,,
0.8275,103,-14.8,22.3,0.0075,,
0.8360,104,-14.5,22.3,0.0085,,
0.8435,105,-14.2,22.3,0.0075,,
0.8520,106,-13.8,22.3,0.0075,,
0.8605,107,-13.4,22.3,0.0075,,
0.8685,108,-13.1,22.3,0.0075,,
0.8770,109,-12.6,22.3,0.0075,,
0.8855,110,-12.3,22.3,0.0075,,
0.8930,111,-11.9,22.3,0.0075,,
0.9015,112,-11.6,22.3,0.0085,,
0.9100,113,-11.2,22.3,0.0075,,
0.9185,114,-11.0,22.3,0.0075,,
0.9270,115,-10.6,22.3,0.0075,,
0.9355,116,-10.3,22.3,0.0075,,
0.9430,117,-9.9,22.3,0.0075,,
0.9515,118,-9.5,22.3,0.0085,,
0.9595,119,-9.2,22.3,0.0075,,
0.9680,120,-8.8,22.3,0.0075,,
0.9765,121,-8.5,22.3,0.0075,,
0.9850,122,-8.2,22.3,0.0075,,
0.9925,123,-7.9,22.3,0.0075,,
1.0010,124,-7.5,22.3,0.0085,,
1.0095,125,-7.1,22.3,0.0075,,
1.0180,126,-6.8,22.3,0.0075,,
1.0260,127,-6.4,22.3,0.0075,,
1.0345,128,-6.1,22.3,0.0075,,
1.0420,129,-5.8,22.3,0.0075,,
1.0505,130,-5.4,22.3,0.0085,,
1.0590,131,-5.0,22.3,0.0075,,
1.0675,132,-4.6,22.3,0.0075,,
1.0760,133,-4.3,22.3,0.0075,,
1.0845,134,-3.9,22.3,0.0075,,
1.0920,135,-3.4,22.3,0.0075,,
1.1005,136,-3.0,22.3,0.0085,,
1.1090,137,-2.6,22.3,0.0075,,
1.1175,138,-2.3,22.3,0.0075,,
1.1255,139,-1.9,22.3,0.0075,,
1.1340,140,-1.5,22.3,0.0075,,
1.1415,141,-1.1,22.3,0.0075,,
1.1500,142,-0.7,22.3,0.0085,,
1.1585,143,-0.1,22.3,0.0075,,
1.1670,144,0.3,22.3,0.0075,,
1.1755,145,0.5,22.3,0.0075,,
1.1840,146,0.2,22.3,0.0075,,
1.1915,147,0.5,22.3,0.0075,,
1.2000,148,0.9,22.3,0.0085,,
1.2085,149,1.3,22.3,0.0075,,
1.2165,150,1.6,22.3,0.0075,,
1.2250,151,2.1,22.3,0.0075,,
1.2335,152,2.7,22.3,0.0075,,
1.2410,153,3.2,22.3,0.0075,,
1.2495,154,3.6,22.3,0.0085,,
1.2580,155,3.6,22.3,0.0075,,
1.2665,156,4.3,22.3,0.0075,,
1.2750,157,4.7,22.3,0.0075,,
1.2835,158,5.0,22.3,0.0075,,
1.2910,159,5.3,22.3,0.0075,,
1.2995,160,5.6,22.3,0.0085,,
1.3075,161,5.9,22.3,0.0075,,
1.3160,162,6.3,22.3,0.0075,,
1.3245,163,6.6,22.3,0.0075,,
1.3330,164,7.0,22.3,0.0075,,
1.3405,165,7.3,22.3,0.0075,,
1.3490,166,7.7,22.3,0.0085,,
1.3575,167,8.1,22.3,0.0075,,
1.3660,168,8.6,22.3,0.0075,,
1.3745,169,9.1,22.3,0.0075,,
1.3830,170,9.6,22.3,0.0075,,
1.3905,171,10.1,22.3,0.0075,,
1.3990,172,10.5,22.3,0.0085,,
1.4070,173,10.9,22.3,0.0075,,
1.4155,174,11.4,22.3,0.0075,,
1.4240,175,11.8,22.3,0.0075,,
1.4325,176,12.3,22.3,0.0075,,
1.4400,177,12.8,22.3,0.0075,,
1.4485,178,13.2,22.3,0.0085,,
1.4570,179,13.6,22.3,0.0075,,
1.4655,180,14.1,22.3,0.0075,,
1.4735,181,14.5,22.3,0.0075,,
1.4820,182,15.0,22.3,0.0075,,
1.4905,183,15.4,22.3,0.0085,,
1.4980,184,15.8,22.3,0.0075,,
1.5065,185,16.2,22.3,0.0085,,
1.5150,186,16.7,22.3,0.0075,,
1.5235,187,17.2,22.3,0.0075,,
1.5320,188,17.6,22.3,0.0075,,
1.5405,189,18.1,22.3,0.0075,,
1.5480,190,18.5,22.3,0.0075,,
1.5565,191,18.9,22.3,0.0085,,
1.5645,192,19.4,22.3,0.0075,,
1.5730,193,19.9,22.3,0.0075,,
1.5815,194,20.4,22.3,0.0075,,
1.5900,195,20.8,22.3,0.0075,,
1.5975,196,21.3,22.3,0.0075,,
1.6060,197,21.8,22.3,0.0085,,
1.6145,198,22.3,22.3,0.0075,,
1.6230,199,22.8,22.3,0.0075,,
1.6315,200,23.3,22.3,0.0075,,
1.6395,201,23.9,22.3,0.0075,,
1.6470,202,24.3,22.3,0.0075,,
1.6555,203,24.8,22.3,0.0085,,
1.6640,204,25.4,22.3,0.0075,,
1.6725,205,25.9,22.3,0.0075,,
1.6810,206,26.5,22.3,0.0075,,
1.6895,207,27.1,22.3,0.0075,,
1.6970,208,27.6,22.3,0.0075,,
1.7055,209,28.2,22.3,0.0085,,
1.7140,210,28.8,22.3,0.0075,,
1.7225,211,29.4,22.3,0.0075,,
1.7305,212,30.0,22.3,0.0075,,
1.7390,213,30.5,22.3,0.0075,,
1.7465,214,31.1,22.3,0.0075,,
1.7550,215,31.7,22.3,0.0085,,
1.7635,216,32.3,22.3,0.0075,,
1.7720,217,33.0,22.3,0.0075,,
1.7805,218,33.6,22.3,0.0075,,
1.7890,219,34.4,22.3,0.0075,,
1.7965,220,35.0,22.3,0.0075,,
1.8050,221,35.6,22.3,0.0085,,
1.8130,222,36.3,22.3,0.0075,,
1.8215,223,37.1,22.3,0.0075,,
1.8300,224,37.8,22.3,0.0075,,
1.8385,225,38.5,22.3,0.0075,,
1.8470,226,39.3,22.3,0.0085,,
1.8545,227,40.0,22.3,0.0075,,
1.8630,228,40.9,22.3,0.0075,,
1.8715,229,41.7,22.3,0.0075,,
1.8800,230,42.5,22.3,0.0075,,
1.8880,231,43.4,22.4,0.0075,,
1.8965,232,44.3,22.3,0.0075,,
1.9040,233,45.1,22.3,0.0075,,
1.9125,234,46.0,22.4,0.0085,,
1.9210,235,46.9,22.3,0.0075,,
1.9295,236,47.9,22.4,0.0075,,
1.9380,237,49.0,22.3,0.0075,,
1.9465,238,50.0,22.3,0.0075,,
1.9540,239,51.0,22.4,0.0075,,
1.9625,240,52.2,22.4,0.0085,,
1.9705,241,53.4,22.4,0.0075,,
1.9790,242,54.8,22.4,0.0075,,
1.9875,243,56.1,22.4,0.0075,,
1.9960,244,57.6,22.4,0.0075,,
2.0045,245,59.0,22.4,0.0085,,
2.0120,246,60.6,22.4,0.0075,,
2.0205,247,62.4,22.4,0.0085,,
2.0290,248,64.3,22.4,0.0075,,
2.0370,249,66.4,22.4,0.0075,,
2.0455,250,68.7,22.4,0.0075,,
2.0540,251,71.3,22.4,0.0075,,
2.0615,252,73.9,22.4,0.0075,,
2.0700,253,77.1,22.4,0.0085,,
2.0785,254,80.8,22.4,0.0075,,
2.0870,255,84.9,22.4,0.0075,,
2.0955,256,89.6,22.4,0.0075,,
2.1040,257,94.9,22.4,0.0075,,
2.1115,258,100.2,22.4,0.0075,,
2.1200,259,106.6,22.4,0.0085,,
2.1280,260,113.5,22.4,0.0075,,
2.1365,261,120.7,22.4,0.0075,,
2.1450,262,128.2,22.4,0.0075,,
2.1535,263,135.2,22.4,0.0075,,
2.1610,264,141.2,22.4,0.0075,,
2.1695,265,147.2,22.4,0.0085,,
2.1780,266,152.3,22.4,0.0075,,
2.1865,267,156.8,22.4,0.0075,,
2.1950,268,160.7,22.4,0.0075,,
2.2030,269,164.1,22.4,0.0075,,
2.2110,270,166.6,22.4,0.0080,,
2.2190,271,168.8,22.4,0.0080,,
2.2275,272,171.0,22.4,0.0075,,
2.2360,273,173.1,22.4,0.0075,,
2.2445,274,174.9,22.4,0.0075,,
2.2530,275,176.6,22.4,0.0075,,
2.2605,276,178.0,22.4,0.0075,,
2.2690,277,179.4,22.4,0.0085,,
2.2775,278,180.8,22.4,0.0075,,
2.2860,279,182.3,22.4,0.0075,,
2.2940,280,183.6,22.4,0.0075,,
2.3025,281,184.9,22.4,0.0075,,
2.3065,282,185.0,22.4,0.0065,,
2.3065,522,195.6,22.5,0.0000,,
2.3070,523,195.7,22.5,0.0005,,
2.3085,524,195.7,22.5,0.0020,,
2.3110,525,195.7,22.5,0.0035,,
2.3150,526,195.7,22.5,0.0050,,
2.3215,527,195.9,22.5,0.0080,,
2.3300,528,196.3,22.5,0.0105,,
2.3375,529,196.9,22.5,0.0105,,
2.3460,530,197.7,22.5,0.0120,,
2.3545,531,198.5,22.5,0.0120,,
2.3630,532,199.3,22.5,0.0105,,
2.3710,533,200.0,22.5,0.0100,,
2.3795,534,200.6,22.5,0.0105,,
2.3870,535,201.3,22.5,0.0105,,
2.3955,536,202.0,22.5,0.0120,,
2.4040,537,202.7,22.5,0.0120,,
2.4125,538,203.3,22.5,0.0105,,
2.4210,539,203.9,22.5,0.0105,,
2.4295,540,204.6,22.5,0.0105,,
2.4370,541,205.1,22.5,0.0105,,
2.4455,542,205.6,22.5,0.0120,,
2.4540,543,206.1,22.5,0.0120,,
2.4620,544,206.6,22.5,0.0100,,
2.4705,545,207.3,22.5,0.0105,,
2.4790,546,207.8,22.5,0.0105,,
2.4865,547,208.3,22.5,0.0105,,
2.4950,548,208.8,22.5,0.0120,,
2.5035,549,209.3,22.5,0.0120,,
2.5120,550,209.8,22.5,0.0105,,
2.5205,551,210.2,22.5,0.0105,,
2.5290,552,210.8,22.5,0.0105,,
2.5365,553,211.2,22.5,0.0105,,
2.5450,554,211.7,22.5,0.0120,,
2.5535,555,212.2,22.5,0.0120,,
2.5615,556,212.6,22.5,0.0100,,
2.5700,557,213.1,22.5,0.0105,,
2.5785,558,213.6,22.5,0.0105,,
2.5860,559,214.0,22.5,0.0105,,
2.5945,560,214.4,22.5,0.0120,,
2.6030,561,214.9,22.5,0.0120,,
2.6115,562,215.5,22.5,0.0105,,
2.6200,563,215.9,22.5,0.0105,,
2.6285,564,216.7,22.5,0.0105,,
2.6360,565,217.3,22.5,0.0105,,
2.6445,566,217.9,22.5,0.0120,,
2.6525,567,218.4,22.5,0.0115,,
2.6610,568,218.9,22.5,0.0105,,
2.6695,569,219.4,22.5,0.0105,,
2.6780,570,219.9,22.5,0.0105,,
2.6855,571,220.4,22.5,0.0105,,
2.6940,572,221.0,22.5,0.0120,,
2.7025,573,221.5,22.5,0.0120,,
2.7110,574,222.0,22.5,0.0105,,
2.7190,575,222.6,22.5,0.0100,,
2.7275,576,223.0,22.5,0.0105,,
2.7360,577,223.6,22.5,0.0120,,
2.7435,578,224.4,22.5,0.0105,,
2.7520,579,224.9,22.5,0.0120,,
2.7605,580,225.4,22.5,0.0105,,
2.7690,581,225.8,22.5,0.0105,,
2.7775,582,226.2,22.5,0.0105,,
2.7860,583,226.6,22.5,0.0105,,
2.7935,584,227.4,22.5,0.0105,,
2.8020,585,227.8,22.5,0.0120,,
2.8100,586,228.2,22.5,0.0115,,
2.8185,587,228.6,22.5,0.0105,,
2.8270,588,229.1,22.5,0.0105,,
2.8355,589,229.5,22.5,0.0105,,
2.8430,590,229.9,22.5,0.0105,,
2.8515,591,230.3,22.5,0.0120,,
2.8600,592,230.7,22.5,0.0120,,
2.8685,593,231.1,22.5,0.0105,,
2.8765,594,231.5,22.5,0.0100,,
2.8850,595,231.8,22.5,0.0105,,
2.8925,596,232.2,22.5,0.0105,,
2.9010,597,232.5,22.5,0.0120,,
2.9095,598,232.8,22.5,0.0105,,
2.9180,599,233.2,22.5,0.0105,,
2.9265,600,233.6,22.5,0.0105,,
2.9325,601,233.9,22.5,0.0075,,
2.9355,602,234.2,22.5,0.0045,,
2.9365,603,234.4,22.5,0.0015,,
2.9370,604,234.6,22.5,0.0005,,
2.9370,605,234.7,22.5,0.0000,,
2.9370,606,234.9,22.5,0.0000,,
2.9375,607,235.0,22.5,0.0005,,
2.9375,607,235.0,22.5,0.0000,,
