Task,T3624
Scope 1/1, Sample 1/9 (junk1)
Result,TitrationEP1
V,t,E,T,dV/dt,E acc. stat.,Volume acc. stat.
0.0000,0,38.5,21.9,NaN,,
0.0010,1,37.5,21.9,0.0010,,
0.0025,2,37.3,21.9,0.0015,,
0.0050,3,37.0,21.9,0.0025,,
0.0090,4,36.8,21.9,0.0035,,
0.0150,5,36.6,21.9,0.0055,,
0.0235,6,36.5,21.9,0.0075,,
0.0320,7,36.5,21.9,0.0075,,
0.0405,8,36.5,21.9,0.0075,,
0.0480,9,36.5,21.9,0.0070,,
0.0565,10,36.6,21.9,0.0075,,
0.0650,11,36.6,21.9,0.0075,,
0.0735,12,36.7,21.9,0.0075,,
0.0820,13,36.8,21.9,0.0075,,
0.0905,14,36.8,21.9,0.0075,,
0.0980,15,37.0,21.9,0.0070,,
0.1065,16,37.1,21.9,0.0075,,
0.1150,17,37.3,21.9,0.0075,,
0.1230,18,37.5,21.9,0.0075,,
0.1315,19,37.8,21.9,0.0075,,
0.1395,20,38.1,21.9,0.0075,,
0.1475,21,38.5,21.9,0.0075,,
0.1560,22,39.0,21.9,0.0075,,
0.1645,23,39.5,21.9,0.0075,,
0.1730,24,40.2,21.9,0.0075,,
0.1815,25,40.9,21.9,0.0075,,
0.1890,26,41.8,21.9,0.0070,,
0.1975,27,43.1,21.9,0.0075,,
0.2060,28,44.7,21.9,0.0075,,
0.2145,29,46.9,21.9,0.0075,,
0.2230,30,49.8,21.9,0.0075,,
0.2310,31,53.3,21.9,0.0075,,
0.2390,32,57.3,21.9,0.0075,,
0.2470,33,63.1,21.9,0.0075,,
0.2555,34,69.7,21.9,0.0075,,
0.2640,35,77.2,21.9,0.0075,,
0.2725,36,85.9,21.9,0.0075,,
0.2810,37,94.8,21.9,0.0085,,
0.2885,38,105.3,21.9,0.0070,,
0.2970,39,116.2,21.9,0.0075,,
0.3055,40,126.9,21.9,0.0075,,
0.3140,41,137.3,21.9,0.0075,,
0.3220,42,147.1,21.9,0.0075,,
0.3305,43,155.1,21.9,0.0085,,
0.3385,44,163.0,21.9,0.0075,,
0.3465,45,169.2,21.9,0.0075,,
0.3550,46,174.4,21.9,0.0075,,
0.3635,47,178.8,21.9,0.0075,,
0.3720,48,182.2,21.9,0.0075,,
0.3795,49,184.3,21.9,0.0070,,
0.3850,50,185.1,21.9,0.0070,,
0.3850,290,192.0,22.1,0.0000,,
0.3855,291,191.8,22.1,0.0005,,
0.3870,292,191.8,22.1,0.0015,,
0.3895,293,191.9,22.1,0.0025,,
0.3940,294,192.0,22.1,0.0045,,
0.4000,295,192.2,22.1,0.0060,,
0.4085,296,192.7,22.1,0.0095,,
0.4160,297,193.5,22.1,0.0085,,
0.4245,298,194.4,22.1,0.0095,,
0.4330,299,195.3,22.1,0.0085,,
0.4415,300,196.4,22.1,0.0085,,
0.4500,301,197.2,22.1,0.0085,,
0.4575,302,197.9,22.1,0.0085,,
0.4660,303,198.8,22.1,0.0095,,
0.4745,304,199.5,22.1,0.0095,,
0.4830,305,200.4,22.1,0.0085,,
0.4910,306,201.2,22.1,0.0080,,
0.4995,307,201.9,22.1,0.0095,,
0.5075,308,202.6,22.1,0.0090,,
0.5155,309,203.4,22.1,0.0090,,
0.5240,310,204.2,22.1,0.0085,,
0.5325,311,204.8,22.1,0.0085,,
0.5410,312,205.5,22.1,0.0085,,
0.5485,313,205.9,22.1,0.0085,,
0.5570,314,206.6,22.1,0.0095,,
0.5655,315,207.2,22.1,0.0095,,
0.5740,316,207.8,22.1,0.0085,,
0.5825,317,208.4,22.1,0.0085,,
0.5905,318,209.0,22.1,0.0080,,
0.5985,319,209.5,22.1,0.0090,,
0.6070,320,210.1,22.1,0.0095,,
0.6150,321,210.6,22.1,0.0090,,
0.6235,322,211.1,22.1,0.0085,,
0.6320,323,211.6,22.1,0.0085,,
0.6405,324,212.2,22.1,0.0085,,
0.6480,325,212.6,22.1,0.0085,,
0.6565,326,213.1,22.1,0.0095,,
0.6650,327,213.6,22.1,0.0095,,
0.6735,328,214.0,22.1,0.0085,,
0.6820,329,214.4,22.1,0.0085,,
0.6900,330,214.9,22.1,0.0080,,
0.6980,331,215.3,22.1,0.0090,,
0.7065,332,215.7,22.1,0.0095,,
0.7145,333,216.1,22.1,0.0080,,
0.7230,334,216.5,22.1,0.0085,,
0.7315,335,216.9,22.1,0.0085,,
0.7400,336,217.3,22.1,0.0095,,
0.7475,337,217.8,22.1,0.0085,,
0.7560,338,218.2,22.1,0.0095,,
0.7645,339,218.6,22.1,0.0085,,
0.7730,340,219.0,22.1,0.0085,,
0.7815,341,219.4,22.1,0.0085,,
0.7900,342,219.8,22.1,0.0095,,
0.7975,343,220.1,22.1,0.0085,,
0.8060,344,220.4,22.1,0.0095,,
0.8140,345,220.8,22.1,0.0080,,
0.8225,346,221.1,22.1,0.0085,,
0.8310,347,221.4,22.1,0.0085,,
0.8385,348,221.8,22.1,0.0085,,
0.8470,349,222.1,22.1,0.0095,,
0.8555,350,222.5,22.1,0.0095,,
0.8640,351,222.8,22.1,0.0085,,
0.8725,352,223.2,22.1,0.0085,,
0.8810,353,223.4,22.1,0.0085,,
0.8885,354,223.7,22.1,0.0085,,
0.8970,355,224.0,22.1,0.0095,,
0.9050,356,224.4,22.1,0.0090,,
0.9135,357,224.7,22.1,0.0085,,
0.9220,358,225.0,22.1,0.0085,,
0.9305,359,225.2,22.1,0.0085,,
0.9380,360,225.4,22.1,0.0085,,
0.9465,361,225.7,22.1,0.0095,,
0.9550,362,225.9,22.1,0.0095,,
0.9635,363,226.3,22.1,0.0085,,
0.9720,364,226.5,22.1,0.0085,,
0.9805,365,226.9,22.1,0.0085,,
0.9880,366,227.1,22.1,0.0085,,
0.9965,367,227.4,22.1,0.0095,,
1.0045,368,227.7,22.1,0.0080,,
1.0130,369,227.9,22.1,0.0085,,
1.0215,370,228.3,22.1,0.0085,,
1.0300,371,228.5,22.1,0.0095,,
1.0375,372,228.8,22.1,0.0085,,
1.0460,373,229.0,22.1,0.0095,,
1.0545,374,229.3,22.1,0.0085,,
1.0630,375,229.6,22.1,0.0085,,
1.0715,376,229.8,22.1,0.0085,,
1.0790,377,230.0,22.1,0.0085,,
1.0875,378,230.2,22.1,0.0095,,
1.0960,379,230.5,22.1,0.0095,,
1.1045,380,230.6,22.1,0.0085,,
1.1125,381,230.9,22.1,0.0080,,
1.1210,382,231.1,22.1,0.0085,,
1.1290,383,231.3,22.1,0.0090,,
1.1370,384,231.5,22.1,0.0090,,
1.1455,385,231.9,22.1,0.0085,,
1.1540,386,232.1,22.1,0.0085,,
1.1625,387,232.3,22.1,0.0085,,
1.1710,388,232.5,22.1,0.0095,,
1.1785,389,232.7,22.1,0.0085,,
1.1870,390,233.0,22.1,0.0095,,
1.1955,391,233.1,22.1,0.0085,,
1.2040,392,233.4,22.1,0.0085,,
1.2125,393,233.6,22.1,0.0085,,
1.2205,394,233.8,22.1,0.0090,,
1.2285,395,234.1,22.1,0.0090,,
1.2360,396,234.3,22.1,0.0085,,
1.2415,397,234.5,22.1,0.0055,,
1.2460,398,234.6,22.1,0.0045,,
1.2480,399,234.6,22.1,0.0020,,
1.2500,400,234.7,22.1,0.0020,,
1.2525,401,234.7,22.1,0.0030,,
1.2565,402,234.8,22.1,0.0045,,
1.2620,403,234.8,22.2,0.0055,,
1.2655,404,235.0,22.1,0.0060,,
Scope 1/1, Sample 2/9 (junk2)
Result,TitrationEP1
V,t,E,T,dV/dt,E acc. stat.,Volume acc. stat.
0.0000,0,54.1,22.0,NaN,,
0.0010,1,52.9,22.0,0.0010,,
0.0025,2,52.6,22.0,0.0015,,
0.0050,3,52.4,22.0,0.0025,,
0.0090,4,52.2,22.0,0.0035,,
0.0155,5,52.0,22.0,0.0060,,
0.0235,6,51.8,22.0,0.0075,,
0.0315,7,51.7,22.0,0.0080,,
0.0395,8,51.6,22.0,0.0080,,
0.0480,9,51.6,22.0,0.0075,,
0.0565,10,51.5,22.0,0.0075,,
0.0650,11,51.5,22.0,0.0075,,
0.0735,12,51.5,22.0,0.0075,,
0.0810,13,51.5,22.0,0.0075,,
0.0895,14,51.6,22.0,0.0085,,
0.0980,15,51.6,22.1,0.0075,,
0.1065,16,51.7,22.1,0.0075,,
0.1145,17,52.3,22.1,0.0075,,
0.1230,18,52.5,22.1,0.0075,,
0.1305,19,52.7,22.1,0.0075,,
0.1390,20,52.9,22.1,0.0085,,
0.1475,21,53.2,22.1,0.0075,,
0.1560,22,53.5,22.1,0.0075,,
0.1645,23,54.1,22.1,0.0075,,
0.1730,24,54.6,22.1,0.0075,,
0.1805,25,55.4,22.1,0.0075,,
0.1890,26,56.4,22.1,0.0075,,
0.1975,27,57.8,22.1,0.0075,,
0.2060,28,59.5,22.1,0.0075,,
0.2145,29,62.0,22.1,0.0075,,
0.2220,30,64.6,22.1,0.0075,,
0.2305,31,68.3,22.1,0.0085,,
0.2385,32,73.1,22.1,0.0075,,
0.2470,33,79.3,22.1,0.0075,,
0.2555,34,86.3,22.1,0.0075,,
0.2640,35,94.4,22.1,0.0075,,
0.2715,36,102.4,22.1,0.0075,,
0.2800,37,111.8,22.1,0.0085,,
0.2885,38,121.5,22.1,0.0075,,
0.2970,39,131.0,22.1,0.0075,,
0.3055,40,141.2,22.1,0.0075,,
0.3140,41,150.5,22.1,0.0075,,
0.3215,42,158.0,22.1,0.0075,,
0.3300,43,164.8,22.1,0.0085,,
0.3385,44,170.6,22.1,0.0075,,
0.3465,45,175.6,22.1,0.0075,,
0.3550,46,179.6,22.1,0.0075,,
0.3635,47,182.4,22.1,0.0085,,
0.3730,48,185.0,22.1,0.0080,,
0.3730,288,191.3,22.2,0.0000,,
0.3735,289,191.3,22.2,0.0005,,
0.3750,290,191.3,22.2,0.0010,,
0.3775,291,191.4,22.2,0.0020,,
0.3815,292,191.3,22.2,0.0030,,
0.3880,293,191.5,22.2,0.0045,,
0.3965,294,192.2,22.2,0.0060,,
0.4040,295,192.9,22.2,0.0060,,
0.4125,296,193.7,22.2,0.0065,,
0.4210,297,194.7,22.2,0.0065,,
0.4290,298,195.7,22.2,0.0055,,
0.4375,299,196.6,22.2,0.0060,,
0.4460,300,197.6,22.2,0.0060,,
0.4545,301,198.4,22.2,0.0060,,
0.4620,302,199.4,22.2,0.0060,,
0.4705,303,200.2,22.2,0.0065,,
0.4790,304,201.0,22.2,0.0060,,
0.4875,305,201.8,22.2,0.0060,,
0.4955,306,202.6,22.2,0.0055,,
0.5040,307,203.3,22.2,0.0060,,
0.5120,308,203.9,22.2,0.0060,,
0.5200,309,204.6,22.2,0.0060,,
0.5285,310,205.3,22.2,0.0060,,
0.5370,311,206.0,22.2,0.0060,,
0.5455,312,206.7,22.2,0.0060,,
0.5540,313,207.2,22.2,0.0065,,
0.5615,314,207.8,22.2,0.0060,,
0.5700,315,208.5,22.2,0.0065,,
0.5785,316,209.0,22.2,0.0060,,
0.5870,317,209.5,22.2,0.0060,,
0.5950,318,210.0,22.2,0.0055,,
0.6035,319,210.5,22.2,0.0065,,
0.6110,320,211.1,22.2,0.0060,,
0.6195,321,211.7,22.2,0.0065,,
0.6280,322,212.2,22.2,0.0060,,
0.6365,323,212.7,22.2,0.0060,,
0.6450,324,213.2,22.2,0.0060,,
0.6535,325,213.6,22.2,0.0065,,
0.6610,326,214.1,22.2,0.0060,,
0.6695,327,214.5,22.2,0.0065,,
0.6780,328,215.1,22.2,0.0060,,
0.6860,329,215.5,22.2,0.0055,,
0.6945,330,216.0,22.2,0.0060,,
0.7025,331,216.4,22.2,0.0060,,
0.7105,332,216.9,22.2,0.0060,,
0.7190,333,217.2,22.2,0.0065,,
0.7275,334,217.6,22.2,0.0060,,
0.7360,335,218.1,22.2,0.0060,,
0.7445,336,218.4,22.2,0.0060,,
0.7520,337,218.8,22.2,0.0060,,
0.7605,338,219.3,22.2,0.0065,,
0.7690,339,219.6,22.2,0.0065,,
0.7775,340,220.0,22.2,0.0060,,
0.7855,341,220.3,22.2,0.0055,,
0.7940,342,220.7,22.2,0.0060,,
0.8025,343,221.0,22.2,0.0065,,
0.8100,344,221.3,22.2,0.0060,,
0.8185,345,221.7,22.2,0.0065,,
0.8270,346,222.0,22.2,0.0060,,
0.8355,347,222.4,22.2,0.0060,,
0.8440,348,222.8,22.2,0.0060,,
0.8525,349,223.1,22.2,0.0065,,
0.8600,350,223.3,22.2,0.0060,,
0.8680,351,223.6,22.2,0.0060,,
0.8765,352,223.9,22.2,0.0065,,
0.8850,353,224.3,22.2,0.0060,,
0.8935,354,224.6,22.2,0.0060,,
0.9020,355,224.9,22.2,0.0060,,
0.9095,356,225.2,22.2,0.0060,,
0.9180,357,225.5,22.2,0.0065,,
0.9265,358,225.8,22.2,0.0065,,
0.9350,359,226.1,22.2,0.0060,,
0.9435,360,226.3,22.2,0.0060,,
0.9515,361,226.5,22.2,0.0055,,
0.9595,362,226.9,22.2,0.0060,,
0.9675,363,227.2,22.2,0.0055,,
0.9760,364,227.4,22.2,0.0065,,
0.9845,365,227.7,22.2,0.0060,,
0.9930,366,228.0,22.2,0.0060,,
1.0015,367,228.2,22.2,0.0060,,
1.0090,368,228.6,22.2,0.0060,,
1.0175,369,228.9,22.2,0.0065,,
1.0260,370,229.1,22.2,0.0065,,
1.0340,371,229.4,22.2,0.0055,,
1.0425,372,229.6,22.2,0.0060,,
1.0510,373,229.9,22.2,0.0060,,
1.0585,374,230.1,22.2,0.0060,,
1.0670,375,230.4,22.2,0.0065,,
1.0755,376,230.6,22.2,0.0065,,
1.0840,377,230.8,22.2,0.0060,,
1.0925,378,231.1,22.2,0.0060,,
1.1010,379,231.4,22.2,0.0060,,
1.1090,380,231.5,22.2,0.0060,,
1.1170,381,231.8,22.2,0.0060,,
1.1250,382,232.0,22.2,0.0060,,
1.1335,383,232.3,22.2,0.0060,,
1.1420,384,232.5,22.2,0.0060,,
1.1505,385,232.7,22.2,0.0060,,
1.1590,386,232.9,22.2,0.0065,,
1.1665,387,233.1,22.2,0.0060,,
1.1750,388,233.3,22.2,0.0065,,
1.1835,389,233.6,22.2,0.0060,,
1.1920,390,233.8,22.2,0.0060,,
1.2000,391,234.0,22.2,0.0055,,
1.2085,392,234.2,22.2,0.0065,,
1.2150,393,234.4,22.2,0.0050,,
1.2195,394,234.6,22.2,0.0035,,
1.2205,395,234.7,22.2,0.0005,,
1.2210,396,234.8,22.2,0.0005,,
1.2225,397,234.8,22.2,0.0010,,
1.2245,398,234.8,22.2,0.0015,,
1.2270,399,234.9,22.2,0.0020,,
1.2315,400,234.9,22.2,0.0035,,
1.2375,401,234.9,22.2,0.0045,,
1.2425,402,235.0,22.2,0.0040,,
Scope 1/1, Sample 3/9 (VSpringK)
Result,TitrationEP1
V,t,E,T,dV/dt,E acc. stat.,Volume acc. stat.
0.0000,0,-4.2,22.4,NaN,,
0.0005,1,-6.3,22.4,0.0005,,
0.0025,2,-6.9,22.4,0.0020,,
0.0050,3,-7.4,22.4,0.0025,,
0.0090,4,-7.9,22.4,0.0035,,
0.0150,5,-8.4,22.4,0.0055,,
0.0235,6,-8.9,22.4,0.0075,,
0.0315,7,-9.3,22.4,0.0080,,
0.0395,8,-9.6,22.4,0.0080,,
0.0480,9,-10.0,22.4,0.0075,,
0.0565,10,-10.2,22.4,0.0075,,
0.0650,11,-10.4,22.4,0.0075,,
0.0735,12,-10.5,22.4,0.0075,,
0.0810,13,-10.6,22.4,0.0075,,
0.0895,14,-10.7,22.4,0.0085,,
0.0980,15,-10.8,22.4,0.0075,,
0.1065,16,-10.8,22.4,0.0075,,
0.1145,17,-10.9,22.4,0.0075,,
0.1230,18,-10.9,22.4,0.0085,,
0.1305,19,-10.9,22.4,0.0075,,
0.1390,20,-10.9,22.4,0.0085,,
0.1475,21,-10.8,22.5,0.0075,,
0.1560,22,-10.8,22.4,0.0075,,
0.1645,23,-10.8,22.5,0.0075,,
0.1730,24,-10.7,22.5,0.0075,,
0.1805,25,-10.7,22.5,0.0075,,
0.1890,26,-10.6,22.5,0.0085,,
0.1975,27,-10.6,22.5,0.0075,,
0.2055,28,-10.5,22.5,0.0075,,
0.2140,29,-10.4,22.5,0.0075,,
0.2225,30,-10.4,22.5,0.0075,,
0.2300,31,-10.3,22.5,0.0075,,
0.2385,32,-10.2,22.5,0.0085,,
0.2470,33,-10.1,22.5,0.0075,,
0.2555,34,-10.0,22.5,0.0075,,
0.2640,35,-9.9,22.5,0.0075,,
0.2725,36,-9.8,22.5,0.0075,,
0.2800,37,-9.7,22.5,0.0075,,
0.2885,38,-9.6,22.5,0.0085,,
0.2965,39,-9.5,22.5,0.0075,,
0.3050,40,-9.4,22.5,0.0075,,
0.3135,41,-9.2,22.5,0.0075,,
0.3220,42,-9.1,22.5,0.0075,,
0.3295,43,-9.0,22.5,0.0075,,
0.3380,44,-8.9,22.5,0.0085,,
0.3465,45,-8.8,22.5,0.0075,,
0.3550,46,-8.7,22.5,0.0075,,
0.3635,47,-8.5,22.5,0.0075,,
0.3715,48,-8.4,22.5,0.0075,,
0.3795,49,-8.3,22.5,0.0080,,
0.3875,50,-8.2,22.5,0.0080,,
0.3960,51,-8.0,22.5,0.0085,,
0.4045,52,-7.9,22.5,0.0075,,
0.4130,53,-7.7,22.5,0.0075,,
0.4215,54,-7.5,22.5,0.0075,,
0.4290,55,-7.4,22.5,0.0075,,
0.4375,56,-7.2,22.5,0.0085,,
0.4460,57,-7.1,22.5,0.0075,,
0.4545,58,-6.8,22.5,0.0075,,
0.4630,59,-6.6,22.5,0.0075,,
0.4710,60,-6.5,22.5,0.0075,,
0.4790,61,-6.4,22.5,0.0080,,
0.4870,62,-6.2,22.5,0.0080,,
0.4955,63,-6.0,22.5,0.0075,,
0.5040,64,-5.9,22.5,0.0075,,
0.5125,65,-5.7,22.5,0.0075,,
0.5210,66,-5.5,22.5,0.0075,,
0.5285,67,-5.3,22.5,0.0075,,
0.5370,68,-5.1,22.5,0.0085,,
0.5455,69,-4.8,22.5,0.0075,,
0.5540,70,-4.6,22.5,0.0075,,
0.5620,71,-4.4,22.5,0.0075,,
0.5705,72,-4.2,22.5,0.0075,,
0.5780,73,-4.0,22.5,0.0075,,
0.5865,74,-3.7,22.5,0.0085,,
0.5950,75,-3.6,22.5,0.0085,,
0.6035,76,-3.3,22.5,0.0075,,
0.6120,77,-3.1,22.5,0.0075,,
0.6205,78,-2.8,22.5,0.0075,,
0.6280,79,-2.6,22.5,0.0075,,
0.6365,80,-2.4,22.5,0.0085,,
0.6450,81,-2.1,22.5,0.0075,,
0.6530,82,-1.9,22.5,0.0075,,
0.6615,83,-1.6,22.5,0.0075,,
0.6700,84,-1.4,22.5,0.0075,,
0.6775,85,-1.1,22.5,0.0075,,
0.6860,86,-0.8,22.5,0.0085,,
0.6945,87,-0.7,22.5,0.0075,,
0.7030,88,-0.5,22.5,0.0075,,
0.7115,89,-0.2,22.5,0.0075,,
0.7200,90,0.1,22.5,0.0075,,
0.7275,91,0.2,22.5,0.0075,,
0.7360,92,0.2,22.5,0.0085,,
0.7445,93,0.4,22.5,0.0075,,
0.7525,94,0.2,22.5,0.0075,,
0.7610,95,0.4,22.5,0.0075,,
0.7695,96,0.6,22.5,0.0075,,
0.7770,97,0.8,22.5,0.0075,,
0.7855,98,1.1,22.5,0.0085,,
0.7940,99,1.3,22.5,0.0085,,
0.8025,100,1.5,22.5,0.0075,,
0.8110,101,1.7,22.5,0.0075,,
0.8190,102,2.1,22.5,0.0075,,
0.8270,103,2.4,22.5,0.0080,,
0.8350,104,2.8,22.5,0.0080,,
0.8435,105,3.4,22.5,0.0075,,
0.8520,106,3.6,22.5,0.0075,,
0.8605,107,3.4,22.5,0.0075,,
0.8690,108,3.5,22.5,0.0075,,
0.8765,109,3.7,22.5,0.0075,,
0.8850,110,4.1,22.5,0.0085,,
0.8935,111,4.4,22.5,0.0075,,
0.9020,112,4.6,22.5,0.0075,,
0.9105,113,4.9,22.5,0.0075,,
0.9185,114,5.1,22.5,0.0075,,
0.9265,115,5.3,22.5,0.0080,,
0.9345,116,5.5,22.5,0.0080,,
0.9430,117,5.7,22.5,0.0085,,
0.9515,118,6.0,22.5,0.0075,,
0.9600,119,6.2,22.5,0.0075,,
0.9685,120,6.4,22.5,0.0075,,
0.9770,121,6.6,22.5,0.0085,,
0.9845,122,6.9,22.5,0.0075,,
0.9930,123,7.1,22.5,0.0085,,
1.0010,124,7.3,22.5,0.0075,,
1.0095,125,7.6,22.5,0.0075,,
1.0180,126,7.9,22.5,0.0075,,
1.0265,127,8.1,22.5,0.0085,,
1.0340,128,8.4,22.5,0.0075,,
1.0425,129,8.7,22.5,0.0085,,
1.0510,130,9.0,22.5,0.0075,,
1.0595,131,9.3,22.5,0.0075,,
1.0680,132,9.7,22.5,0.0075,,
1.0760,133,10.0,22.5,0.0080,,
1.0840,134,10.3,22.5,0.0080,,
1.0925,135,10.6,22.5,0.0085,,
1.1005,136,11.0,22.5,0.0075,,
1.1090,137,11.2,22.5,0.0075,,
1.1175,138,11.5,22.5,0.0075,,
1.1250,139,11.9,22.5,0.0075,,
1.1335,140,12.2,22.5,0.0085,,
1.1420,141,12.4,22.5,0.0075,,
1.1505,142,12.7,22.5,0.0075,,
1.1590,143,13.1,22.5,0.0075,,
1.1675,144,13.5,22.5,0.0075,,
1.1750,145,13.8,22.5,0.0075,,
1.1835,146,14.0,22.5,0.0085,,
1.1915,147,14.3,22.5,0.0080,,
1.2000,148,14.7,22.5,0.0075,,
1.2085,149,15.0,22.5,0.0075,,
1.2170,150,15.4,22.5,0.0075,,
1.2255,151,15.6,22.5,0.0085,,
1.2330,152,15.9,22.5,0.0075,,
1.2415,153,16.2,22.5,0.0085,,
1.2500,154,16.5,22.5,0.0075,,
1.2585,155,16.9,22.5,0.0075,,
1.2665,156,17.2,22.5,0.0075,,
1.2750,157,17.4,22.5,0.0085,,
1.2825,158,17.8,22.5,0.0075,,
1.2910,159,18.2,22.5,0.0085,,
1.2995,160,18.4,22.5,0.0075,,
1.3080,161,18.7,22.5,0.0075,,
1.3165,162,19.1,22.5,0.0075,,
1.3240,163,19.4,22.5,0.0075,,
1.3325,164,19.7,22.5,0.0085,,
1.3410,165,20.0,22.5,0.0085,,
1.3495,166,20.3,22.5,0.0075,,
1.3575,167,20.6,22.5,0.0075,,
1.3660,168,20.9,22.5,0.0075,,
1.3745,169,21.3,22.5,0.0085,,
1.3820,170,21.6,22.5,0.0075,,
1.3905,171,21.9,22.5,0.0085,,
1.3990,172,22.3,22.5,0.0075,,
1.4075,173,22.7,22.5,0.0075,,
1.4160,174,23.0,22.5,0.0075,,
1.4245,175,23.3,22.5,0.0075,,
1.4320,176,23.7,22.5,0.0075,,
1.4405,177,24.0,22.5,0.0085,,
1.4490,178,24.4,22.5,0.0075,,
1.4570,179,24.7,22.5,0.0075,,
1.4655,180,25.1,22.5,0.0075,,
1.4740,181,25.4,22.5,0.0085,,
1.4815,182,25.8,22.5,0.0075,,
1.4900,183,26.2,22.5,0.0085,,
1.4985,184,26.5,22.5,0.0075,,
1.5070,185,26.9,22.5,0.0075,,
1.5155,186,27.3,22.5,0.0075,,
1.5235,187,27.7,22.5,0.0080,,
1.5315,188,28.1,22.5,0.0080,,
1.5400,189,28.5,22.5,0.0085,,
1.5480,190,28.9,22.5,0.0075,,
1.5565,191,29.3,22.5,0.0075,,
1.5650,192,29.7,22.5,0.0075,,
1.5735,193,30.0,22.5,0.0085,,
1.5810,194,30.4,22.5,0.0075,,
1.5895,195,30.8,22.5,0.0085,,
1.5980,196,31.3,22.5,0.0075,,
1.6065,197,31.7,22.5,0.0075,,
1.6150,198,32.2,22.5,0.0075,,
1.6225,199,32.6,22.5,0.0075,,
1.6310,200,33.0,22.5,0.0085,,
1.6390,201,33.4,22.5,0.0080,,
1.6475,202,33.8,22.5,0.0075,,
1.6560,203,34.2,22.5,0.0075,,
1.6645,204,34.6,22.5,0.0075,,
1.6730,205,35.1,22.5,0.0085,,
1.6805,206,35.5,22.5,0.0075,,
1.6890,207,36.0,22.5,0.0085,,
1.6975,208,36.5,22.5,0.0075,,
1.7060,209,36.9,22.5,0.0075,,
1.7145,210,37.4,22.5,0.0075,,
1.7225,211,37.8,22.5,0.0080,,
1.7305,212,38.3,22.5,0.0080,,
1.7385,213,38.8,22.5,0.0080,,
1.7470,214,39.3,22.5,0.0075,,
1.7555,215,39.8,22.5,0.0075,,
1.7640,216,40.3,22.5,0.0075,,
1.7725,217,40.7,22.5,0.0075,,
1.7800,218,41.2,22.5,0.0075,,
1.7885,219,41.7,22.5,0.0085,,
1.7970,220,42.2,22.5,0.0075,,
1.8050,221,42.7,22.5,0.0075,,
1.8135,222,43.3,22.5,0.0075,,
1.8220,223,43.8,22.5,0.0075,,
1.8295,224,44.3,22.5,0.0075,,
1.8380,225,44.9,22.5,0.0085,,
1.8465,226,45.5,22.5,0.0075,,
1.8550,227,46.0,22.5,0.0075,,
1.8635,228,46.7,22.5,0.0075,,
1.8720,229,47.2,22.5,0.0075,,
1.8795,230,47.9,22.5,0.0075,,
1.8880,231,48.4,22.5,0.0085,,
1.8960,232,49.1,22.5,0.0075,,
1.9045,233,49.7,22.5,0.0075,,
1.9130,234,50.3,22.5,0.0075,,
1.9215,235,51.0,22.5,0.0075,,
1.9290,236,51.7,22.5,0.0075,,
1.9375,237,52.4,22.5,0.0085,,
1.9460,238,53.1,22.5,0.0085,,
1.9545,239,53.8,22.5,0.0075,,
1.9630,240,54.6,22.5,0.0075,,
1.9710,241,55.3,22.5,0.0075,,
1.9790,242,56.0,22.5,0.0080,,
1.9870,243,56.6,22.5,0.0080,,
1.9955,244,57.5,22.5,0.0085,,
2.0040,245,58.3,22.5,0.0075,,
2.0125,246,59.1,22.5,0.0075,,
2.0210,247,60.1,22.5,0.0075,,
2.0295,248,60.9,22.5,0.0085,,
2.0370,249,61.9,22.5,0.0075,,
2.0455,250,62.9,22.5,0.0085,,
2.0540,251,63.8,22.5,0.0075,,
2.0620,252,64.7,22.5,0.0075,,
2.0705,253,65.8,22.5,0.0075,,
2.0780,254,66.9,22.5,0.0075,,
2.0865,255,68.1,22.5,0.0085,,
2.0950,256,69.3,22.5,0.0085,,
2.1035,257,70.5,22.5,0.0075,,
2.1120,258,71.9,22.5,0.0075,,
2.1205,259,73.2,22.5,0.0075,,
2.1280,260,74.6,22.5,0.0075,,
2.1365,261,76.2,22.5,0.0085,,
2.1450,262,77.8,22.5,0.0075,,
2.1535,263,79.6,22.5,0.0075,,
2.1615,264,81.6,22.5,0.0075,,
2.1700,265,83.7,22.5,0.0075,,
2.1775,266,85.8,22.5,0.0075,,
2.1860,267,88.3,22.5,0.0085,,
2.1945,268,91.1,22.6,0.0075,,
2.2030,269,94.1,22.5,0.0075,,
2.2115,270,97.5,22.5,0.0075,,
2.2200,271,101.3,22.5,0.0075,,
2.2275,272,105.2,22.5,0.0075,,
2.2360,273,109.7,22.5,0.0085,,
2.2445,274,114.9,22.5,0.0075,,
2.2525,275,120.6,22.6,0.0075,,
2.2610,276,126.6,22.6,0.0075,,
2.2695,277,132.4,22.6,0.0075,,
2.2770,278,137.9,22.6,0.0075,,
2.2855,279,144.1,22.6,0.0085,,
2.2940,280,150.2,22.6,0.0075,,
2.3025,281,155.7,22.6,0.0075,,
2.3110,282,161.2,22.6,0.0075,,
2.3195,283,166.1,22.6,0.0075,,
2.3270,284,169.9,22.6,0.0075,,
2.3355,285,173.5,22.6,0.0085,,
2.3440,286,176.7,22.6,0.0075,,
2.3520,287,179.5,22.6,0.0075,,
2.3605,288,182.1,22.6,0.0075,,
2.3690,289,183.9,22.6,0.0075,,
2.3760,290,185.1,22.6,0.0070,,
2.3760,530,190.7,22.6,0.0000,,
2.3765,531,190.7,22.6,0.0005,,
2.3780,532,190.7,22.6,0.0015,,
2.3805,533,190.7,22.6,0.0025,,
2.3845,534,190.8,22.6,0.0035,,
2.3905,535,191.0,22.6,0.0050,,
2.3990,536,191.6,22.6,0.0070,,
2.4065,537,192.3,22.6,0.0070,,
2.4150,538,193.3,22.6,0.0075,,
2.4235,539,194.4,22.6,0.0070,,
2.4320,540,195.3,22.6,0.0070,,
2.4400,541,196.3,22.6,0.0065,,
2.4485,542,197.2,22.6,0.0070,,
2.4560,543,198.2,22.6,0.0070,,
2.4645,544,198.9,22.6,0.0075,,
2.4730,545,199.9,22.6,0.0075,,
2.4815,546,200.7,22.6,0.0070,,
2.4900,547,201.5,22.6,0.0070,,
2.4985,548,202.3,22.6,0.0070,,
2.5060,549,203.1,22.6,0.0070,,
2.5145,550,203.8,22.6,0.0075,,
2.5230,551,204.6,22.6,0.0075,,
2.5310,552,205.3,22.6,0.0065,,
2.5395,553,205.9,22.6,0.0070,,
2.5480,554,206.6,22.6,0.0070,,
2.5565,555,207.1,22.6,0.0075,,
2.5640,556,207.8,22.6,0.0070,,
2.5725,557,208.5,22.6,0.0075,,
2.5810,558,209.0,22.6,0.0070,,
2.5895,559,209.7,22.6,0.0070,,
2.5980,560,210.2,22.6,0.0070,,
2.6055,561,210.7,22.6,0.0070,,
2.6140,562,211.3,22.6,0.0075,,
2.6225,563,211.7,22.6,0.0075,,
2.6305,564,212.2,22.6,0.0065,,
2.6390,565,212.8,22.6,0.0070,,
2.6475,566,213.3,22.6,0.0070,,
2.6550,567,213.7,22.6,0.0070,,
2.6635,568,214.1,22.6,0.0075,,
2.6720,569,214.8,22.6,0.0075,,
2.6805,570,215.1,22.6,0.0070,,
2.6890,571,215.6,22.6,0.0070,,
2.6975,572,216.0,22.6,0.0070,,
2.7050,573,216.5,22.6,0.0070,,
2.7135,574,217.0,22.6,0.0075,,
2.7215,575,217.3,22.6,0.0075,,
2.7300,576,217.7,22.6,0.0070,,
2.7385,577,218.2,22.6,0.0070,,
2.7470,578,218.6,22.6,0.0070,,
2.7555,579,219.1,22.6,0.0075,,
2.7630,580,219.4,22.6,0.0070,,
2.7715,581,219.8,22.6,0.0075,,
2.7800,582,220.2,22.6,0.0070,,
2.7880,583,220.5,22.6,0.0065,,
2.7965,584,220.9,22.6,0.0070,,
2.8050,585,221.2,22.6,0.0075,,
2.8125,586,221.6,22.6,0.0070,,
2.8210,587,222.0,22.6,0.0075,,
2.8295,588,222.3,22.6,0.0070,,
2.8380,589,222.6,22.6,0.0070,,
2.8465,590,223.0,22.6,0.0070,,
2.8550,591,223.3,22.6,0.0075,,
2.8625,592,223.7,22.6,0.0070,,
2.8710,593,224.0,22.6,0.0075,,
2.8790,594,224.4,22.6,0.0075,,
2.8875,595,224.7,22.6,0.0070,,
2.8960,596,225.0,22.6,0.0070,,
2.9045,597,225.4,22.6,0.0070,,
2.9120,598,225.6,22.6,0.0070,,
2.9205,599,225.9,22.6,0.0075,,
2.9290,600,226.1,22.6,0.0070,,
2.9375,601,226.4,22.6,0.0070,,
2.9460,602,226.8,22.6,0.0070,,
2.9540,603,227.0,22.6,0.0065,,
2.9620,604,227.3,22.6,0.0075,,
2.9700,605,227.6,22.6,0.0075,,
2.9785,606,227.9,22.6,0.0075,,
2.9870,607,228.1,22.6,0.0070,,
2.9955,608,228.4,22.6,0.0070,,
3.0040,609,228.7,22.6,0.0070,,
3.0115,610,229.0,22.6,0.0070,,
3.0200,611,229.2,22.6,0.0075,,
3.0285,612,229.5,22.6,0.0075,,
3.0370,613,229.7,22.6,0.0070,,
3.0450,614,230.0,22.6,0.0065,,
3.0535,615,230.2,22.6,0.0070,,
3.0610,616,230.4,22.6,0.0070,,
3.0695,617,230.8,22.6,0.0075,,
3.0780,618,231.0,22.6,0.0070,,
3.0865,619,231.3,22.6,0.0070,,
3.0950,620,231.5,22.6,0.0070,,
3.1035,621,231.8,22.6,0.0070,,
3.1110,622,232.0,22.6,0.0070,,
3.1195,623,232.3,22.6,0.0075,,
3.1280,624,232.6,22.6,0.0070,,
3.1365,625,232.8,22.6,0.0070,,
3.1445,626,233.0,22.6,0.0065,,
3.1530,627,233.2,22.6,0.0075,,
3.1605,628,233.4,22.6,0.0070,,
3.1690,629,233.6,22.6,0.0075,,
3.1775,630,233.8,22.6,0.0070,,
3.1860,631,234.0,22.6,0.0070,,
3.1935,632,234.2,22.6,0.0060,,
3.1965,633,234.4,22.6,0.0025,,
3.1970,634,234.5,22.6,0.0005,,
3.1975,635,234.6,22.6,0.0005,,
3.1990,636,234.6,22.6,0.0015,,
3.2005,637,234.6,22.6,0.0010,,
3.2030,638,234.6,22.6,0.0020,,
3.2060,639,234.7,22.6,0.0025,,
3.2100,640,234.8,22.6,0.0035,,
3.2145,641,234.9,22.6,0.0040,,
3.2185,642,235.0,22.6,0.0045,,
Scope 1/1, Sample 4/9 (VSpringF)
Result,TitrationEP1
V,t,E,T,dV/dt,E acc. stat.,Volume acc. stat.
0.0000,0,5.5,22.6,NaN,,
0.0005,1,3.6,22.6,0.0005,,
0.0025,2,3.7,22.6,0.0020,,
0.0050,3,2.8,22.6,0.0025,,
0.0090,4,2.1,22.6,0.0035,,
0.0150,5,1.6,22.6,0.0055,,
0.0235,6,1.1,22.6,0.0075,,
0.0310,7,0.8,22.6,0.0075,,
0.0395,8,0.5,22.6,0.0085,,
0.0480,9,0.2,22.6,0.0075,,
0.0565,10,0.0,22.6,0.0075,,
0.0650,11,0.2,22.6,0.0075,,
0.0735,12,0.2,22.6,0.0075,,
0.0810,13,0.0,22.6,0.0075,,
0.0895,14,-0.1,22.6,0.0085,,
0.0980,15,-0.3,22.6,0.0085,,
0.1060,16,-0.4,22.6,0.0075,,
0.1145,17,-0.5,22.6,0.0075,,
0.1230,18,-0.6,22.6,0.0075,,
0.1305,19,-0.7,22.6,0.0075,,
0.1390,20,-0.8,22.6,0.0085,,
0.1475,21,-0.8,22.6,0.0085,,
0.1560,22,-0.9,22.6,0.0075,,
0.1645,23,-1.0,22.6,0.0075,,
0.1730,24,-1.0,22.6,0.0075,,
0.1805,25,-1.0,22.6,0.0075,,
0.1890,26,-1.0,22.6,0.0085,,
0.1970,27,-1.0,22.6,0.0080,,
0.2055,28,-1.0,22.6,0.0075,,
0.2140,29,-1.0,22.6,0.0075,,
0.2225,30,-1.0,22.6,0.0075,,
0.2300,31,-0.9,22.6,0.0075,,
0.2385,32,-1.0,22.6,0.0085,,
0.2470,33,-0.9,22.6,0.0085,,
0.2555,34,-0.9,22.6,0.0075,,
0.2640,35,-0.8,22.6,0.0075,,
0.2725,36,-0.8,22.6,0.0075,,
0.2800,37,-0.8,22.6,0.0075,,
0.2885,38,-0.7,22.6,0.0085,,
0.2965,39,-0.7,22.6,0.0080,,
0.3050,40,-0.6,22.6,0.0075,,
0.3135,41,-0.6,22.6,0.0075,,
0.3220,42,-0.5,22.6,0.0075,,
0.3295,43,-0.4,22.6,0.0075,,
0.3380,44,-0.3,22.6,0.0085,,
0.3465,45,-0.2,22.6,0.0085,,
0.3550,46,-0.2,22.6,0.0075,,
0.3630,47,-0.2,22.6,0.0075,,
0.3715,48,-0.1,22.6,0.0075,,
0.3800,49,0.0,22.6,0.0085,,
0.3875,50,0.1,22.6,0.0075,,
0.3960,51,0.0,22.6,0.0085,,
0.4045,52,0.1,22.6,0.0075,,
0.4130,53,0.1,22.6,0.0075,,
0.4215,54,0.1,22.6,0.0075,,
0.4300,55,0.1,22.6,0.0085,,
0.4375,56,0.0,22.6,0.0075,,
0.4460,57,0.1,22.6,0.0085,,
0.4540,58,0.2,22.6,0.0075,,
0.4625,59,0.3,22.6,0.0075,,
0.4710,60,0.4,22.6,0.0075,,
0.4795,61,0.5,22.6,0.0085,,
0.4870,62,0.6,22.6,0.0075,,
0.4955,63,0.7,22.6,0.0085,,
0.5040,64,0.9,22.6,0.0075,,
0.5125,65,1.0,22.6,0.0075,,
0.5210,66,1.1,22.6,0.0075,,
0.5290,67,1.3,22.6,0.0075,,
0.5370,68,1.4,22.6,0.0080,,
0.5450,69,1.5,22.6,0.0080,,
0.5535,70,1.6,22.6,0.0075,,
0.5620,71,1.8,22.6,0.0075,,
0.5705,72,2.1,22.6,0.0075,,
0.5790,73,2.3,22.6,0.0075,,
0.5865,74,2.5,22.6,0.0075,,
0.5950,75,2.8,22.6,0.0085,,
0.6035,76,3.0,22.6,0.0075,,
0.6120,77,3.3,22.6,0.0075,,
0.6200,78,3.4,22.6,0.0075,,
0.6285,79,3.7,22.6,0.0085,,
0.6360,80,3.7,22.6,0.0075,,
0.6445,81,3.5,22.6,0.0085,,
0.6530,82,3.7,22.6,0.0085,,
0.6615,83,3.9,22.6,0.0075,,
0.6700,84,4.2,22.6,0.0075,,
0.6785,85,4.3,22.6,0.0075,,
0.6860,86,4.5,22.6,0.0075,,
0.6945,87,4.7,22.6,0.0085,,
0.7030,88,4.8,22.6,0.0085,,
0.7110,89,5.0,22.6,0.0075,,
0.7195,90,5.1,22.6,0.0075,,
0.7280,91,5.3,22.6,0.0075,,
0.7355,92,5.4,22.6,0.0075,,
0.7440,93,5.6,22.6,0.0085,,
0.7525,94,5.7,22.6,0.0085,,
0.7610,95,5.9,22.6,0.0075,,
0.7695,96,6.1,22.6,0.0075,,
0.7780,97,6.2,22.6,0.0075,,
0.7855,98,6.3,22.6,0.0075,,
0.7940,99,6.5,22.6,0.0085,,
0.8020,100,6.6,22.6,0.0080,,
0.8105,101,6.8,22.6,0.0075,,
0.8190,102,7.0,22.6,0.0075,,
0.8275,103,7.2,22.6,0.0075,,
0.8360,104,7.3,22.6,0.0085,,
0.8435,105,7.6,22.6,0.0075,,
0.8520,106,7.8,22.6,0.0085,,
0.8605,107,8.0,22.6,0.0075,,
0.8685,108,8.3,22.6,0.0075,,
0.8770,109,8.6,22.6,0.0075,,
0.8855,110,8.8,22.6,0.0085,,
0.8930,111,9.0,22.6,0.0075,,
0.9015,112,9.2,22.6,0.0085,,
0.9100,113,9.5,22.6,0.0075,,
0.9185,114,9.7,22.6,0.0075,,
0.9270,115,10.0,22.6,0.0075,,
0.9355,116,10.3,22.6,0.0085,,
0.9430,117,10.5,22.6,0.0075,,
0.9515,118,10.7,22.6,0.0085,,
0.9600,119,10.9,22.6,0.0075,,
0.9680,120,11.2,22.6,0.0075,,
0.9765,121,11.6,22.6,0.0075,,
0.9845,122,11.8,22.6,0.0080,,
0.9925,123,12.0,22.6,0.0080,,
1.0010,124,12.3,22.6,0.0085,,
1.0095,125,12.5,22.6,0.0075,,
1.0180,126,12.8,22.6,0.0075,,
1.0265,127,13.1,22.6,0.0075,,
1.0350,128,13.3,22.6,0.0085,,
1.0425,129,13.5,22.6,0.0075,,
1.0510,130,13.8,22.6,0.0085,,
1.0595,131,14.1,22.6,0.0075,,
1.0675,132,14.4,22.6,0.0075,,
1.0760,133,14.6,22.6,0.0075,,
1.0835,134,14.9,22.6,0.0075,,
1.0920,135,15.1,22.6,0.0085,,
1.1005,136,15.4,22.6,0.0085,,
1.1090,137,15.6,22.6,0.0075,,
1.1175,138,16.0,22.7,0.0075,,
1.1260,139,16.3,22.6,0.0075,,
1.1335,140,16.4,22.6,0.0075,,
1.1420,141,16.8,22.6,0.0085,,
1.1505,142,17.1,22.6,0.0085,,
1.1585,143,17.3,22.6,0.0075,,
1.1670,144,17.6,22.7,0.0075,,
1.1755,145,17.9,22.6,0.0075,,
1.1830,146,18.1,22.6,0.0075,,
1.1915,147,18.4,22.7,0.0085,,
1.2000,148,18.7,22.7,0.0085,,
1.2085,149,19.0,22.6,0.0075,,
1.2170,150,19.1,22.7,0.0075,,
1.2250,151,19.4,22.7,0.0075,,
1.2335,152,19.7,22.7,0.0075,,
1.2410,153,20.0,22.7,0.0075,,
1.2495,154,20.3,22.7,0.0085,,
1.2580,155,20.6,22.7,0.0075,,
1.2665,156,20.9,22.7,0.0075,,
1.2750,157,21.2,22.7,0.0075,,
1.2835,158,21.5,22.7,0.0075,,
1.2910,159,21.8,22.7,0.0075,,
1.2995,160,22.1,22.7,0.0085,,
1.3080,161,22.4,22.7,0.0085,,
1.3160,162,22.7,22.7,0.0075,,
1.3245,163,23.0,22.7,0.0075,,
1.3330,164,23.3,22.7,0.0075,,
1.3405,165,23.6,22.7,0.0075,,
1.3490,166,23.9,22.7,0.0085,,
1.3575,167,24.2,22.7,0.0085,,
1.3660,168,24.6,22.7,0.0075,,
1.3745,169,24.9,22.7,0.0075,,
1.3830,170,25.3,22.7,0.0075,,
1.3905,171,25.6,22.7,0.0075,,
1.3990,172,26.0,22.7,0.0085,,
1.4070,173,26.3,22.7,0.0080,,
1.4155,174,26.6,22.7,0.0075,,
1.4240,175,26.9,22.7,0.0075,,
1.4325,176,27.3,22.7,0.0075,,
1.4400,177,27.6,22.7,0.0075,,
1.4485,178,27.9,22.7,0.0085,,
1.4570,179,28.3,22.7,0.0085,,
1.4655,180,28.6,22.7,0.0075,,
1.4740,181,28.9,22.7,0.0075,,
1.4825,182,29.2,22.7,0.0085,,
1.4900,183,29.5,22.7,0.0075,,
1.4985,184,29.9,22.7,0.0085,,
1.5065,185,30.3,22.7,0.0075,,
1.5150,186,30.7,22.7,0.0075,,
1.5235,187,31.1,22.7,0.0075,,
1.5320,188,31.5,22.7,0.0075,,
1.5395,189,31.9,22.7,0.0075,,
1.5480,190,32.2,22.7,0.0085,,
1.5565,191,32.5,22.7,0.0075,,
1.5650,192,32.9,22.7,0.0075,,
1.5735,193,33.3,22.7,0.0075,,
1.5815,194,33.7,22.7,0.0075,,
1.5895,195,34.1,22.7,0.0080,,
1.5975,196,34.4,22.7,0.0080,,
1.6060,197,34.9,22.7,0.0075,,
1.6145,198,35.4,22.7,0.0075,,
1.6230,199,35.8,22.7,0.0075,,
1.6315,200,36.2,22.7,0.0085,,
1.6390,201,36.6,22.7,0.0075,,
1.6475,202,37.0,22.7,0.0085,,
1.6560,203,37.4,22.7,0.0075,,
1.6645,204,37.9,22.7,0.0075,,
1.6725,205,38.3,22.7,0.0075,,
1.6810,206,38.7,22.7,0.0075,,
1.6885,207,39.1,22.7,0.0075,,
1.6970,208,39.5,22.7,0.0085,,
1.7055,209,40.0,22.7,0.0075,,
1.7140,210,40.5,22.7,0.0075,,
1.7225,211,40.9,22.7,0.0075,,
1.7310,212,41.5,22.7,0.0075,,
1.7385,213,41.9,22.7,0.0075,,
1.7470,214,42.3,22.7,0.0085,,
1.7555,215,42.8,22.7,0.0075,,
1.7635,216,43.3,22.7,0.0075,,
1.7720,217,43.8,22.7,0.0075,,
1.7805,218,44.3,22.7,0.0075,,
1.7880,219,44.8,22.7,0.0075,,
1.7965,220,45.3,22.7,0.0085,,
1.8050,221,45.8,22.7,0.0085,,
1.8135,222,46.3,22.7,0.0075,,
1.8220,223,46.9,22.7,0.0075,,
1.8305,224,47.4,22.7,0.0075,,
1.8380,225,47.9,22.7,0.0075,,
1.8465,226,48.4,22.7,0.0085,,
1.8550,227,49.0,22.7,0.0085,,
1.8630,228,49.6,22.7,0.0075,,
1.8715,229,50.2,22.7,0.0075,,
1.8800,230,50.7,22.7,0.0075,,
1.8875,231,51.3,22.7,0.0075,,
1.8960,232,51.9,22.7,0.0085,,
1.9045,233,52.5,22.7,0.0085,,
1.9130,234,53.1,22.7,0.0075,,
1.9215,235,53.8,22.7,0.0075,,
1.9295,236,54.4,22.7,0.0075,,
1.9375,237,55.2,22.7,0.0080,,
1.9455,238,55.9,22.7,0.0080,,
1.9540,239,56.5,22.7,0.0085,,
1.9625,240,57.2,22.7,0.0075,,
1.9710,241,57.9,22.7,0.0075,,
1.9795,242,58.6,22.7,0.0075,,
1.9870,243,59.4,22.7,0.0075,,
1.9955,244,60.2,22.7,0.0085,,
2.0040,245,61.0,22.7,0.0085,,
2.0125,246,61.8,22.7,0.0075,,
2.0210,247,62.7,22.7,0.0075,,
2.0290,248,63.5,22.7,0.0075,,
2.0370,249,64.4,22.7,0.0075,,
2.0450,250,65.3,22.7,0.0080,,
2.0535,251,66.3,22.7,0.0085,,
2.0620,252,67.3,22.7,0.0075,,
2.0705,253,68.4,22.7,0.0075,,
2.0790,254,69.4,22.7,0.0075,,
2.0865,255,70.5,22.7,0.0075,,
2.0950,256,71.7,22.7,0.0085,,
2.1035,257,73.0,22.7,0.0085,,
2.1115,258,74.3,22.7,0.0075,,
2.1200,259,75.7,22.7,0.0075,,
2.1285,260,77.1,22.7,0.0075,,
2.1370,261,78.5,22.7,0.0085,,
2.1445,262,80.1,22.7,0.0075,,
2.1530,263,81.9,22.7,0.0085,,
2.1615,264,83.8,22.7,0.0075,,
2.1700,265,86.0,22.7,0.0075,,
2.1785,266,88.2,22.7,0.0075,,
2.1870,267,90.4,22.7,0.0085,,
2.1945,268,93.0,22.7,0.0075,,
2.2030,269,96.0,22.7,0.0085,,
2.2110,270,99.2,22.7,0.0075,,
2.2195,271,102.6,22.7,0.0075,,
2.2280,272,106.5,22.7,0.0075,,
2.2365,273,110.5,22.7,0.0085,,
2.2440,274,115.3,22.7,0.0075,,
2.2525,275,120.4,22.7,0.0085,,
2.2610,276,126.1,22.7,0.0075,,
2.2695,277,132.2,22.7,0.0075,,
2.2780,278,138.5,22.7,0.0075,,
2.2860,279,144.1,22.7,0.0080,,
2.2940,280,149.9,22.7,0.0080,,
2.3020,281,155.4,22.7,0.0080,,
2.3105,282,160.5,22.7,0.0075,,
2.3190,283,165.3,22.7,0.0075,,
2.3275,284,169.7,22.7,0.0075,,
2.3360,285,173.2,22.7,0.0085,,
2.3435,286,176.4,22.7,0.0075,,
2.3520,287,179.5,22.7,0.0085,,
2.3605,288,182.0,22.7,0.0075,,
2.3690,289,184.1,22.7,0.0075,,
2.3760,290,185.0,22.7,0.0070,,
2.3760,530,190.8,22.8,0.0000,,
2.3765,531,190.9,22.8,0.0005,,
2.3780,532,190.8,22.8,0.0015,,
2.3805,533,190.8,22.8,0.0020,,
2.3845,534,190.9,22.8,0.0035,,
2.3905,535,191.1,22.8,0.0050,,
2.3990,536,191.6,22.8,0.0070,,
2.4065,537,192.4,22.8,0.0070,,
2.4150,538,193.3,22.8,0.0075,,
2.4235,539,194.4,22.8,0.0075,,
2.4320,540,195.4,22.8,0.0070,,
2.4405,541,196.4,22.8,0.0070,,
2.4485,542,197.4,22.8,0.0065,,
2.4565,543,198.2,22.8,0.0075,,
2.4645,544,199.2,22.8,0.0075,,
2.4730,545,200.0,22.8,0.0075,,
2.4815,546,200.7,22.8,0.0070,,
2.4900,547,201.6,22.8,0.0070,,
2.4985,548,202.4,22.8,0.0070,,
2.5060,549,203.2,22.8,0.0070,,
2.5145,550,203.8,22.8,0.0075,,
2.5230,551,204.6,22.8,0.0075,,
2.5315,552,205.4,22.8,0.0070,,
2.5395,553,206.1,22.8,0.0065,,
2.5480,554,206.8,22.8,0.0070,,
2.5555,555,207.4,22.8,0.0070,,
2.5640,556,208.0,22.8,0.0075,,
2.5725,557,208.6,22.8,0.0075,,
2.5810,558,209.1,22.8,0.0070,,
2.5895,559,209.8,22.8,0.0070,,
2.5980,560,210.4,22.8,0.0070,,
2.6055,561,210.9,22.8,0.0070,,
2.6140,562,211.4,22.8,0.0075,,
2.6225,563,212.0,22.8,0.0075,,
2.6305,564,212.5,22.8,0.0065,,
2.6390,565,213.1,22.8,0.0070,,
2.6475,566,213.6,22.8,0.0070,,
2.6550,567,214.1,22.8,0.0070,,
2.6635,568,214.5,22.8,0.0075,,
2.6720,569,215.0,22.8,0.0075,,
2.6805,570,215.5,22.8,0.0070,,
2.6890,571,216.0,22.8,0.0070,,
2.6975,572,216.4,22.8,0.0070,,
2.7050,573,216.8,22.8,0.0070,,
2.7135,574,217.2,22.8,0.0075,,
2.7215,575,217.7,22.8,0.0075,,
2.7300,576,218.1,22.8,0.0070,,
2.7385,577,218.6,22.8,0.0070,,
2.7470,578,219.0,22.8,0.0070,,
2.7545,579,219.3,22.8,0.0070,,
2.7630,580,219.7,22.8,0.0075,,
2.7715,581,220.1,22.8,0.0075,,
2.7800,582,220.5,22.8,0.0070,,
2.7880,583,220.8,22.8,0.0065,,
2.7965,584,221.2,22.8,0.0070,,
2.8050,585,221.5,22.8,0.0075,,
2.8125,586,222.0,22.8,0.0070,,
2.8210,587,222.4,22.8,0.0075,,
2.8295,588,222.7,22.8,0.0070,,
2.8380,589,223.0,22.8,0.0070,,
2.8465,590,223.4,22.8,0.0070,,
2.8550,591,223.7,22.8,0.0075,,
2.8625,592,224.1,22.8,0.0070,,
2.8710,593,224.4,22.8,0.0075,,
2.8795,594,224.7,22.8,0.0070,,
2.8875,595,225.1,22.8,0.0065,,
2.8960,596,225.4,22.8,0.0070,,
2.9045,597,225.7,22.8,0.0075,,
2.9120,598,226.0,22.8,0.0070,,
2.9205,599,226.3,22.8,0.0075,,
2.9290,600,226.6,22.8,0.0070,,
2.9375,601,226.9,22.8,0.0070,,
2.9460,602,227.2,22.8,0.0070,,
2.9545,603,227.5,22.8,0.0075,,
2.9620,604,227.7,22.8,0.0070,,
2.9705,605,228.0,22.8,0.0075,,
2.9785,606,228.2,22.8,0.0065,,
2.9870,607,228.5,22.8,0.0070,,
2.9955,608,228.8,22.8,0.0070,,
3.0030,609,229.0,22.8,0.0070,,
3.0115,610,229.3,22.8,0.0075,,
3.0200,611,229.6,22.8,0.0075,,
3.0285,612,229.9,22.8,0.0070,,
3.0370,613,230.1,22.8,0.0070,,
3.0455,614,230.4,22.8,0.0070,,
3.0530,615,230.6,22.8,0.0070,,
3.0615,616,230.9,22.8,0.0075,,
3.0695,617,231.1,22.8,0.0075,,
3.0780,618,231.3,22.8,0.0070,,
3.0865,619,231.6,22.8,0.0070,,
3.0950,620,231.9,22.8,0.0070,,
3.1025,621,232.1,22.8,0.0070,,
3.1110,622,232.3,22.8,0.0075,,
3.1195,623,232.5,22.8,0.0075,,
3.1280,624,232.8,22.8,0.0070,,
3.1365,625,233.0,22.8,0.0070,,
3.1445,626,233.2,22.8,0.0065,,
3.1530,627,233.5,22.8,0.0075,,
3.1605,628,233.8,22.8,0.0070,,
3.1690,629,233.9,22.8,0.0075,,
3.1770,630,234.2,22.8,0.0065,,
3.1830,631,234.4,22.8,0.0050,,
3.1840,632,234.5,22.8,0.0010,,
3.1845,633,234.7,22.8,0.0005,,
3.1850,634,234.7,22.8,0.0005,,
3.1860,635,234.7,22.8,0.0010,,
3.1880,636,234.7,22.8,0.0015,,
3.1905,637,234.8,22.8,0.0020,,
3.1945,638,234.9,22.8,0.0035,,
3.2000,639,234.9,22.8,0.0050,,
3.2080,640,235.0,22.8,0.0055,,
Scope 1/1, Sample 5/9 (CSpringRoadK)
Result,TitrationEP1
V,t,E,T,dV/dt,E acc. stat.,Volume acc. stat.
0.0000,0,24.1,22.7,NaN,,
0.0010,1,22.5,22.7,0.0010,,
0.0025,2,22.1,22.7,0.0015,,
0.0050,3,21.6,22.7,0.0025,,
0.0085,4,21.2,22.7,0.0030,,
0.0150,5,20.9,22.7,0.0060,,
0.0230,6,20.7,22.7,0.0075,,
0.0315,7,20.5,22.7,0.0075,,
0.0390,8,20.3,22.7,0.0075,,
0.0475,9,20.2,22.7,0.0075,,
0.0560,10,20.2,22.7,0.0075,,
0.0645,11,20.0,22.7,0.0075,,
0.0730,12,20.0,22.7,0.0075,,
0.0815,13,20.0,22.7,0.0075,,
0.0890,14,19.9,22.7,0.0075,,
0.0975,15,19.9,22.7,0.0075,,
0.1055,16,19.7,22.7,0.0075,,
0.1140,17,19.7,22.7,0.0075,,
0.1225,18,19.7,22.7,0.0075,,
0.1310,19,19.6,22.7,0.0075,,
0.1385,20,19.6,22.7,0.0075,,
0.1470,21,19.6,22.7,0.0075,,
0.1555,22,19.6,22.7,0.0075,,
0.1640,23,19.6,22.7,0.0075,,
0.1725,24,19.6,22.7,0.0075,,
0.1810,25,19.5,22.7,0.0075,,
0.1885,26,19.7,22.7,0.0075,,
0.1970,27,19.7,22.7,0.0075,,
0.2050,28,19.7,22.7,0.0075,,
0.2135,29,19.7,22.7,0.0075,,
0.2220,30,19.7,22.7,0.0075,,
0.2305,31,19.8,22.7,0.0085,,
0.2380,32,19.9,22.7,0.0075,,
0.2465,33,20.0,22.7,0.0075,,
0.2550,34,20.0,22.7,0.0075,,
0.2635,35,20.1,22.7,0.0075,,
0.2715,36,20.2,22.7,0.0075,,
0.2800,37,20.3,22.7,0.0075,,
0.2880,38,20.4,22.7,0.0080,,
0.2960,39,20.4,22.7,0.0075,,
0.3045,40,20.5,22.7,0.0075,,
0.3130,41,20.6,22.7,0.0075,,
0.3215,42,20.7,22.7,0.0075,,
0.3300,43,20.8,22.7,0.0075,,
0.3375,44,20.9,22.7,0.0075,,
0.3460,45,21.0,22.7,0.0075,,
0.3545,46,21.2,22.7,0.0075,,
0.3630,47,21.3,22.7,0.0075,,
0.3710,48,21.4,22.7,0.0075,,
0.3795,49,21.5,22.7,0.0075,,
0.3870,50,21.6,22.7,0.0075,,
0.3955,51,21.8,22.7,0.0085,,
0.4040,52,21.9,22.7,0.0075,,
0.4125,53,22.2,22.7,0.0075,,
0.4210,54,22.3,22.7,0.0075,,
0.4295,55,22.5,22.7,0.0075,,
0.4370,56,22.7,22.7,0.0075,,
0.4455,57,22.8,22.7,0.0085,,
0.4540,58,23.0,22.7,0.0075,,
0.4620,59,23.2,22.7,0.0075,,
0.4705,60,23.4,22.7,0.0075,,
0.4790,61,23.6,22.7,0.0075,,
0.4865,62,23.9,22.7,0.0075,,
0.4950,63,24.0,22.7,0.0075,,
0.5035,64,24.3,22.7,0.0075,,
0.5120,65,24.6,22.7,0.0075,,
0.5205,66,24.8,22.7,0.0075,,
0.5290,67,25.1,22.7,0.0075,,
0.5365,68,25.5,22.7,0.0075,,
0.5450,69,25.8,22.7,0.0085,,
0.5530,70,26.0,22.7,0.0075,,
0.5615,71,26.4,22.7,0.0075,,
0.5700,72,26.7,22.7,0.0075,,
0.5785,73,27.0,22.7,0.0075,,
0.5860,74,27.4,22.7,0.0075,,
0.5945,75,27.7,22.7,0.0085,,
0.6030,76,28.1,22.7,0.0075,,
0.6115,77,28.5,22.7,0.0075,,
0.6200,78,28.9,22.7,0.0075,,
0.6280,79,29.3,22.7,0.0075,,
0.6360,80,29.7,22.7,0.0080,,
0.6440,81,30.2,22.7,0.0080,,
0.6525,82,30.6,22.7,0.0075,,
0.6610,83,31.2,22.7,0.0075,,
0.6695,84,31.8,22.7,0.0075,,
0.6780,85,32.4,22.7,0.0075,,
0.6855,86,33.0,22.7,0.0075,,
0.6940,87,33.6,22.7,0.0085,,
0.7025,88,34.2,22.7,0.0075,,
0.7110,89,35.1,22.7,0.0075,,
0.7190,90,36.0,22.7,0.0075,,
0.7275,91,37.0,22.7,0.0075,,
0.7355,92,38.0,22.7,0.0080,,
0.7435,93,39.2,22.7,0.0080,,
0.7520,94,40.6,22.7,0.0075,,
0.7605,95,42.4,22.7,0.0075,,
0.7690,96,44.4,22.7,0.0075,,
0.7775,97,46.9,22.7,0.0075,,
0.7850,98,49.6,22.7,0.0075,,
0.7935,99,53.2,22.7,0.0085,,
0.8020,100,57.6,22.7,0.0075,,
0.8105,101,63.0,22.7,0.0075,,
0.8185,102,69.4,22.7,0.0075,,
0.8270,103,76.9,22.7,0.0075,,
0.8355,104,84.3,22.7,0.0085,,
0.8430,105,93.4,22.7,0.0075,,
0.8515,106,103.1,22.7,0.0075,,
0.8600,107,113.6,22.7,0.0075,,
0.8685,108,125.4,22.7,0.0075,,
0.8770,109,136.2,22.7,0.0075,,
0.8850,110,145.8,22.7,0.0080,,
0.8930,111,155.0,22.7,0.0080,,
0.9010,112,163.3,22.7,0.0075,,
0.9095,113,170.2,22.7,0.0075,,
0.9180,114,176.3,22.7,0.0075,,
0.9265,115,180.8,22.7,0.0075,,
0.9350,116,184.1,22.7,0.0085,,
0.9395,117,185.2,22.7,0.0055,,
0.9395,357,192.9,22.8,0.0000,,
0.9400,358,192.9,22.8,0.0005,,
0.9415,359,192.9,22.8,0.0015,,
0.9440,360,192.9,22.8,0.0030,,
0.9480,361,192.9,22.8,0.0040,,
0.9540,362,193.3,22.8,0.0060,,
0.9625,363,193.8,22.8,0.0085,,
0.9700,364,194.6,22.8,0.0085,,
0.9785,365,195.6,22.8,0.0095,,
0.9870,366,196.7,22.8,0.0095,,
0.9955,367,197.8,22.8,0.0085,,
1.0040,368,198.8,22.8,0.0085,,
1.0120,369,199.7,22.8,0.0080,,
1.0195,370,200.7,22.8,0.0085,,
1.0280,371,201.5,22.8,0.0095,,
1.0365,372,202.3,22.8,0.0095,,
1.0450,373,203.1,22.8,0.0085,,
1.0535,374,203.9,22.8,0.0085,,
1.0620,375,204.8,22.8,0.0085,,
1.0695,376,205.6,22.8,0.0085,,
1.0780,377,206.4,22.8,0.0095,,
1.0865,378,207.0,22.8,0.0095,,
1.0950,379,207.7,22.8,0.0085,,
1.1030,380,208.4,22.8,0.0080,,
1.1115,381,209.0,22.8,0.0085,,
1.1190,382,209.5,22.8,0.0085,,
1.1275,383,210.0,22.8,0.0095,,
1.1360,384,210.7,22.8,0.0095,,
1.1445,385,211.4,22.8,0.0085,,
1.1530,386,211.9,22.8,0.0085,,
1.1615,387,212.5,22.8,0.0085,,
1.1690,388,212.9,22.8,0.0085,,
1.1775,389,213.5,22.8,0.0095,,
1.1860,390,214.0,22.8,0.0095,,
1.1940,391,214.5,22.8,0.0080,,
1.2025,392,215.1,22.8,0.0085,,
1.2110,393,215.6,22.8,0.0085,,
1.2185,394,216.0,22.8,0.0085,,
1.2270,395,216.5,22.8,0.0095,,
1.2355,396,217.0,22.8,0.0085,,
1.2440,397,217.4,22.8,0.0085,,
1.2525,398,217.9,22.8,0.0085,,
1.2610,399,218.4,22.8,0.0085,,
1.2685,400,218.8,22.8,0.0085,,
1.2770,401,219.2,22.8,0.0095,,
1.2855,402,219.6,22.8,0.0095,,
1.2935,403,220.0,22.8,0.0080,,
1.3020,404,220.4,22.8,0.0085,,
1.3105,405,220.8,22.8,0.0095,,
1.3180,406,221.2,22.8,0.0085,,
1.3265,407,221.7,22.8,0.0095,,
1.3350,408,222.1,22.8,0.0085,,
1.3435,409,222.4,22.8,0.0085,,
1.3520,410,222.8,22.8,0.0085,,
1.3605,411,223.1,22.8,0.0085,,
1.3680,412,223.5,22.8,0.0085,,
1.3765,413,223.8,22.8,0.0095,,
1.3845,414,224.1,22.8,0.0090,,
1.3930,415,224.5,22.8,0.0085,,
1.4015,416,224.9,22.8,0.0085,,
1.4100,417,225.3,22.8,0.0085,,
1.4175,418,225.5,22.8,0.0085,,
1.4260,419,225.9,22.8,0.0095,,
1.4345,420,226.1,22.8,0.0095,,
1.4430,421,226.5,22.8,0.0085,,
1.4515,422,226.8,22.8,0.0085,,
1.4595,423,227.2,22.8,0.0080,,
1.4675,424,227.3,22.8,0.0090,,
1.4755,425,227.7,22.8,0.0090,,
1.4840,426,228.0,22.8,0.0095,,
1.4925,427,228.3,22.8,0.0085,,
1.5010,428,228.6,22.8,0.0085,,
1.5095,429,228.8,22.8,0.0085,,
1.5170,430,229.2,22.8,0.0085,,
1.5255,431,229.4,22.8,0.0095,,
1.5340,432,229.7,22.8,0.0095,,
1.5425,433,230.0,22.8,0.0085,,
1.5505,434,230.3,22.8,0.0080,,
1.5590,435,230.6,22.8,0.0085,,
1.5665,436,230.8,22.8,0.0085,,
1.5750,437,231.0,22.8,0.0095,,
1.5835,438,231.2,22.8,0.0095,,
1.5920,439,231.6,22.8,0.0085,,
1.6005,440,231.9,22.8,0.0085,,
1.6090,441,232.1,22.8,0.0085,,
1.6165,442,232.3,22.8,0.0085,,
1.6250,443,232.6,22.8,0.0095,,
1.6335,444,232.8,22.8,0.0095,,
1.6420,445,233.0,22.8,0.0085,,
1.6500,446,233.3,22.8,0.0080,,
1.6585,447,233.6,22.8,0.0085,,
1.6660,448,233.8,22.8,0.0085,,
1.6745,449,234.1,22.8,0.0095,,
1.6810,450,234.3,22.8,0.0065,,
1.6850,451,234.5,22.8,0.0040,,
1.6865,452,234.6,22.8,0.0015,,
1.6870,453,234.6,22.8,0.0005,,
1.6880,454,234.6,22.8,0.0010,,
1.6895,455,234.7,22.8,0.0015,,
1.6925,456,234.7,22.8,0.0035,,
1.6955,457,234.8,22.8,0.0030,,
1.7000,458,234.8,22.8,0.0045,,
1.7030,459,235.0,22.8,0.0050,,
Scope 1/1, Sample 6/9 (CSpringRoadF)
Result,TitrationEP1
V,t,E,T,dV/dt,E acc. stat.,Volume acc. stat.
0.0000,0,37.0,22.7,NaN,,
0.0010,1,35.6,22.7,0.0010,,
0.0025,2,35.2,22.7,0.0015,,
0.0050,3,34.9,22.7,0.0020,,
0.0090,4,34.6,22.7,0.0035,,
0.0150,5,34.3,22.7,0.0055,,
0.0235,6,34.1,22.7,0.0075,,
0.0320,7,34.0,22.7,0.0075,,
0.0405,8,33.8,22.7,0.0075,,
0.0490,9,33.6,22.7,0.0075,,
0.0565,10,33.5,22.7,0.0070,,
0.0650,11,33.4,22.7,0.0075,,
0.0735,12,33.3,22.7,0.0075,,
0.0815,13,33.1,22.7,0.0075,,
0.0900,14,33.0,22.7,0.0075,,
0.0985,15,32.9,22.7,0.0075,,
0.1070,16,32.8,22.7,0.0075,,
0.1145,17,32.6,22.7,0.0070,,
0.1230,18,32.5,22.7,0.0075,,
0.1315,19,32.4,22.7,0.0075,,
0.1400,20,32.3,22.7,0.0075,,
0.1485,21,32.2,22.7,0.0075,,
0.1565,22,32.2,22.7,0.0065,,
0.1645,23,32.1,22.7,0.0075,,
0.1725,24,32.0,22.7,0.0075,,
0.1810,25,31.9,22.7,0.0075,,
0.1895,26,31.8,22.7,0.0075,,
0.1980,27,31.8,22.7,0.0075,,
0.2065,28,31.8,22.7,0.0070,,
0.2140,29,31.7,22.7,0.0070,,
0.2225,30,31.7,22.7,0.0075,,
0.2310,31,31.7,22.7,0.0075,,
0.2395,32,31.6,22.7,0.0075,,
0.2475,33,31.6,22.7,0.0075,,
0.2560,34,31.5,22.7,0.0070,,
0.2635,35,31.5,22.7,0.0070,,
0.2720,36,31.4,22.7,0.0075,,
0.2805,37,31.5,22.7,0.0075,,
0.2890,38,31.5,22.7,0.0075,,
0.2975,39,31.6,22.7,0.0075,,
0.3060,40,31.6,22.7,0.0075,,
0.3135,41,31.6,22.7,0.0070,,
0.3220,42,31.7,22.7,0.0075,,
0.3305,43,31.7,22.7,0.0075,,
0.3390,44,31.7,22.7,0.0075,,
0.3470,45,31.8,22.7,0.0075,,
0.3555,46,31.8,22.7,0.0075,,
0.3630,47,31.9,22.7,0.0070,,
0.3715,48,31.9,22.7,0.0075,,
0.3800,49,32.0,22.7,0.0075,,
0.3885,50,32.0,22.7,0.0075,,
0.3970,51,32.2,22.7,0.0075,,
0.4055,52,32.2,22.7,0.0075,,
0.4130,53,32.3,22.7,0.0070,,
0.4215,54,32.3,22.7,0.0075,,
0.4300,55,32.5,22.7,0.0075,,
0.4385,56,32.6,22.7,0.0075,,
0.4465,57,32.7,22.7,0.0075,,
0.4545,58,32.8,22.7,0.0075,,
0.4625,59,32.9,22.7,0.0075,,
0.4710,60,33.1,22.7,0.0075,,
0.4795,61,33.3,22.7,0.0075,,
0.4880,62,33.5,22.7,0.0075,,
0.4965,63,33.6,22.7,0.0075,,
0.5040,64,33.8,22.7,0.0070,,
0.5125,65,33.9,22.7,0.0075,,
0.5210,66,34.1,22.7,0.0075,,
0.5295,67,34.3,22.7,0.0075,,
0.5375,68,34.5,22.7,0.0075,,
0.5460,69,34.7,22.7,0.0075,,
0.5545,70,34.9,22.7,0.0075,,
0.5620,71,35.1,22.7,0.0070,,
0.5705,72,35.4,22.7,0.0075,,
0.5790,73,35.7,22.7,0.0075,,
0.5875,74,36.0,22.7,0.0075,,
0.5960,75,36.3,22.7,0.0075,,
0.6035,76,36.6,22.7,0.0070,,
0.6120,77,36.9,22.7,0.0075,,
0.6205,78,37.2,22.7,0.0075,,
0.6285,79,37.6,22.7,0.0075,,
0.6370,80,38.0,22.7,0.0075,,
0.6455,81,38.3,22.7,0.0075,,
0.6530,82,38.7,22.7,0.0070,,
0.6615,83,39.2,22.7,0.0075,,
0.6700,84,39.6,22.7,0.0075,,
0.6785,85,40.1,22.7,0.0075,,
0.6870,86,40.6,22.7,0.0075,,
0.6955,87,41.2,22.7,0.0075,,
0.7030,88,41.8,22.7,0.0070,,
0.7115,89,42.4,22.7,0.0075,,
0.7200,90,43.1,22.7,0.0075,,
0.7280,91,43.9,22.7,0.0075,,
0.7365,92,44.8,22.7,0.0075,,
0.7450,93,45.7,22.7,0.0075,,
0.7535,94,46.6,22.7,0.0075,,
0.7610,95,47.9,22.7,0.0070,,
0.7695,96,49.3,22.7,0.0075,,
0.7780,97,51.0,22.7,0.0075,,
0.7865,98,53.1,22.7,0.0075,,
0.7950,99,55.5,22.7,0.0075,,
0.8025,100,58.3,22.7,0.0070,,
0.8110,101,62.1,22.7,0.0075,,
0.8190,102,66.8,22.7,0.0075,,
0.8275,103,72.2,22.7,0.0075,,
0.8360,104,79.1,22.7,0.0075,,
0.8445,105,86.4,22.7,0.0075,,
0.8520,106,93.7,22.7,0.0070,,
0.8605,107,102.9,22.7,0.0075,,
0.8690,108,112.7,22.7,0.0075,,
0.8775,109,122.8,22.7,0.0075,,
0.8860,110,133.0,22.7,0.0075,,
0.8940,111,142.4,22.7,0.0075,,
0.9020,112,150.6,22.7,0.0075,,
0.9100,113,159.2,22.7,0.0075,,
0.9185,114,166.5,22.7,0.0075,,
0.9270,115,172.9,22.7,0.0075,,
0.9355,116,177.9,22.7,0.0075,,
0.9440,117,182.3,22.7,0.0075,,
0.9525,118,185.2,22.7,0.0070,,
0.9525,358,193.2,22.8,0.0000,,
0.9530,359,193.2,22.8,0.0005,,
0.9545,360,193.2,22.8,0.0010,,
0.9570,361,193.2,22.8,0.0020,,
0.9615,362,193.2,22.8,0.0035,,
0.9675,363,193.4,22.8,0.0045,,
0.9760,364,193.9,22.8,0.0070,,
0.9835,365,194.7,22.8,0.0060,,
0.9920,366,195.7,22.8,0.0070,,
1.0005,367,196.8,22.8,0.0065,,
1.0090,368,197.7,22.8,0.0065,,
1.0175,369,198.8,22.8,0.0065,,
1.0255,370,199.7,22.8,0.0065,,
1.0335,371,200.6,22.8,0.0065,,
1.0415,372,201.5,22.8,0.0065,,
1.0500,373,202.5,22.8,0.0065,,
1.0585,374,203.2,22.8,0.0065,,
1.0670,375,204.1,22.8,0.0065,,
1.0755,376,204.8,22.8,0.0070,,
1.0830,377,205.6,22.8,0.0060,,
1.0915,378,206.3,22.8,0.0070,,
1.1000,379,207.0,22.8,0.0065,,
1.1085,380,207.7,22.8,0.0065,,
1.1170,381,208.3,22.8,0.0065,,
1.1250,382,209.0,22.8,0.0065,,
1.1330,383,209.6,22.8,0.0065,,
1.1410,384,210.3,22.8,0.0065,,
1.1495,385,211.0,22.8,0.0065,,
1.1580,386,211.6,22.8,0.0065,,
1.1665,387,212.1,22.8,0.0065,,
1.1750,388,212.6,22.8,0.0065,,
1.1825,389,213.0,22.8,0.0060,,
1.1910,390,213.6,22.8,0.0070,,
1.1995,391,214.1,22.8,0.0070,,
1.2075,392,214.7,22.8,0.0060,,
1.2160,393,215.2,22.8,0.0065,,
1.2245,394,215.7,22.8,0.0065,,
1.2320,395,216.2,22.8,0.0060,,
1.2405,396,216.7,22.8,0.0070,,
1.2490,397,217.2,22.8,0.0070,,
1.2575,398,217.7,22.8,0.0065,,
1.2660,399,218.1,22.8,0.0065,,
1.2745,400,218.6,22.8,0.0065,,
1.2820,401,218.9,22.8,0.0060,,
1.2905,402,219.4,22.8,0.0070,,
1.2990,403,219.8,22.8,0.0070,,
1.3070,404,220.2,22.8,0.0060,,
1.3155,405,220.6,22.8,0.0065,,
1.3240,406,221.0,22.8,0.0065,,
1.3315,407,221.3,22.8,0.0060,,
1.3400,408,221.7,22.8,0.0070,,
1.3485,409,222.2,22.8,0.0070,,
1.3570,410,222.5,22.8,0.0065,,
1.3655,411,222.9,22.8,0.0065,,
1.3740,412,223.3,22.8,0.0065,,
1.3815,413,223.6,22.8,0.0060,,
1.3900,414,223.9,22.8,0.0070,,
1.3980,415,224.2,22.8,0.0065,,
1.4065,416,224.6,22.8,0.0065,,
1.4150,417,224.9,22.8,0.0065,,
1.4235,418,225.3,22.8,0.0065,,
1.4310,419,225.6,22.8,0.0060,,
1.4395,420,226.0,22.8,0.0070,,
1.4480,421,226.3,22.8,0.0070,,
1.4565,422,226.6,22.8,0.0065,,
1.4650,423,226.9,22.8,0.0065,,
1.4730,424,227.3,22.8,0.0060,,
1.4810,425,227.5,22.8,0.0065,,
1.4890,426,227.8,22.8,0.0065,,
1.4975,427,228.0,22.8,0.0070,,
1.5060,428,228.4,22.8,0.0065,,
1.5145,429,228.7,22.8,0.0065,,
1.5230,430,229.1,22.8,0.0065,,
1.5305,431,229.3,22.8,0.0060,,
1.5390,432,229.6,22.8,0.0070,,
1.5475,433,229.8,22.8,0.0070,,
1.5560,434,230.2,22.8,0.0065,,
1.5640,435,230.4,22.8,0.0060,,
1.5725,436,230.6,22.8,0.0065,,
1.5800,437,230.9,22.8,0.0060,,
1.5885,438,231.2,22.8,0.0070,,
1.5970,439,231.3,22.8,0.0070,,
1.6055,440,231.7,22.8,0.0065,,
1.6140,441,232.0,22.8,0.0065,,
1.6225,442,232.3,22.8,0.0065,,
1.6305,443,232.5,22.8,0.0065,,
1.6385,444,232.8,22.8,0.0065,,
1.6465,445,233.0,22.8,0.0065,,
1.6550,446,233.2,22.8,0.0070,,
1.6635,447,233.5,22.8,0.0065,,
1.6720,448,233.7,22.8,0.0065,,
1.6805,449,234.0,22.8,0.0065,,
1.6875,450,234.2,22.8,0.0060,,
1.6925,451,234.4,22.8,0.0040,,
1.6950,452,234.6,22.8,0.0020,,
1.6950,453,234.7,22.8,0.0000,,
1.6960,454,234.7,22.8,0.0010,,
1.6975,455,234.8,22.8,0.0010,,
1.6995,456,234.8,22.8,0.0015,,
1.7025,457,234.8,22.8,0.0025,,
1.7065,458,234.9,22.8,0.0035,,
1.7125,460,235.0,22.8,0.0035,,
Scope 1/1, Sample 7/9 (CSpringBeachK)
Result,TitrationEP1
V,t,E,T,dV/dt,E acc. stat.,Volume acc. stat.
0.0000,0,-7.6,22.7,NaN,,
0.0005,1,-10.0,22.7,0.0005,,
0.0025,2,-10.6,22.7,0.0020,,
0.0050,3,-11.2,22.7,0.0025,,
0.0085,4,-11.7,22.7,0.0030,,
0.0150,5,-12.3,22.7,0.0060,,
0.0230,6,-12.9,22.7,0.0075,,
0.0315,7,-13.2,22.7,0.0085,,
0.0390,8,-13.6,22.7,0.0075,,
0.0475,9,-13.9,22.7,0.0085,,
0.0560,10,-14.0,22.7,0.0075,,
0.0645,11,-14.2,22.7,0.0075,,
0.0730,12,-14.1,22.7,0.0075,,
0.0810,13,-14.0,22.7,0.0080,,
0.0890,14,-13.9,22.7,0.0080,,
0.0970,15,-13.7,22.7,0.0080,,
0.1055,16,-13.6,22.7,0.0075,,
0.1140,17,-13.3,22.7,0.0075,,
0.1225,18,-13.1,22.7,0.0075,,
0.1310,19,-13.0,22.7,0.0075,,
0.1385,20,-12.8,22.7,0.0075,,
0.1470,21,-12.6,22.7,0.0085,,
0.1555,22,-12.4,22.7,0.0075,,
0.1640,23,-12.1,22.7,0.0075,,
0.1720,24,-11.8,22.7,0.0075,,
0.1805,25,-11.6,22.7,0.0075,,
0.1880,26,-11.4,22.7,0.0075,,
0.1965,27,-11.2,22.7,0.0085,,
0.2050,28,-10.8,22.7,0.0085,,
0.2135,29,-10.5,22.7,0.0075,,
0.2220,30,-10.3,22.7,0.0075,,
0.2305,31,-10.0,22.7,0.0075,,
0.2385,32,-9.7,22.7,0.0080,,
0.2465,33,-9.5,22.7,0.0080,,
0.2545,34,-9.3,22.7,0.0080,,
0.2630,35,-9.0,22.7,0.0075,,
0.2715,36,-8.7,22.7,0.0075,,
0.2800,37,-8.5,22.7,0.0075,,
0.2885,38,-8.2,22.7,0.0085,,
0.2960,39,-8.0,22.7,0.0075,,
0.3045,40,-7.7,22.7,0.0085,,
0.3130,41,-7.4,22.7,0.0075,,
0.3215,42,-7.2,22.7,0.0075,,
0.3295,43,-6.9,22.7,0.0075,,
0.3380,44,-6.6,22.7,0.0085,,
0.3455,45,-6.3,22.7,0.0075,,
0.3540,46,-6.1,22.7,0.0085,,
0.3625,47,-5.8,22.7,0.0075,,
0.3710,48,-5.5,22.7,0.0075,,
0.3795,49,-5.2,22.7,0.0075,,
0.3880,50,-4.9,22.7,0.0075,,
0.3955,51,-4.6,22.7,0.0075,,
0.4040,52,-4.2,22.7,0.0085,,
0.4125,53,-3.9,22.7,0.0075,,
0.4205,54,-3.5,22.7,0.0075,,
0.4290,55,-3.2,22.7,0.0075,,
0.4375,56,-2.8,22.7,0.0075,,
0.4450,57,-2.5,22.7,0.0075,,
0.4535,58,-2.2,22.7,0.0085,,
0.4620,59,-1.7,22.7,0.0075,,
0.4705,60,-1.2,22.7,0.0075,,
0.4790,61,-0.8,22.7,0.0075,,
0.4865,62,-0.5,22.7,0.0075,,
0.4950,63,-0.2,22.7,0.0085,,
0.5035,64,0.1,22.7,0.0085,,
0.5120,65,0.1,22.7,0.0075,,
0.5200,66,0.1,22.7,0.0075,,
0.5285,67,0.4,22.7,0.0075,,
0.5370,68,0.8,22.7,0.0085,,
0.5445,69,1.1,22.7,0.0075,,
0.5530,70,1.4,22.7,0.0085,,
0.5615,71,1.9,22.7,0.0075,,
0.5700,72,2.4,22.7,0.0075,,
0.5785,73,3.1,22.7,0.0075,,
0.5870,74,3.6,22.7,0.0085,,
0.5945,75,3.4,22.7,0.0075,,
0.6030,76,3.7,22.7,0.0085,,
0.6110,77,4.2,22.7,0.0075,,
0.6195,78,4.6,22.7,0.0075,,
0.6280,79,5.0,22.7,0.0075,,
0.6365,80,5.3,22.7,0.0075,,
0.6440,81,5.6,22.7,0.0075,,
0.6525,82,5.9,22.7,0.0085,,
0.6610,83,6.3,22.7,0.0075,,
0.6695,84,6.6,22.7,0.0075,,
0.6780,85,7.0,22.7,0.0075,,
0.6860,86,7.3,22.7,0.0075,,
0.6940,87,7.7,22.7,0.0080,,
0.7020,88,8.2,22.7,0.0080,,
0.7105,89,8.7,22.7,0.0075,,
0.7190,90,9.2,22.7,0.0075,,
0.7275,91,9.8,22.7,0.0075,,
0.7360,92,10.4,22.7,0.0075,,
0.7435,93,10.8,22.7,0.0075,,
0.7520,94,11.4,22.7,0.0085,,
0.7605,95,11.9,22.7,0.0075,,
0.7690,96,12.5,22.7,0.0075,,
0.7770,97,13.0,22.7,0.0075,,
0.7855,98,13.6,22.7,0.0075,,
0.7930,99,14.1,22.7,0.0075,,
0.8015,100,14.7,22.7,0.0085,,
0.8100,101,15.2,22.7,0.0075,,
0.8185,102,15.8,22.7,0.0075,,
0.8270,103,16.4,22.7,0.0075,,
0.8355,104,17.0,22.7,0.0075,,
0.8430,105,17.6,22.7,0.0075,,
0.8515,106,18.2,22.7,0.0085,,
0.8600,107,18.8,22.7,0.0075,,
0.8680,108,19.5,22.7,0.0075,,
0.8765,109,20.1,22.7,0.0075,,
0.8850,110,20.8,22.7,0.0075,,
0.8925,111,21.4,22.7,0.0075,,
0.9010,112,22.1,22.7,0.0085,,
0.9095,113,22.9,22.7,0.0075,,
0.9180,114,23.7,22.7,0.0075,,
0.9265,115,24.5,22.7,0.0075,,
0.9350,116,25.4,22.7,0.0075,,
0.9425,117,26.2,22.7,0.0075,,
0.9510,118,27.2,22.7,0.0085,,
0.9595,119,28.1,22.7,0.0075,,
0.9675,120,29.1,22.7,0.0075,,
0.9760,121,30.2,22.7,0.0075,,
0.9845,122,31.2,22.7,0.0085,,
0.9920,123,32.4,22.7,0.0075,,
1.0005,124,33.7,22.7,0.0085,,
1.0090,125,35.0,22.7,0.0075,,
1.0175,126,36.5,22.7,0.0075,,
1.0260,127,38.1,22.7,0.0075,,
1.0345,128,39.6,22.7,0.0085,,
1.0420,129,41.5,22.7,0.0075,,
1.0505,130,43.6,22.7,0.0085,,
1.0585,131,46.0,22.7,0.0075,,
1.0670,132,48.6,22.7,0.0075,,
1.0755,133,51.6,22.7,0.0075,,
1.0840,134,54.6,22.7,0.0085,,
1.0915,135,58.5,22.7,0.0075,,
1.1000,136,62.9,22.7,0.0085,,
1.1085,137,68.0,22.7,0.0075,,
1.1170,138,73.7,22.7,0.0075,,
1.1255,139,80.2,22.7,0.0075,,
1.1340,140,86.6,22.7,0.0085,,
1.1415,141,94.4,22.7,0.0075,,
1.1500,142,103.1,22.7,0.0085,,
1.1580,143,112.2,22.7,0.0075,,
1.1665,144,120.9,22.7,0.0075,,
1.1750,145,130.3,22.7,0.0075,,
1.1835,146,138.8,22.7,0.0085,,
1.1910,147,147.7,22.7,0.0075,,
1.1995,148,155.8,22.7,0.0085,,
1.2080,149,162.8,22.7,0.0075,,
1.2165,150,169.1,22.7,0.0075,,
1.2250,151,174.3,22.7,0.0075,,
1.2330,152,178.0,22.7,0.0080,,
1.2410,153,181.7,22.7,0.0080,,
1.2495,154,184.9,22.7,0.0085,,
1.2520,154,185.2,22.7,0.0060,,
1.2520,394,192.3,22.8,0.0000,,
1.2525,395,192.3,22.8,0.0005,,
1.2540,396,192.3,22.8,0.0010,,
1.2565,398,192.3,22.8,0.0015,,
1.2610,398,192.2,22.8,0.0090,,
1.2670,400,192.4,22.8,0.0040,,
1.2755,400,192.9,22.8,0.0210,,
1.2830,401,193.7,22.8,0.0055,,
1.2915,402,194.7,22.8,0.0060,,
1.3000,404,195.7,22.8,0.0055,,
1.3085,404,196.7,22.8,0.0170,,
1.3165,406,197.6,22.8,0.0055,,
1.3250,406,198.5,22.8,0.0170,,
1.3330,407,199.3,22.8,0.0055,,
1.3410,408,200.2,22.8,0.0055,,
1.3495,410,201.1,22.8,0.0055,,
1.3580,410,201.8,22.8,0.0170,,
1.3665,412,202.6,22.8,0.0055,,
1.3750,412,203.3,22.8,0.0170,,
1.3825,413,204.0,22.8,0.0055,,
1.3910,414,204.7,22.8,0.0060,,
1.3995,415,205.5,22.8,0.0060,,
1.4080,416,206.2,22.8,0.0055,,
1.4160,418,206.8,22.8,0.0055,,
1.4245,418,207.5,22.8,0.0170,,
1.4320,419,208.1,22.8,0.0055,,
1.4405,420,208.7,22.8,0.0060,,
1.4490,421,209.2,22.8,0.0060,,
1.4575,422,209.8,22.8,0.0055,,
1.4660,424,210.4,22.8,0.0055,,
1.4745,424,210.9,22.8,0.0170,,
1.4825,425,211.5,22.8,0.0055,,
1.4905,426,212.0,22.8,0.0055,,
1.4985,427,212.5,22.8,0.0055,,
1.5070,428,213.0,22.8,0.0055,,
1.5155,430,213.5,22.8,0.0055,,
1.5240,430,214.0,22.8,0.0170,,
1.5325,431,214.4,22.8,0.0060,,
1.5400,432,214.9,22.8,0.0055,,
1.5485,433,215.4,22.8,0.0060,,
1.5570,434,215.9,22.8,0.0055,,
1.5655,436,216.4,22.8,0.0055,,
1.5735,436,216.8,22.8,0.0160,,
1.5815,437,217.2,22.8,0.0055,,
1.5900,438,217.7,22.8,0.0060,,
1.5980,439,218.1,22.8,0.0055,,
1.6065,440,218.4,22.8,0.0055,,
1.6150,442,218.8,22.8,0.0055,,
1.6235,442,219.2,22.8,0.0170,,
1.6310,443,219.5,22.8,0.0055,,
1.6395,444,219.9,22.8,0.0060,,
1.6480,445,220.3,22.8,0.0060,,
1.6565,446,220.8,22.8,0.0055,,
1.6650,448,221.2,22.8,0.0055,,
1.6730,448,221.6,22.8,0.0160,,
1.6810,449,221.9,22.8,0.0055,,
1.6890,450,222.2,22.8,0.0055,,
1.6975,451,222.5,22.8,0.0060,,
1.7060,452,222.9,22.8,0.0055,,
1.7145,454,223.2,22.8,0.0055,,
1.7230,454,223.6,22.8,0.0170,,
1.7305,455,223.9,22.8,0.0055,,
1.7390,456,224.2,22.8,0.0060,,
1.7475,457,224.6,22.8,0.0060,,
1.7560,458,224.9,22.8,0.0055,,
1.7640,460,225.2,22.8,0.0055,,
1.7725,460,225.5,22.8,0.0170,,
1.7810,462,225.8,22.8,0.0055,,
1.7885,462,226.0,22.8,0.0185,,
1.7970,463,226.4,22.8,0.0060,,
1.8055,464,226.7,22.8,0.0055,,
1.8140,466,227.0,22.8,0.0055,,
1.8225,466,227.3,22.8,0.0170,,
1.8305,468,227.6,22.8,0.0055,,
1.8385,468,227.8,22.8,0.0200,,
1.8465,469,228.1,22.8,0.0055,,
1.8550,470,228.4,22.8,0.0055,,
1.8635,472,228.6,22.8,0.0055,,
1.8720,472,228.8,22.8,0.0170,,
1.8805,474,229.1,22.8,0.0055,,
1.8880,474,229.3,22.8,0.0190,,
1.8965,475,229.6,22.8,0.0060,,
1.9050,476,229.8,22.8,0.0060,,
1.9135,478,230.2,22.8,0.0055,,
1.9215,478,230.4,22.8,0.0160,,
1.9300,480,230.7,22.8,0.0055,,
1.9375,480,230.9,22.8,0.0190,,
1.9460,481,231.1,22.8,0.0060,,
1.9545,482,231.4,22.8,0.0060,,
1.9630,484,231.6,22.8,0.0055,,
1.9715,484,231.9,22.8,0.0170,,
1.9800,486,232.1,22.8,0.0055,,
1.9875,486,232.3,22.8,0.0185,,
1.9960,487,232.6,22.8,0.0060,,
2.0045,488,232.8,22.8,0.0060,,
2.0125,490,233.0,22.8,0.0055,,
2.0210,490,233.3,22.8,0.0170,,
2.0295,492,233.5,22.8,0.0055,,
2.0380,492,233.8,22.8,0.0210,,
2.0455,493,234.0,22.8,0.0055,,
2.0525,494,234.2,22.8,0.0050,,
2.0580,496,234.4,22.8,0.0035,,
2.0615,496,234.6,22.8,0.0070,,
2.0640,498,234.6,22.8,0.0015,,
2.0665,498,234.7,22.8,0.0060,,
2.0695,499,234.8,22.8,0.0020,,
2.0735,500,234.9,22.8,0.0030,,
2.0785,502,235.0,22.8,0.0035,,
2.0860,503,235.0,22.8,0.0125,,
Scope 1/1, Sample 8/9 (CSpringBeachF)
Result,TitrationEP1
V,t,E,T,dV/dt,E acc. stat.,Volume acc. stat.
0.0000,0,-20.2,22.8,NaN,,
0.0010,1,-22.7,22.8,0.0010,,
0.0025,2,-23.3,22.8,0.0015,,
0.0050,3,-23.9,22.8,0.0020,,
0.0095,4,-24.4,22.8,0.0035,,
0.0150,5,-24.9,22.8,0.0050,,
0.0235,6,-25.4,22.8,0.0075,,
0.0320,7,-25.8,22.8,0.0075,,
0.0405,8,-26.1,22.8,0.0075,,
0.0490,9,-26.3,22.8,0.0070,,
0.0575,10,-26.4,22.8,0.0070,,
0.0650,11,-26.6,22.8,0.0070,,
0.0735,12,-26.5,22.8,0.0075,,
0.0815,13,-26.4,22.8,0.0075,,
0.0900,14,-26.2,22.8,0.0075,,
0.0985,15,-26.0,22.8,0.0070,,
0.1070,16,-25.7,22.8,0.0070,,
0.1145,17,-25.4,22.8,0.0070,,
0.1230,18,-25.1,22.8,0.0075,,
0.1315,19,-24.8,22.8,0.0075,,
0.1400,20,-24.5,22.8,0.0075,,
0.1485,21,-24.1,22.8,0.0070,,
0.1570,22,-23.8,22.8,0.0075,,
0.1645,23,-23.4,22.8,0.0070,,
0.1730,24,-23.1,22.8,0.0075,,
0.1810,25,-22.7,22.8,0.0075,,
0.1895,26,-22.4,22.8,0.0075,,
0.1980,27,-22.0,22.8,0.0070,,
0.2065,28,-21.7,22.8,0.0070,,
0.2140,29,-21.3,22.8,0.0070,,
0.2225,30,-20.9,22.8,0.0075,,
0.2310,31,-20.6,22.8,0.0075,,
0.2395,32,-20.3,22.8,0.0075,,
0.2480,33,-19.9,22.8,0.0070,,
0.2560,34,-19.6,22.8,0.0065,,
0.2640,35,-19.2,22.8,0.0075,,
0.2720,36,-18.9,22.8,0.0075,,
0.2805,37,-18.6,22.8,0.0075,,
0.2890,38,-18.2,22.8,0.0075,,
0.2975,39,-17.9,22.8,0.0070,,
0.3060,40,-17.6,22.8,0.0075,,
0.3135,41,-17.2,22.8,0.0070,,
0.3220,42,-16.8,22.8,0.0075,,
0.3305,43,-16.4,22.8,0.0075,,
0.3390,44,-16.1,22.8,0.0075,,
0.3470,45,-15.7,22.8,0.0065,,
0.3555,46,-15.4,22.8,0.0075,,
0.3630,47,-15.0,22.8,0.0070,,
0.3715,48,-14.7,22.8,0.0075,,
0.3800,49,-14.2,22.8,0.0075,,
0.3885,50,-13.8,22.8,0.0075,,
0.3970,51,-13.5,22.8,0.0075,,
0.4055,52,-13.1,22.8,0.0070,,
0.4130,53,-12.8,22.8,0.0070,,
0.4215,54,-12.4,22.8,0.0075,,
0.4300,55,-12.0,22.8,0.0075,,
0.4380,56,-11.7,22.8,0.0075,,
0.4465,57,-11.3,22.8,0.0075,,
0.4550,58,-10.9,22.8,0.0070,,
0.4625,59,-10.7,22.8,0.0070,,
0.4710,60,-10.2,22.8,0.0075,,
0.4795,61,-9.8,22.8,0.0075,,
0.4880,62,-9.4,22.8,0.0075,,
0.4965,63,-9.0,22.8,0.0070,,
0.5050,64,-8.7,22.8,0.0070,,
0.5125,65,-8.4,22.8,0.0070,,
0.5210,66,-8.0,22.8,0.0075,,
0.5290,67,-7.7,22.8,0.0075,,
0.5375,68,-7.3,22.8,0.0075,,
0.5460,69,-6.8,22.8,0.0075,,
0.5545,70,-6.5,22.8,0.0070,,
0.5620,71,-6.2,22.8,0.0070,,
0.5705,72,-5.8,22.8,0.0075,,
0.5790,73,-5.3,22.8,0.0075,,
0.5875,74,-4.8,22.8,0.0075,,
0.5960,75,-4.4,22.8,0.0075,,
0.6040,76,-4.0,22.8,0.0065,,
0.6120,77,-3.6,22.8,0.0075,,
0.6200,78,-3.1,22.8,0.0075,,
0.6285,79,-2.6,22.8,0.0075,,
0.6370,80,-2.1,22.8,0.0075,,
0.6455,81,-1.6,22.8,0.0075,,
0.6540,82,-1.0,22.8,0.0070,,
0.6615,83,-0.6,22.8,0.0070,,
0.6700,84,-0.1,22.8,0.0075,,
0.6785,85,0.1,22.8,0.0075,,
0.6870,86,0.1,22.8,0.0075,,
0.6955,87,0.5,22.8,0.0070,,
0.7035,88,1.0,22.8,0.0065,,
0.7115,89,1.4,22.8,0.0075,,
0.7195,90,1.9,22.8,0.0075,,
0.7280,91,2.8,22.8,0.0075,,
0.7365,92,3.6,22.8,0.0075,,
0.7450,93,3.5,22.8,0.0070,,
0.7535,94,4.2,22.8,0.0070,,
0.7610,95,4.7,22.8,0.0070,,
0.7695,96,5.1,22.8,0.0075,,
0.7780,97,5.6,22.8,0.0075,,
0.7865,98,6.0,22.8,0.0075,,
0.7950,99,6.4,22.8,0.0070,,
0.8030,100,6.8,22.8,0.0075,,
0.8110,101,7.3,22.8,0.0075,,
0.8190,102,7.9,22.8,0.0075,,
0.8275,103,8.5,22.8,0.0075,,
0.8360,104,9.2,22.8,0.0075,,
0.8445,105,9.9,22.8,0.0070,,
0.8530,106,10.6,22.8,0.0070,,
0.8605,107,11.2,22.8,0.0070,,
0.8690,108,11.9,22.8,0.0075,,
0.8775,109,12.6,22.8,0.0075,,
0.8860,110,13.4,22.8,0.0075,,
0.8940,111,14.1,22.8,0.0065,,
0.9025,112,14.9,22.8,0.0070,,
0.9100,113,15.6,22.8,0.0070,,
0.9185,114,16.3,22.8,0.0075,,
0.9270,115,17.1,22.8,0.0075,,
0.9355,116,17.9,22.8,0.0075,,
0.9440,117,18.7,22.8,0.0070,,
0.9525,118,19.6,22.8,0.0070,,
0.9600,119,20.4,22.8,0.0070,,
0.9685,120,21.4,22.8,0.0075,,
0.9770,121,22.3,22.8,0.0075,,
0.9850,122,23.3,22.8,0.0075,,
0.9935,123,24.4,22.8,0.0070,,
1.0020,124,25.5,22.8,0.0070,,
1.0095,125,26.6,22.8,0.0070,,
1.0180,126,27.9,22.8,0.0075,,
1.0265,127,29.2,22.8,0.0075,,
1.0350,128,30.6,22.8,0.0075,,
1.0435,129,32.2,22.8,0.0070,,
1.0520,130,33.9,22.8,0.0070,,
1.0595,131,35.5,22.8,0.0070,,
1.0680,132,37.6,22.8,0.0075,,
1.0760,133,40.0,22.8,0.0075,,
1.0845,134,42.5,22.8,0.0075,,
1.0930,135,45.3,22.8,0.0070,,
1.1015,136,48.4,22.8,0.0070,,
1.1090,137,51.6,22.8,0.0070,,
1.1175,138,55.8,22.8,0.0075,,
1.1260,139,60.7,22.8,0.0075,,
1.1345,140,66.4,22.8,0.0075,,
1.1430,141,72.6,22.8,0.0070,,
1.1510,142,79.8,22.8,0.0065,,
1.1590,143,86.9,22.8,0.0075,,
1.1675,144,95.2,22.8,0.0075,,
1.1755,145,104.1,22.8,0.0075,,
1.1840,146,113.3,22.8,0.0075,,
1.1925,147,122.7,22.8,0.0070,,
1.2010,148,131.7,22.8,0.0070,,
1.2085,149,139.8,22.8,0.0070,,
1.2170,150,148.6,22.8,0.0075,,
1.2255,151,156.4,22.8,0.0075,,
1.2340,152,163.5,22.8,0.0075,,
1.2425,153,169.7,22.8,0.0070,,
1.2505,154,175.3,22.8,0.0065,,
1.2580,155,179.5,22.8,0.0070,,
1.2665,156,183.0,22.8,0.0075,,
1.2755,157,185.2,22.8,0.0075,,
1.2755,397,192.5,22.9,0.0000,,
1.2760,398,192.6,22.9,0.0005,,
1.2775,399,192.6,22.9,0.0010,,
1.2800,400,192.6,22.9,0.0020,,
1.2840,401,192.6,22.9,0.0030,,
1.2900,402,192.7,22.9,0.0045,,
1.2985,403,193.3,22.9,0.0060,,
1.3060,404,193.9,22.9,0.0060,,
1.3145,405,194.7,22.9,0.0065,,
1.3230,406,195.8,22.9,0.0065,,
1.3315,407,196.8,22.9,0.0060,,
1.3400,408,197.8,22.9,0.0060,,
1.3480,409,198.6,22.9,0.0060,,
1.3560,410,199.4,22.9,0.0060,,
1.3640,411,200.4,22.9,0.0060,,
1.3725,412,201.2,22.9,0.0060,,
1.3810,413,202.0,22.9,0.0060,,
1.3895,414,202.7,22.9,0.0060,,
1.3980,415,203.5,22.9,0.0060,,
1.4055,416,204.1,22.9,0.0060,,
1.4140,417,204.8,22.9,0.0065,,
1.4225,418,205.6,22.9,0.0060,,
1.4310,419,206.2,22.9,0.0060,,
1.4390,420,206.8,22.9,0.0055,,
1.4475,421,207.4,22.9,0.0060,,
1.4550,422,207.9,22.9,0.0060,,
1.4635,423,208.6,22.9,0.0065,,
1.4720,424,209.2,22.9,0.0065,,
1.4805,425,209.8,22.9,0.0060,,
1.4890,426,210.3,22.9,0.0060,,
1.4975,427,210.9,22.9,0.0060,,
1.5050,428,211.4,22.9,0.0060,,
1.5135,429,211.9,22.9,0.0065,,
1.5220,430,212.5,22.9,0.0065,,
1.5300,431,213.0,22.9,0.0055,,
1.5385,432,213.5,22.9,0.0060,,
1.5470,433,213.9,22.9,0.0060,,
1.5545,434,214.4,22.9,0.0060,,
1.5630,435,214.9,22.9,0.0065,,
1.5715,436,215.3,22.9,0.0065,,
1.5800,437,215.8,22.9,0.0060,,
1.5885,438,216.3,22.9,0.0060,,
1.5970,439,216.7,22.9,0.0060,,
1.6045,440,217.1,22.9,0.0060,,
1.6130,441,217.5,22.9,0.0065,,
1.6210,442,217.9,22.9,0.0060,,
1.6295,443,218.3,22.9,0.0060,,
1.6380,444,218.7,22.9,0.0060,,
1.6465,445,219.1,22.9,0.0060,,
1.6540,446,219.5,22.9,0.0060,,
1.6625,447,219.9,22.9,0.0065,,
1.6710,448,220.2,22.9,0.0065,,
1.6795,449,220.6,22.9,0.0060,,
1.6880,450,221.0,22.9,0.0060,,
1.6965,451,221.3,22.9,0.0065,,
1.7040,452,221.7,22.9,0.0060,,
1.7125,453,222.0,22.9,0.0065,,
1.7205,454,222.4,22.9,0.0055,,
1.7290,455,222.8,22.9,0.0060,,
1.7375,456,223.1,22.9,0.0060,,
1.7450,457,223.5,22.9,0.0060,,
1.7535,458,223.8,22.9,0.0065,,
1.7620,459,224.2,22.9,0.0065,,
1.7705,460,224.5,22.9,0.0060,,
1.7790,461,224.8,22.9,0.0060,,
1.7875,462,225.1,22.9,0.0060,,
1.7950,463,225.4,22.9,0.0060,,
1.8035,464,225.7,22.9,0.0065,,
1.8120,465,226.0,22.9,0.0065,,
1.8200,466,226.3,22.9,0.0055,,
1.8285,467,226.5,22.9,0.0060,,
1.8370,468,226.9,22.9,0.0060,,
1.8445,469,227.0,22.9,0.0060,,
1.8530,470,227.4,22.9,0.0065,,
1.8615,471,227.6,22.9,0.0065,,
1.8700,472,227.9,22.9,0.0060,,
1.8785,473,228.2,22.9,0.0060,,
1.8870,474,228.4,22.9,0.0060,,
1.8945,475,228.8,22.9,0.0060,,
1.9030,476,229.0,22.9,0.0065,,
1.9110,477,229.2,22.9,0.0060,,
1.9195,478,229.5,22.9,0.0060,,
1.9280,479,229.8,22.9,0.0060,,
1.9365,480,230.1,22.9,0.0060,,
1.9440,481,230.3,22.9,0.0060,,
1.9525,482,230.5,22.9,0.0065,,
1.9610,483,230.7,22.9,0.0065,,
1.9695,484,231.0,22.9,0.0060,,
1.9780,485,231.3,22.9,0.0060,,
1.9865,486,231.5,22.9,0.0060,,
1.9940,487,231.8,22.9,0.0060,,
2.0025,488,232.1,22.9,0.0065,,
2.0105,489,232.3,22.9,0.0060,,
2.0190,490,232.6,22.9,0.0060,,
2.0275,491,232.8,22.9,0.0060,,
2.0360,492,233.0,22.9,0.0060,,
2.0445,493,233.2,22.9,0.0065,,
2.0520,494,233.4,22.9,0.0060,,
2.0605,495,233.7,22.9,0.0065,,
2.0690,496,233.8,22.9,0.0060,,
2.0770,497,234.1,22.9,0.0055,,
2.0845,498,234.3,22.9,0.0055,,
2.0885,499,234.5,22.9,0.0030,,
2.0900,500,234.6,22.9,0.0010,,
2.0910,501,234.6,22.9,0.0010,,
2.0925,502,234.6,22.9,0.0010,,
2.0940,503,234.7,22.9,0.0010,,
2.0965,504,234.7,22.9,0.0020,,
2.1000,505,234.7,22.9,0.0025,,
2.1045,506,234.8,22.9,0.0035,,
2.1085,507,235.0,22.9,0.0030,,
Scope 1/1, Sample 9/9 (CSpringBeach2K)
Result,TitrationEP1
V,t,E,T,dV/dt,E acc. stat.,Volume acc. stat.
0.0000,0,-14.2,22.9,NaN,,
0.0010,1,-16.9,22.9,0.0010,,
0.0025,2,-17.5,22.9,0.0015,,
0.0050,3,-18.1,22.9,0.0025,,
0.0090,4,-18.7,22.9,0.0035,,
0.0150,5,-19.2,22.9,0.0055,,
0.0235,6,-19.8,22.9,0.0075,,
0.0320,7,-20.2,22.9,0.0075,,
0.0405,8,-20.6,22.9,0.0075,,
0.0490,9,-20.9,22.9,0.0075,,
0.0565,10,-21.0,22.9,0.0070,,
0.0650,11,-21.2,22.9,0.0075,,
0.0730,12,-21.3,22.9,0.0075,,
0.0815,13,-21.3,22.9,0.0075,,
0.0900,14,-21.2,22.9,0.0075,,
0.0985,15,-21.1,22.9,0.0075,,
0.1070,16,-21.1,22.9,0.0075,,
0.1145,17,-21.0,22.9,0.0070,,
0.1230,18,-20.8,22.9,0.0075,,
0.1315,19,-20.6,22.9,0.0075,,
0.1400,20,-20.4,22.9,0.0075,,
0.1480,21,-20.3,22.9,0.0075,,
0.1565,22,-20.0,22.9,0.0075,,
0.1640,23,-19.8,22.9,0.0070,,
0.1725,24,-19.7,22.9,0.0075,,
0.1810,25,-19.5,22.9,0.0075,,
0.1895,26,-19.3,22.9,0.0075,,
0.1980,27,-19.1,22.9,0.0075,,
0.2065,28,-18.8,22.9,0.0075,,
0.2140,29,-18.6,22.9,0.0070,,
0.2225,30,-18.3,22.9,0.0075,,
0.2310,31,-18.2,22.9,0.0075,,
0.2390,32,-17.9,22.9,0.0075,,
0.2475,33,-17.7,22.9,0.0075,,
0.2560,34,-17.4,22.9,0.0070,,
0.2635,35,-17.3,22.9,0.0070,,
0.2720,36,-17.1,22.9,0.0075,,
0.2805,37,-16.9,22.9,0.0075,,
0.2890,38,-16.7,22.9,0.0075,,
0.2975,39,-16.4,22.9,0.0075,,
0.3060,40,-16.2,22.9,0.0070,,
0.3135,41,-16.0,22.9,0.0070,,
0.3220,42,-15.8,22.9,0.0075,,
0.3300,43,-15.5,22.9,0.0075,,
0.3385,44,-15.3,22.9,0.0075,,
0.3470,45,-15.0,22.9,0.0075,,
0.3555,46,-14.7,22.9,0.0075,,
0.3630,47,-14.5,22.9,0.0070,,
0.3715,48,-14.2,22.9,0.0075,,
0.3800,49,-13.9,22.9,0.0075,,
0.3885,50,-13.7,22.9,0.0075,,
0.3965,51,-13.4,22.9,0.0075,,
0.4050,52,-13.2,22.9,0.0075,,
0.4125,53,-12.9,22.9,0.0070,,
0.4210,54,-12.7,22.9,0.0075,,
0.4295,55,-12.4,22.9,0.0075,,
0.4380,56,-12.1,22.9,0.0075,,
0.4465,57,-11.8,22.9,0.0075,,
0.4550,58,-11.5,22.9,0.0075,,
0.4635,59,-11.3,22.9,0.0075,,
0.4710,60,-11.1,22.9,0.0070,,
0.4795,61,-10.8,22.9,0.0075,,
0.4875,62,-10.5,22.9,0.0075,,
0.4960,63,-10.2,22.9,0.0075,,
0.5045,64,-9.9,22.9,0.0075,,
0.5130,65,-9.6,22.9,0.0070,,
0.5205,66,-9.3,22.9,0.0070,,
0.5290,67,-9.0,22.9,0.0075,,
0.5375,68,-8.8,22.9,0.0075,,
0.5460,69,-8.5,22.9,0.0075,,
0.5545,70,-8.2,22.9,0.0075,,
0.5625,71,-7.9,22.9,0.0075,,
0.5705,72,-7.6,22.9,0.0075,,
0.5790,73,-7.4,22.9,0.0075,,
0.5870,74,-7.1,22.9,0.0075,,
0.5955,75,-6.8,22.9,0.0075,,
0.6040,76,-6.5,22.9,0.0075,,
0.6125,77,-6.1,22.9,0.0075,,
0.6200,78,-5.8,22.9,0.0070,,
0.6285,79,-5.4,22.9,0.0075,,
0.6370,80,-5.1,22.9,0.0075,,
0.6455,81,-4.7,22.9,0.0075,,
0.6535,82,-4.3,22.9,0.0075,,
0.6620,83,-3.9,22.9,0.0075,,
0.6700,84,-3.5,22.9,0.0075,,
0.6780,85,-3.1,22.9,0.0075,,
0.6865,86,-2.8,22.9,0.0075,,
0.6950,87,-2.4,22.9,0.0075,,
0.7035,88,-1.9,22.9,0.0075,,
0.7120,89,-1.5,22.9,0.0075,,
0.7195,90,-1.1,22.9,0.0070,,
0.7280,91,-0.6,22.9,0.0075,,
0.7365,92,-0.2,22.9,0.0075,,
0.7450,93,0.2,22.9,0.0075,,
0.7530,94,0.5,22.9,0.0075,,
0.7610,95,0.3,22.9,0.0075,,
0.7695,96,0.5,22.9,0.0075,,
0.7775,97,0.9,22.9,0.0075,,
0.7860,98,1.4,22.9,0.0075,,
0.7945,99,1.9,22.9,0.0075,,
0.8030,100,2.5,22.9,0.0075,,
0.8115,101,3.1,22.9,0.0075,,
0.8190,102,3.6,22.9,0.0070,,
0.8275,103,3.6,22.9,0.0075,,
0.8360,104,4.2,22.9,0.0075,,
0.8440,105,4.6,22.9,0.0075,,
0.8525,106,5.0,22.9,0.0075,,
0.8610,107,5.3,22.9,0.0075,,
0.8685,108,5.7,22.9,0.0070,,
0.8770,109,6.1,22.9,0.0075,,
0.8855,110,6.6,22.9,0.0075,,
0.8940,111,7.0,22.9,0.0075,,
0.9025,112,7.5,22.9,0.0075,,
0.9110,113,8.0,22.9,0.0070,,
0.9185,114,8.5,22.9,0.0070,,
0.9270,115,9.2,22.9,0.0075,,
0.9350,116,9.9,22.9,0.0075,,
0.9435,117,10.5,22.9,0.0075,,
0.9520,118,11.2,22.9,0.0075,,
0.9605,119,11.9,22.9,0.0070,,
0.9680,120,12.5,22.9,0.0070,,
0.9765,121,13.2,22.9,0.0075,,
0.9850,122,13.9,22.9,0.0075,,
0.9935,123,14.7,22.9,0.0075,,
1.0020,124,15.5,22.9,0.0075,,
1.0100,125,16.3,22.9,0.0075,,
1.0180,126,17.0,22.9,0.0075,,
1.0260,127,17.8,22.9,0.0075,,
1.0345,128,18.7,22.9,0.0075,,
1.0430,129,19.6,23.0,0.0075,,
1.0515,130,20.5,22.9,0.0075,,
1.0600,131,21.6,22.9,0.0075,,
1.0675,132,22.5,23.0,0.0070,,
1.0760,133,23.7,22.9,0.0075,,
1.0845,134,24.9,22.9,0.0075,,
1.0930,135,26.3,23.0,0.0075,,
1.1010,136,27.8,23.0,0.0075,,
1.1095,137,29.4,23.0,0.0075,,
1.1170,138,30.9,22.9,0.0070,,
1.1255,139,33.0,23.0,0.0075,,
1.1340,140,35.2,23.0,0.0075,,
1.1425,141,37.8,23.0,0.0075,,
1.1510,142,41.1,23.0,0.0075,,
1.1595,143,44.7,23.0,0.0075,,
1.1675,144,48.8,23.0,0.0075,,
1.1755,145,53.6,23.0,0.0075,,
1.1835,146,59.3,23.0,0.0075,,
1.1920,147,65.6,23.0,0.0075,,
1.2005,148,73.1,23.0,0.0075,,
1.2090,149,81.7,23.0,0.0075,,
1.2175,150,89.8,23.0,0.0075,,
1.2250,151,99.2,23.0,0.0070,,
1.2335,152,108.5,23.0,0.0075,,
1.2420,153,118.1,23.0,0.0075,,
1.2505,154,128.2,23.0,0.0075,,
1.2590,155,138.2,23.0,0.0075,,
1.2665,156,146.5,23.0,0.0070,,
1.2750,157,155.7,23.0,0.0075,,
1.2830,158,163.7,23.0,0.0075,,
1.2915,159,170.6,23.0,0.0075,,
1.3000,160,176.0,23.0,0.0075,,
1.3085,161,180.7,23.0,0.0075,,
1.3160,162,184.2,23.0,0.0070,,
1.3205,163,185.2,23.0,0.0075,,
1.3205,403,193.5,23.0,0.0000,,
1.3210,404,193.5,23.0,0.0010,,
1.3225,405,193.5,23.0,0.0025,,
1.3250,406,193.5,23.0,0.0040,,
1.3290,407,193.5,23.0,0.0055,,
1.3355,408,193.7,23.0,0.0095,,
1.3440,409,194.1,23.0,0.0120,,
1.3515,410,194.8,23.0,0.0125,,
1.3600,411,195.5,23.0,0.0140,,
1.3685,412,196.6,23.0,0.0140,,
1.3770,413,197.5,23.0,0.0120,,
1.3850,414,198.5,23.0,0.0115,,
1.3935,415,199.4,23.0,0.0120,,
1.4010,416,200.3,23.0,0.0125,,
1.4095,417,201.1,23.0,0.0140,,
1.4180,418,201.9,23.0,0.0140,,
1.4265,419,202.7,23.0,0.0120,,
1.4350,420,203.6,23.0,0.0120,,
1.4435,421,204.3,23.0,0.0120,,
1.4515,422,205.0,23.0,0.0135,,
1.4595,423,205.7,23.0,0.0135,,
1.4675,424,206.3,23.0,0.0135,,
1.4760,425,207.0,23.0,0.0120,,
1.4845,426,207.6,23.0,0.0120,,
1.4930,427,208.2,23.0,0.0120,,
1.5005,428,208.9,23.0,0.0125,,
1.5090,429,209.4,23.0,0.0140,,
1.5175,430,210.0,23.0,0.0140,,
1.5260,431,210.6,23.0,0.0120,,
1.5345,432,211.2,23.0,0.0120,,
1.5425,433,211.9,23.0,0.0115,,
1.5510,434,212.3,23.0,0.0140,,
1.5590,435,212.9,23.0,0.0135,,
1.5670,436,213.3,23.0,0.0135,,
1.5755,437,213.9,23.0,0.0120,,
1.5840,438,214.4,23.0,0.0120,,
1.5925,439,215.0,23.0,0.0120,,
1.6010,440,215.5,23.0,0.0120,,
1.6085,441,215.8,23.0,0.0125,,
1.6170,442,216.2,23.0,0.0140,,
1.6255,443,216.7,23.0,0.0120,,
1.6335,444,217.2,23.0,0.0115,,
1.6420,445,217.7,23.0,0.0120,,
1.6505,446,218.1,23.0,0.0120,,
1.6580,447,218.4,23.0,0.0125,,
1.6665,448,218.9,23.0,0.0140,,
1.6750,449,219.3,23.0,0.0140,,
1.6835,450,219.8,23.0,0.0120,,
1.6920,451,220.1,23.0,0.0120,,
1.7005,452,220.4,23.0,0.0120,,
1.7080,453,220.8,23.0,0.0125,,
1.7165,454,221.2,23.0,0.0140,,
1.7245,455,221.6,23.0,0.0115,,
1.7330,456,222.0,23.0,0.0120,,
1.7415,457,222.3,23.0,0.0120,,
1.7500,458,222.6,23.0,0.0120,,
1.7575,459,222.9,23.0,0.0125,,
1.7660,460,223.3,23.0,0.0140,,
1.7745,461,223.7,23.0,0.0140,,
1.7830,462,224.0,23.0,0.0120,,
1.7915,463,224.4,23.0,0.0120,,
1.7995,464,224.7,23.0,0.0115,,
1.8075,465,225.0,23.0,0.0135,,
1.8155,466,225.3,23.0,0.0135,,
1.8240,467,225.6,23.0,0.0140,,
1.8325,468,225.9,23.0,0.0120,,
1.8410,469,226.3,23.0,0.0120,,
1.8495,470,226.5,23.0,0.0120,,
1.8570,471,226.8,23.0,0.0125,,
1.8655,472,227.1,23.0,0.0140,,
1.8740,473,227.4,23.0,0.0140,,
1.8825,474,227.8,23.0,0.0120,,
1.8905,475,228.0,23.0,0.0115,,
1.8990,476,228.4,23.0,0.0120,,
1.9075,477,228.7,23.0,0.0140,,
1.9150,478,228.9,23.0,0.0125,,
1.9235,479,229.1,23.0,0.0140,,
1.9320,480,229.4,23.0,0.0120,,
1.9405,481,229.7,23.0,0.0120,,
1.9490,482,230.0,23.0,0.0120,,
1.9565,483,230.1,23.0,0.0125,,
1.9650,484,230.4,23.0,0.0140,,
1.9735,485,230.7,23.0,0.0140,,
1.9820,486,231.0,23.0,0.0120,,
1.9900,487,231.1,23.0,0.0115,,
1.9985,488,231.4,23.0,0.0120,,
2.0060,489,231.6,23.0,0.0125,,
2.0145,490,231.9,23.0,0.0140,,
2.0230,491,232.1,23.0,0.0140,,
2.0315,492,232.5,23.0,0.0120,,
2.0400,493,232.7,23.0,0.0120,,
2.0485,494,233.0,23.0,0.0120,,
2.0565,495,233.2,23.0,0.0135,,
2.0645,496,233.5,23.0,0.0135,,
2.0725,497,233.7,23.0,0.0135,,
2.0810,498,233.9,23.0,0.0120,,
2.0895,499,234.1,23.0,0.0120,,
2.0975,500,234.3,23.0,0.0115,,
2.0995,501,234.5,23.0,0.0035,,
2.0995,502,234.6,23.0,0.0000,,
2.1000,503,234.7,23.0,0.0010,,
2.1005,504,234.7,23.0,0.0005,,
2.1015,505,234.7,23.0,0.0015,,
2.1040,506,234.8,23.0,0.0035,,
2.1075,507,234.8,23.0,0.0050,,
2.1120,508,234.8,23.0,0.0075,,
2.1160,508,235.0,23.0,0.0135,,
