Results Editor,,,,,,
Result Details,,,,,,
V [m L],t [s],E [m V],d V/dt [m L/s],T [°C],Point label,
0.0000,0,-56.0,NaN,20.1,,
0.0010,1,-56.3,0.0010,20.2,,
0.0025,2,-56.2,0.0015,20.1,,
0.0050,3,-56.3,0.0025,20.1,,
0.0090,4,-56.0,0.0035,20.2,,
0.0150,5,-55.8,0.0055,20.2,,
0.0235,6,-55.5,0.0075,20.2,,
0.0320,7,-54.7,0.0075,20.2,,
0.0405,8,-53.7,0.0075,20.2,,
0.0480,9,-52.7,0.0070,20.2,,
0.0565,10,-51.6,0.0075,20.2,,
0.0650,11,-50.4,0.0075,20.2,,
0.0730,12,-48.8,0.0075,20.2,,
0.0815,13,-47.1,0.0075,20.2,,
0.0900,14,-45.7,0.0075,20.2,,
0.0975,15,-44.0,0.0070,20.2,,
0.1060,16,-42.2,0.0075,20.2,,
0.1145,17,-40.0,0.0075,20.2,,
0.1230,18,-37.9,0.0075,20.2,,
0.1310,19,-35.7,0.0075,20.2,,
0.1395,20,-33.2,0.0075,20.2,,
0.1480,21,-30.9,0.0085,20.2,,
0.1555,22,-28.2,0.0070,20.2,,
0.1640,23,-25.6,0.0075,20.2,,
0.1725,24,-22.9,0.0075,20.2,,
0.1810,25,-19.9,0.0075,20.2,,
0.1895,26,-17.1,0.0075,20.2,,
0.1970,27,-14.6,0.0070,20.2,,
0.2055,28,-12.3,0.0075,20.2,,
0.2135,29,-10.0,0.0075,20.2,,
0.2220,30,-7.6,0.0075,20.2,,
0.2305,31,-5.5,0.0075,20.2,,
0.2390,32,-3.7,0.0075,20.2,,
0.2465,33,-2.3,0.0070,20.2,,
0.2550,34,-0.7,0.0075,20.2,,
0.2635,35,0.8,0.0075,20.2,,
0.2720,36,2.0,0.0075,20.2,,
0.2800,37,3.4,0.0075,20.2,,
0.2885,38,4.8,0.0075,20.2,,
0.2970,39,5.8,0.0085,20.2,,
0.3045,40,7.2,0.0070,20.2,,
0.3130,41,8.3,0.0075,20.2,,
0.3215,42,9.4,0.0075,20.2,,
0.3300,43,10.6,0.0075,20.2,,
0.3380,44,11.8,0.0075,20.2,,
0.3465,45,12.7,0.0085,20.2,,
0.3540,46,13.6,0.0070,20.2,,
0.3625,47,14.6,0.0075,20.2,,
0.3710,48,15.8,0.0075,20.2,,
0.3795,49,16.7,0.0075,20.2,,
0.3880,50,17.6,0.0075,20.2,,
0.3955,51,18.4,0.0070,20.2,,
0.4040,52,19.5,0.0075,20.2,,
0.4125,53,20.5,0.0075,20.2,,
0.4205,54,21.2,0.0075,20.2,,
0.4290,55,22.2,0.0075,20.2,,
0.4375,56,23.2,0.0075,20.2,,
0.4450,57,24.0,0.0070,20.2,,
0.4535,58,24.8,0.0075,20.2,,
0.4620,59,25.5,0.0075,20.2,,
0.4705,60,26.5,0.0075,20.2,,
0.4790,61,27.5,0.0075,20.2,,
0.4870,62,28.2,0.0075,20.2,,
0.4945,63,29.0,0.0070,20.2,,
0.5030,64,29.8,0.0075,20.2,,
0.5115,65,30.8,0.0075,20.2,,
0.5200,66,31.7,0.0075,20.2,,
0.5285,67,32.3,0.0075,20.2,,
0.5370,68,33.2,0.0075,20.2,,
0.5445,69,33.9,0.0070,20.2,,
0.5530,70,35.0,0.0075,20.2,,
0.5610,71,35.8,0.0075,20.2,,
0.5695,72,36.5,0.0075,20.2,,
0.5780,73,37.5,0.0075,20.2,,
0.5865,74,38.4,0.0075,20.2,,
0.5940,75,39.2,0.0070,20.2,,
0.6025,76,40.0,0.0075,20.2,,
0.6110,77,40.7,0.0075,20.2,,
0.6190,78,41.6,0.0075,20.2,,
0.6275,79,42.5,0.0075,20.2,,
0.6360,80,43.2,0.0075,20.2,,
0.6435,81,44.0,0.0070,20.2,,
0.6520,82,44.8,0.0075,20.2,,
0.6605,83,45.8,0.0075,20.2,,
0.6690,84,46.6,0.0075,20.2,,
0.6775,85,47.3,0.0075,20.2,,
0.6855,86,48.4,0.0075,20.2,,
0.6935,87,48.9,0.0075,20.2,,
0.7015,88,49.8,0.0075,20.2,,
0.7100,89,50.7,0.0075,20.2,,
0.7185,90,51.4,0.0075,20.2,,
0.7270,91,52.3,0.0075,20.2,,
0.7355,92,53.3,0.0075,20.2,,
0.7430,93,54.1,0.0075,20.2,,
0.7515,94,54.8,0.0075,20.2,,
0.7595,95,55.6,0.0075,20.2,,
0.7680,96,56.5,0.0075,20.2,,
0.7765,97,57.5,0.0075,20.2,,
0.7850,98,58.2,0.0075,20.2,,
0.7925,99,59.0,0.0075,20.2,,
0.8010,100,59.9,0.0075,20.2,,
0.8095,101,61.0,0.0075,20.2,,
0.8180,102,62.0,0.0075,20.2,,
0.8260,103,62.7,0.0075,20.2,,
0.8345,104,63.6,0.0075,20.2,,
0.8430,105,64.3,0.0085,20.2,,
0.8505,106,65.4,0.0070,20.2,,
0.8590,107,66.3,0.0075,20.2,,
0.8675,108,67.2,0.0075,20.2,,
0.8760,109,68.3,0.0075,20.2,,
0.8840,110,69.1,0.0075,20.2,,
0.8920,111,70.0,0.0075,20.2,,
0.9000,112,70.7,0.0075,20.2,,
0.9085,113,71.7,0.0075,20.2,,
0.9170,114,72.8,0.0075,20.2,,
0.9255,115,73.8,0.0075,20.2,,
0.9340,116,74.6,0.0075,20.2,,
0.9415,117,75.5,0.0070,20.2,,
0.9500,118,76.5,0.0075,20.2,,
0.9585,119,77.7,0.0075,20.2,,
0.9665,120,78.7,0.0075,20.2,,
0.9750,121,79.6,0.0075,20.2,,
0.9835,122,80.7,0.0075,20.2,,
0.9920,123,81.4,0.0085,20.2,,
0.9995,124,82.5,0.0070,20.2,,
1.0080,125,83.4,0.0075,20.2,,
1.0165,126,84.3,0.0075,20.2,,
1.0245,127,85.5,0.0075,20.2,,
1.0330,128,86.6,0.0075,20.2,,
1.0415,129,87.7,0.0085,20.2,,
1.0490,130,88.6,0.0070,20.2,,
1.0575,131,89.7,0.0075,20.2,,
1.0660,132,91.0,0.0075,20.2,,
1.0745,133,92.1,0.0075,20.2,,
1.0825,134,93.1,0.0075,20.2,,
1.0910,135,94.3,0.0085,20.2,,
1.0985,136,95.6,0.0070,20.2,,
1.1070,137,97.1,0.0075,20.2,,
1.1155,138,98.4,0.0075,20.2,,
1.1240,139,99.7,0.0075,20.2,,
1.1325,140,101.3,0.0075,20.3,,
1.1410,141,102.6,0.0075,20.3,,
1.1485,142,103.9,0.0070,20.3,,
1.1565,143,105.3,0.0075,20.3,,
1.1650,144,107.0,0.0075,20.3,,
1.1735,145,108.8,0.0075,20.3,,
1.1820,146,110.6,0.0075,20.3,,
1.1905,147,112.3,0.0085,20.3,,
1.1980,148,114.0,0.0070,20.3,,
1.2065,149,116.0,0.0075,20.3,,
1.2150,150,118.3,0.0075,20.3,,
1.2230,151,120.5,0.0075,20.3,,
1.2315,152,122.7,0.0075,20.3,,
1.2400,153,125.4,0.0075,20.3,,
1.2475,154,127.7,0.0070,20.3,,
1.2560,155,130.8,0.0075,20.3,,
1.2645,156,133.7,0.0075,20.3,,
1.2730,157,136.8,0.0075,20.3,,
1.2810,158,140.1,0.0075,20.3,,
1.2895,159,143.4,0.0075,20.3,,
1.2970,160,146.9,0.0070,20.3,,
1.3055,161,150.4,0.0075,20.3,,
1.3140,162,154.1,0.0075,20.3,,
1.3225,163,157.8,0.0075,20.3,,
1.3310,164,161.4,0.0075,20.3,,
1.3395,165,164.6,0.0075,20.3,,
1.3470,166,167.6,0.0070,20.3,,
1.3550,167,170.7,0.0075,20.3,,
1.3635,168,173.6,0.0075,20.3,,
1.3720,169,176.2,0.0075,20.3,,
1.3805,170,178.5,0.0075,20.3,,
1.3890,171,180.9,0.0075,20.3,,
1.3965,172,182.7,0.0070,20.3,,
1.4050,173,184.9,0.0075,20.3,,
1.4085,174,185.4,0.0070,20.3,,
1.4085,414,189.1,0.0000,20.4,,
1.4090,415,188.9,0.0010,20.4,,
1.4105,416,189.0,0.0025,20.4,,
1.4130,417,189.3,0.0040,20.4,,
1.4170,418,189.5,0.0055,20.4,,
1.4230,419,190.1,0.0085,20.4,,
1.4310,420,191.4,0.0115,20.4,,
1.4390,421,192.5,0.0135,20.4,,
1.4470,422,193.9,0.0135,20.4,,
1.4555,423,195.3,0.0140,20.4,,
1.4640,424,196.4,0.0120,20.4,,
1.4725,425,197.8,0.0120,20.4,,
1.4810,426,199.1,0.0120,20.4,,
1.4885,427,200.1,0.0125,20.4,,
1.4970,428,201.1,0.0140,20.4,,
1.5050,429,202.1,0.0135,20.4,,
1.5135,430,203.3,0.0120,20.4,,
1.5220,431,204.2,0.0120,20.4,,
1.5305,432,205.0,0.0120,20.4,,
1.5380,433,205.8,0.0125,20.4,,
1.5465,434,206.7,0.0140,20.4,,
1.5550,435,207.7,0.0140,20.4,,
1.5635,436,208.4,0.0120,20.4,,
1.5715,437,209.1,0.0115,20.4,,
1.5800,438,210.0,0.0120,20.4,,
1.5875,439,210.6,0.0125,20.4,,
1.5960,440,211.4,0.0140,20.4,,
1.6045,441,212.0,0.0140,20.4,,
1.6130,442,212.6,0.0120,20.4,,
1.6215,443,213.5,0.0120,20.4,,
1.6300,444,214.1,0.0120,20.4,,
1.6375,445,214.7,0.0125,20.4,,
1.6460,446,215.2,0.0140,20.4,,
1.6540,447,216.0,0.0135,20.4,,
1.6625,448,216.7,0.0120,20.4,,
1.6710,449,217.2,0.0120,20.4,,
1.6795,450,217.7,0.0120,20.4,,
1.6870,451,218.1,0.0125,20.4,,
1.6955,452,218.7,0.0140,20.4,,
1.7040,453,219.4,0.0140,20.4,,
1.7120,454,219.9,0.0115,20.4,,
1.7205,455,220.3,0.0120,20.4,,
1.7290,456,221.0,0.0120,20.4,,
1.7365,457,221.4,0.0125,20.4,,
1.7450,458,222.0,0.0140,20.4,,
1.7535,459,222.2,0.0140,20.4,,
1.7620,460,222.6,0.0120,20.4,,
1.7700,461,223.2,0.0115,20.4,,
1.7785,462,223.7,0.0120,20.4,,
1.7860,463,224.1,0.0125,20.4,,
1.7945,464,224.3,0.0140,20.4,,
1.8030,465,224.7,0.0140,20.4,,
1.8115,466,225.3,0.0120,20.4,,
1.8200,467,225.7,0.0120,20.4,,
1.8285,468,226.0,0.0120,20.4,,
1.8360,469,226.4,0.0125,20.4,,
1.8440,470,226.8,0.0135,20.4,,
1.8525,471,227.4,0.0140,20.4,,
1.8610,472,227.8,0.0120,20.4,,
1.8695,473,228.0,0.0120,20.4,,
1.8780,474,228.5,0.0120,20.4,,
1.8865,475,229.0,0.0120,20.4,,
1.8940,476,229.3,0.0125,20.4,,
1.9020,477,229.5,0.0135,20.4,,
1.9105,478,229.8,0.0140,20.4,,
1.9190,479,230.2,0.0120,20.4,,
1.9275,480,230.6,0.0120,20.4,,
1.9360,481,230.8,0.0120,20.4,,
1.9435,482,231.1,0.0125,20.4,,
1.9520,483,231.4,0.0140,20.4,,
1.9600,484,231.8,0.0135,20.4,,
1.9685,485,232.3,0.0120,20.4,,
1.9770,486,232.4,0.0120,20.4,,
1.9855,487,232.8,0.0120,20.4,,
1.9930,488,233.0,0.0125,20.4,,
2.0015,489,233.5,0.0140,20.4,,
2.0095,490,233.8,0.0135,20.4,,
2.0175,491,234.0,0.0115,20.4,,
2.0235,492,234.3,0.0085,20.4,,
2.0255,493,234.6,0.0030,20.4,,
2.0265,494,234.6,0.0015,20.4,,
2.0270,495,234.6,0.0010,20.4,,
2.0275,496,234.4,0.0010,20.4,,
2.0280,497,234.5,0.0005,20.4,,
2.0290,498,234.7,0.0015,20.4,,
2.0305,499,234.6,0.0020,20.4,,
2.0320,500,234.6,0.0025,20.4,,
2.0340,501,234.6,0.0035,20.4,,
2.0360,502,234.8,0.0035,20.4,,
2.0365,503,235.0,0.0005,20.4,,
2.0365,,235.0,,,EP,
2.0370,503,235.1,-0.0025,20.4,,
SystemInternal9/2/2026 4:14:41 PM,,,,,,1/1
